MATCHID,INNINGSNO,OVERNO,BALL_NO,PLAYEROUT,FIELDER,OUTTYPE
MATCH_2502,1,1,6,SR Taylor,,lbw
MATCH_2502,1,2,2,AD Hales,,bowled
MATCH_2502,1,13,1,Saif Hassan,Farmanullah,caught
MATCH_2502,1,15,3,Iftikhar Ahmed,Tanzid Hasan,caught
MATCH_2502,1,18,3,Nurul Hasan,SS Eskinazi,caught
MATCH_2502,1,18,4,Mohammad Saifuddin,Alauddin Babu,caught
MATCH_2502,2,7,4,Tanzid Hasan,Saif Hassan,caught
MATCH_2502,2,7,6,Habibur Rahman,SR Taylor,caught
MATCH_2502,2,9,1,Liton Das,AD Hales,caught
MATCH_2502,2,9,5,Farmanullah,,bowled
MATCH_2502,2,11,7,NLTC Perera,Saif Hassan,caught
MATCH_2502,2,12,5,Alauddin Babu,,caught and bowled
MATCH_2502,2,13,7,Amir Hamza,,stumped
MATCH_2502,2,14,6,SS Eskinazi,,lbw
MATCH_2502,2,18,1,Mukidul Islam,AD Hales,caught
