MATCHID,INNINGSNO,OVERNO,BALL_NO,PLAYEROUT,FIELDER,OUTTYPE
2517,1,2,4,RRS Cornwall,,bowled
2517,1,4,2,HG Munsey,,bowled
2517,1,14,3,Rony Talukdar,Ziaur Rahman,caught
2517,1,16,3,Aaron Jones,Mahidul Islam Ankon,caught
2517,1,16,4,Jaker Ali,,bowled
2517,2,3,1,Mohammad Naim,,bowled
2517,2,4,1,Imrul Kayes,Rony Talukdar,caught
2517,2,5,7,Darwish Rasooli,,caught and bowled
2517,2,11,3,Mehedi Hasan Miraz,Ariful Haque,caught
2517,2,13,2,WG Bosisto,Aaron Jones,caught
2517,2,16,1,Mohammad Nawaz,Zakir Hasan,caught
2517,2,17,3,Ziaur Rahman,RJW Topley,run out
2517,2,19,4,Abu Hider,Tanzim Hasan Sakib,caught
2517,2,19,5,Mahidul Islam Ankon,Ruyel Miah,run out
