MATCHID,INNINGSNO,OVERNO,BALL_NO,PLAYEROUT,FIELDER,OUTTYPE
2506,1,3,2,Nazmul Hossain Shanto,Azizul Hakim,caught
2506,1,4,6,Towhid Hridoy,Nahid Rana,caught
2506,1,5,5,Tamim Iqbal,,bowled
2506,1,10,4,Mushfiqur Rahim,,lbw
2506,1,11,1,KR Mayers,Kamrul Islam Rabbi,caught
2506,1,11,5,Faheem Ashraf,,lbw
2506,1,13,3,Mahmudullah,,bowled
2506,1,14,7,Shaheen Shah Afridi,,bowled
2506,1,16,5,Tanvir Islam,Iftikhar Ahmed,caught
2506,1,18,3,Mohammad Nabi,Nurul Hasan,run out
2506,2,1,2,Azizul Hakim,Mohammad Nabi,caught
2506,2,1,5,Towfiq Khan,Tanvir Islam,caught
