MATCHID,INNINGSNO,OVERNO,BALL_NO,PLAYEROUT,FIELDER,OUTTYPE
2518,1,19,3,Tanzid Hasan,Sohag Gazi,caught
2518,2,0,6,Mohammad Haris,Liton Das,caught
2518,2,1,4,Anamul Haque,Liton Das,caught
2518,2,3,3,Sabbir Hossain,Sabbir Rahman,caught
2518,2,4,2,Akbar Ali,,bowled
2518,2,6,3,SM Meherob,,bowled
2518,2,9,4,Yasir Ali Chowdhury,Munim Shahriar,caught
2518,2,9,5,Sohag Gazi,,lbw
2518,2,13,2,Sunzamul Islam,,bowled
2518,2,14,5,Taskin Ahmed,Tanzid Hasan,caught
2518,2,15,2,Shafiul Islam,"Tanzid Hasan, Mukidul Islam",run out
