MATCHID,INNINGSNO,OVERNO,BALL_NO,PLAYEROUT,FIELDER,OUTTYPE
2525,1,2,2,Usman Khan,Faheem Ashraf,caught
2525,1,2,6,G Clark,Towhid Hridoy,caught
2525,1,3,2,Parvez Hossain Emon,Mushfiqur Rahim,caught
2525,1,3,6,Haider Ali,Mushfiqur Rahim,caught
2525,1,5,3,Shamim Hossain,Mushfiqur Rahim,caught
2525,1,8,4,Al Islam,,bowled
2525,1,14,5,Mohammad Mithun,Mahmudullah,caught
2525,1,18,1,Khaled Ahmed,,bowled
2525,2,3,2,Tamim Iqbal,Usman Khan,run out
2525,2,4,1,Towhid Hridoy,Parvez Hossain Emon,caught
2525,2,6,4,Mushfiqur Rahim,Shoriful Islam,caught
2525,2,9,3,Mahmudullah,G Clark,caught
