MATCHID,INNINGSNO,OVERNO,BALL_NO,PLAYEROUT,FIELDER,OUTTYPE
2523,1,3,1,Mohammad Haris,RJW Topley,caught
2523,1,7,1,Jishan Alam,Rony Talukdar,caught
2523,1,9,6,Anamul Haque,HG Munsey,caught
2523,1,13,6,Yasir Ali Chowdhury,Ariful Haque,caught
2523,1,15,7,RP Burl,Ariful Haque,caught
2523,1,17,3,M Deyal,,lbw
2523,1,19,7,Mrittunjoy Chowdhury,Nihaduzzaman,caught
2523,2,0,6,PR Stirling,Taskin Ahmed,caught
2523,2,2,3,Rony Talukdar,,bowled
2523,2,9,3,Zakir Hasan,Anamul Haque,caught
2523,2,10,2,HG Munsey,,caught and bowled
2523,2,11,4,Aaron Jones,,bowled
2523,2,12,3,Nahidul Islam,Akbar Ali,caught
2523,2,14,6,Ariful Haque,Anamul Haque,caught
2523,2,15,6,Nihaduzzaman,Yasir Ali Chowdhury,caught
2523,2,16,4,Jaker Ali,Anamul Haque,caught
2523,2,17,3,RJW Topley,,bowled
