MATCHID,INNINGSNO,OVERNO,BALL_NO,PLAYEROUT,FIELDER,OUTTYPE
2538,1,2,1,Liton Das,,bowled
2538,1,2,5,Riaz Hassan,,lbw
2538,1,5,1,Tanzid Hasan,JK Fuller,caught
2538,1,7,2,Sabbir Rahman,Towhid Hridoy,caught
2538,1,8,6,Mosaddek Hossain,Mushfiqur Rahim,stumped
2538,1,10,1,JP Kotze,Mushfiqur Rahim,stumped
2538,1,10,3,Nazmul Islam,,lbw
2538,1,12,6,RR Beaton,,bowled
2538,1,14,2,Mustafizur Rahman,Mushfiqur Rahim,caught
2538,1,15,3,NLTC Perera,Mushfiqur Rahim,caught
2538,2,2,2,Towhid Hridoy,JP Kotze,caught
