MATCHID,INNINGSNO,OVERNO,BALL_NO,PLAYEROUT,FIELDER,OUTTYPE
2540,1,0,6,Parvez Hossain Emon,,lbw
2540,1,2,3,G Clark,Aaron Jones,caught
2540,1,10,4,Khawaja Nafay,Sajjadul Haque,caught
2540,1,12,6,Haider Ali,Zawad Abrar,caught
2540,1,13,6,Mohammad Mithun,Aaron Jones,caught
2540,1,14,5,Rahatul Ferdous,Aaron Jones,caught
2540,1,19,5,Shamim Hossain,Samiullah Shenwari,caught
2540,1,19,6,Shoriful Islam,Zawad Abrar,caught
2540,2,1,3,Zawad Abrar,,bowled
2540,2,4,6,Zakir Hasan,,caught and bowled
2540,2,5,1,Rony Talukdar,,bowled
2540,2,8,2,Aaron Jones,Shamim Hossain,caught
2540,2,10,6,Nahidul Islam,Shoriful Islam,caught
2540,2,12,2,Jaker Ali,Khawaja Nafay,caught
2540,2,12,4,Tanzim Hasan Sakib,Mohammad Mithun,caught
2540,2,14,2,Ariful Haque,Haider Ali,caught
2540,2,14,3,Ruyel Miah,Rahatul Ferdous,caught
2540,2,15,2,Sumon Khan,Shoriful Islam,run out
