MATCHID,INNINGSNO,OVERNO,BALL_NO,PLAYEROUT,FIELDER,OUTTYPE
2533,1,1,4,HG Munsey,Taijul Islam,caught
2533,1,2,5,Zakir Hasan,Rishad Hossain,caught
2533,1,5,3,Rony Talukdar,Mohammad Nabi,caught
2533,1,5,5,K Alleyne,Mahmudullah,caught
2533,1,7,4,Nahidul Islam,,bowled
2533,1,11,6,Ahsan Bhatti,Mahmudullah,caught
2533,1,13,5,Jaker Ali,Mohammad Nabi,caught
2533,1,15,4,Tanzim Hasan Sakib,,lbw
2533,1,16,5,Ariful Haque,Towhid Hridoy,caught
2533,1,18,1,Sumon Khan,,bowled
2533,2,2,5,Towhid Hridoy,Ariful Haque,caught
2533,2,5,6,DJ Malan,Ahsan Bhatti,caught
