MATCHID,INNINGSNO,OVERNO,BALL_NO,PLAYEROUT,FIELDER,OUTTYPE
2520,1,2,2,SR Taylor,,bowled
2520,1,5,3,Saif Hassan,,bowled
2520,1,10,3,Towfiq Khan,Mohammad Nawaz,caught
2520,1,19,6,Iftikhar Ahmed,,lbw
2520,1,19,7,Nurul Hasan,"Mahidul Islam Ankon, Abu Hider",run out
2520,2,3,6,Darwish Rasooli,,bowled
2520,2,11,1,Mehedi Hasan Miraz,Akif Javed,caught
2520,2,14,5,Mohammad Naim,,caught and bowled
2520,2,17,1,Afif Hossain,,lbw
2520,2,18,2,Mahidul Islam Ankon,,bowled
2520,2,18,6,Imrul Kayes,Iftikhar Ahmed,caught
2520,2,19,4,Mohammad Nawaz,Saif Hassan,run out
2520,2,19,5,Nasum Ahmed,"Nurul Hasan, Mohammad Saifuddin",run out
2520,2,19,6,Abu Hider,SR Taylor,caught
