MATCHID,INNINGSNO,OVERNO,BALL_NO,PLAYEROUT,FIELDER,OUTTYPE
2539,1,3,5,Mehedi Hasan Miraz,Akif Javed,caught
2539,1,7,2,AI Ross,Mahedi Hasan,run out
2539,1,14,5,WG Bosisto,Mohammad Saifuddin,caught
2539,1,19,4,Mahidul Islam Ankon,Soumya Sarkar,caught
2539,2,1,5,Towfiq Khan,,lbw
2539,2,4,6,Saif Hassan,Mohammad Nawaz,run out
2539,2,8,4,Iftikhar Ahmed,Mohammad Naim,caught
2539,2,12,3,Mahedi Hasan,Mehedi Hasan Miraz,caught
2539,2,12,5,Nurul Hasan,Mohammad Naim,caught
2539,2,16,5,Mohammad Saifuddin,Mohammad Naim,caught
2539,2,16,6,Azizul Hakim,Abu Hider,caught
2539,2,18,3,Rakibul Hasan,Mahidul Islam Ankon,run out
2539,2,19,2,Soumya Sarkar,,bowled
