MATCHID,INNINGSNO,OVERNO,BALL_NO,PLAYEROUT,FIELDER,OUTTYPE
2545,1,2,2,Mehedi Hasan Miraz,,bowled
2545,1,3,2,AI Ross,,caught and bowled
2545,1,7,1,Mohammad Naim,,bowled
2545,1,8,5,Afif Hossain,Shamim Hossain,caught
2545,1,17,1,Mahidul Islam Ankon,Shamim Hossain,caught
2545,1,18,7,SO Hetmyer,Shoriful Islam,caught
2545,2,1,6,Parvez Hossain Emon,Mohammad Nawaz,caught
2545,2,4,1,G Clark,,bowled
2545,2,12,1,Hussain Talat,AI Ross,caught
2545,2,14,1,Shamim Hossain,Hasan Mahmud,caught
2545,2,15,1,Khawaja Nafay,,bowled
2545,2,15,3,Khaled Ahmed,Mehedi Hasan Miraz,caught
2545,2,16,7,Mohammad Mithun,Afif Hossain,caught
2545,2,19,5,Shoriful Islam,JO Holder,caught
