MATCHID,INNINGSNO,OVERNO,BALL_NO,PLAYEROUT,FIELDER,OUTTYPE
2508,1,4,5,Mohammad Naim,Shahadat Hossain,caught
2508,1,5,1,Afif Hossain,,lbw
2508,1,6,3,Ibrahim Zadran,,stumped
2508,1,9,2,Mehedi Hasan Miraz,Alauddin Babu,caught
2508,1,11,2,Mohammad Nawaz,NLTC Perera,caught
2508,1,12,4,WG Bosisto,Shubham Ranjane,caught
2508,1,17,3,Ziaur Rahman,Tanzid Hasan,caught
2508,1,18,2,Mahidul Islam Ankon,Tanzid Hasan,caught
2508,2,2,1,Liton Das,Ibrahim Zadran,caught
2508,2,2,2,SS Eskinazi,WG Bosisto,caught
2508,2,3,6,Tanzid Hasan,Ibrahim Zadran,caught
2508,2,5,1,Shahadat Hossain,Nasum Ahmed,caught
2508,2,8,5,Shubham Ranjane,,lbw
2508,2,9,3,Alauddin Babu,Mahidul Islam Ankon,caught
