MATCHID,INNINGSNO,OVERNO,BALL_NO,PLAYEROUT,FIELDER,OUTTYPE
2521,1,4,4,Liton Das,Mushfiqur Rahim,caught
2521,1,5,3,Munim Shahriar,Mahmudullah,caught
2521,1,7,5,JP Kotze,Faheem Ashraf,caught
2521,1,11,4,Sabbir Rahman,DJ Malan,caught
2521,1,11,6,NLTC Perera,Nazmul Hossain Shanto,caught
2521,1,15,3,Mosaddek Hossain,DJ Malan,caught
2521,1,16,5,Tanzid Hasan,Mushfiqur Rahim,caught
2521,1,16,6,PC de Silva,"Mushfiqur Rahim, R Mondol",run out
2521,1,18,5,Abu Jayed,"Mushfiqur Rahim, Mahmudullah",run out
2521,1,19,3,Farmanullah,Mahmudullah,caught
2521,2,1,4,Nazmul Hossain Shanto,Tanzid Hasan,caught
2521,2,14,6,Tamim Iqbal,,bowled
