MATCHID,INNINGSNO,OVERNO,BALL_NO,PLAYEROUT,FIELDER,OUTTYPE
2512,1,0,3,Rony Talukdar,Tamim Iqbal,caught
2512,1,4,2,RRS Cornwall,Mahmudullah,caught
2512,1,8,1,HG Munsey,,caught
2512,1,8,3,Aaron Jones,,caught
2512,1,9,3,Zakir Hasan,Faheem Ashraf,caught
2512,1,10,2,Jaker Ali,,bowled
2512,1,11,5,Tanzim Hasan Sakib,Mahmudullah,caught
2512,1,13,5,Ruyel Miah,,bowled
2512,1,18,1,Ariful Haque,,caught and bowled
2512,1,18,2,Al-Amin Hossain,Rishad Hossain,caught
2512,2,0,1,Tamim Iqbal,Zakir Hasan,caught
2512,2,1,5,Nazmul Hossain Shanto,Zakir Hasan,caught
2512,2,10,3,Towhid Hridoy,,bowled
