MATCHID,INNINGSNO,OVERNO,BALL_NO,PLAYEROUT,FIELDER,OUTTYPE
2516,1,0,5,Tanzid Hasan,Jaker Ali,caught
2516,1,15,3,Liton Das,,lbw
2516,1,15,5,Munim Shahriar,,stumped
2516,1,18,4,Sabbir Rahman,Nahidul Islam,caught
2516,1,19,1,NLTC Perera,Aaron Jones,caught
2516,1,19,5,Mosaddek Hossain,"Zakir Hasan, Al-Amin Hossain",run out
2516,2,0,1,RRS Cornwall,,lbw
2516,2,1,7,HG Munsey,Sabbir Rahman,caught
2516,2,4,1,Aaron Jones,Mustafizur Rahman,caught
2516,2,8,2,Nahidul Islam,Sabbir Rahman,caught
2516,2,9,3,Zakir Hasan,NLTC Perera,caught
2516,2,14,5,Rony Talukdar,,bowled
2516,2,15,1,Jaker Ali,Mosaddek Hossain,caught
