MATCHID,INNINGSNO,OVERNO,BALL_NO,PLAYEROUT,FIELDER,OUTTYPE
2524,1,2,4,Towfiq Khan,Mohammad Wasim,caught
2524,1,9,4,Saif Hassan,,lbw
2524,1,10,3,SR Taylor,,caught and bowled
2524,1,11,1,Iftikhar Ahmed,Mohammad Mithun,stumped
2524,1,15,6,Nurul Hasan,Khawaja Nafay,caught
2524,1,17,7,Khushdil Shah,,caught and bowled
2524,1,19,3,Mahedi Hasan,Arafat Sunny,caught
2524,2,0,1,Usman Khan,Akif Javed,caught
2524,2,4,6,Parvez Hossain Emon,Nurul Hasan,caught
2524,2,6,2,Mohammad Mithun,,bowled
2524,2,6,5,G Clark,Mahedi Hasan,caught
2524,2,14,4,Naeem Islam,,lbw
2524,2,16,3,Mohammad Wasim,,bowled
2524,2,17,2,Shamim Hossain,Rakibul Hasan,caught
2524,2,19,1,Al Islam,Nurul Hasan,caught
