MATCHID,INNINGSNO,OVERNO,BALL_NO,PLAYEROUT,FIELDER,OUTTYPE
2511,1,3,1,Habibur Rahman,,bowled
2511,1,5,6,JJ Roy,,bowled
2511,1,6,5,Tanzid Hasan,,bowled
2511,1,8,5,Sabbir Rahman,Kamrul Islam Rabbi,caught
2511,1,8,6,NLTC Perera,Iftikhar Ahmed,caught
2511,1,9,6,Liton Das,Azizul Hakim,caught
2511,1,12,6,Mosaddek Hossain,Nurul Hasan,caught
2511,1,13,6,Amir Hamza,Akif Javed,caught
2511,1,15,3,Alauddin Babu,AD Hales,caught
2511,1,16,3,Mustafizur Rahman,Nurul Hasan,caught
2511,2,3,4,Azizul Hakim,JJ Roy,caught
2511,2,8,4,AD Hales,Sabbir Rahman,caught
2511,2,9,5,Saif Hassan,Habibur Rahman,caught
