MATCHID,INNINGSNO,OVERNO,BALL_NO,PLAYEROUT,FIELDER,OUTTYPE
2519,1,3,6,Parvez Hossain Emon,Nihaduzzaman,caught
2519,1,10,3,Usman Khan,Tanzim Hasan Sakib,caught
2519,1,15,3,G Clark,Ariful Haque,caught
2519,1,17,3,Mohammad Mithun,Rony Talukdar,caught
2519,1,18,4,Shamim Hossain,Ruyel Miah,caught
2519,1,19,2,Mohammad Wasim,Ruyel Miah,run out
2519,2,0,2,PR Stirling,Shamim Hossain,caught
2519,2,4,2,Zakir Hasan,Shoriful Islam,caught
2519,2,5,2,Rony Talukdar,Mohammad Mithun,caught
2519,2,10,4,Aaron Jones,,lbw
2519,2,14,7,HG Munsey,Usman Khan,caught
2519,2,16,5,Ariful Haque,Usman Khan,caught
2519,2,17,3,Tanzim Hasan Sakib,Mohammad Mithun,caught
2519,2,18,3,Nahidul Islam,Shamim Hossain,caught
