MATCHID,INNINGSNO,OVERNO,BALL_NO,PLAYEROUT,FIELDER,OUTTYPE
2541,1,2,4,Liton Das,Musfik Hasan,caught
2541,1,5,2,Habibur Rahman,Mahidul Islam Ankon,caught
2541,1,12,1,Farmanullah,Ziaur Rahman,caught
2541,1,12,6,Tanzid Hasan,Ziaur Rahman,caught
2541,1,13,3,NLTC Perera,Mohammad Nawaz,caught
2541,1,15,6,Riaz Hassan,Mehedi Hasan Miraz,caught
2541,1,16,3,Rahmat Ali,Mahidul Islam Ankon,caught
2541,1,18,7,Sabbir Rahman,Nasum Ahmed,caught
2541,1,19,1,Mehedi Hasan Rana,,caught and bowled
2541,2,0,7,Mohammad Naim,Habibur Rahman,caught
2541,2,2,5,Afif Hossain,Rahmat Ali,caught
2541,2,9,5,AI Ross,Sabbir Rahman,caught
2541,2,15,6,WG Bosisto,Liton Das,caught
