MATCHID,INNINGSNO,OVERNO,BALL_NO,PLAYEROUT,FIELDER,OUTTYPE
2534,1,2,1,Jishan Alam,,bowled
2534,1,4,1,Sabbir Hossain,Nurul Hasan,stumped
2534,1,6,4,Mrittunjoy Chowdhury,Mahedi Hasan,caught
2534,1,7,4,Anamul Haque,Nurul Hasan,run out
2534,1,8,1,SM Meherob,Mohammad Saifuddin,caught
2534,1,9,5,Yasir Ali Chowdhury,Nurul Hasan,caught
2534,1,12,4,Mizanur Rahman,,lbw
2534,1,14,4,Akbar Ali,Iftikhar Ahmed,caught
2534,1,17,6,Taskin Ahmed,SR Taylor,caught
2534,2,0,4,SR Taylor,Akbar Ali,caught
2534,2,1,7,Saif Hassan,Akbar Ali,caught
2534,2,5,3,Soumya Sarkar,Akbar Ali,caught
2534,2,5,6,Mahedi Hasan,Akbar Ali,caught
2534,2,7,2,Nurul Hasan,Sabbir Hossain,caught
2534,2,8,3,Iftikhar Ahmed,Yasir Ali Chowdhury,caught
2534,2,12,4,Khushdil Shah,,bowled
2534,2,18,4,Rakibul Hasan,,lbw
