MATCHID,INNINGSNO,OVERNO,BALL_NO,PLAYEROUT,FIELDER,OUTTYPE
2536,1,3,1,Ariful Haque,SM Meherob,caught
2536,1,3,4,Samiullah Shenwari,Akbar Ali,caught
2536,1,4,4,Sajjadul Haque,Taskin Ahmed,caught
2536,1,11,1,Jaker Ali,Sabbir Hossain,caught
2536,1,11,5,Zakir Hasan,RP Burl,caught
2536,1,13,2,K Alleyne,Akbar Ali,stumped
2536,1,15,3,Tanzim Hasan Sakib,,caught and bowled
2536,1,16,1,JL Jaggesar,,bowled
2536,1,19,5,Ahsan Bhatti,Sunzamul Islam,caught
2536,2,0,6,Sabbir Hossain,Ariful Haque,caught
2536,2,1,6,Jishan Alam,Ariful Haque,caught
2536,2,2,5,Anamul Haque,Zakir Hasan,caught
2536,2,3,6,Yasir Ali Chowdhury,K Alleyne,caught
2536,2,14,2,Akbar Ali,Ruyel Miah,caught
