MATCHID,INNINGSNO,OVERNO,BALL_NO,PLAYEROUT,FIELDER,OUTTYPE
2513,1,10,1,Nazmul Hossain Shanto,Khushdil Shah,caught
2513,1,10,6,Tamim Iqbal,AD Hales,caught
2513,1,16,5,Towhid Hridoy,Mohammad Saifuddin,caught
2513,1,17,5,Mahmudullah,Saif Hassan,caught
2513,1,19,2,Faheem Ashraf,"Nurul Hasan, Mohammad Saifuddin",run out
2513,2,1,1,AD Hales,,stumped
2513,2,6,6,Saif Hassan,Rishad Hossain,caught
2513,2,8,6,Towfiq Khan,,caught and bowled
2513,2,17,5,Iftikhar Ahmed,Nazmul Hossain Shanto,caught
2513,2,18,3,Khushdil Shah,Mahmudullah,caught
2513,2,18,4,Mahedi Hasan,,obstructing the field
2513,2,18,6,Mohammad Saifuddin,Nayeem Hasan,caught
