MATCHID,INNINGSNO,OVERNO,BALL_NO,PLAYEROUT,FIELDER,OUTTYPE
2527,1,3,5,Tanzid Hasan,Ariful Haque,caught
2527,1,6,3,JP Kotze,Jaker Ali,caught
2527,1,8,1,Mosaddek Hossain,Aaron Jones,caught
2527,1,14,3,Sabbir Rahman,,bowled
2527,1,18,8,Liton Das,Sumon Khan,caught
2527,1,19,2,NLTC Perera,Ariful Haque,caught
2527,2,1,5,HG Munsey,,bowled
2527,2,4,3,Zakir Hasan,Mosaddek Hossain,caught
2527,2,13,5,Aaron Jones,,caught and bowled
2527,2,15,3,Rony Talukdar,,bowled
2527,2,18,4,Jaker Ali,NLTC Perera,caught
2527,2,19,5,Ariful Haque,,caught and bowled
2527,2,19,6,Samiullah Shenwari,JP Kotze,run out
