MATCHID,INNINGSNO,OVERNO,BALL_NO,PLAYEROUT,FIELDER,OUTTYPE
2542,1,6,5,Khawaja Nafay,Towhid Hridoy,caught
2542,1,12,6,Parvez Hossain Emon,JK Fuller,caught
2542,1,13,6,G Clark,,bowled
2542,1,16,5,Mohammad Mithun,Tamim Iqbal,caught
2542,2,0,6,Tamim Iqbal,Khawaja Nafay,caught
2542,2,4,3,Towhid Hridoy,Al Islam,caught
2542,2,9,4,Mushfiqur Rahim,,caught and bowled
2542,2,13,6,DJ Malan,G Clark,caught
2542,2,14,4,Mohammad Nabi,Shamim Hossain,caught
2542,2,17,4,Rishad Hossain,Shamim Hossain,run out
2542,2,19,4,JK Fuller,Shoriful Islam,caught
