MATCHID,INNINGSNO,OVERNO,BALL_NO,PLAYEROUT,FIELDER,OUTTYPE
2507,1,0,3,Parvez Hossain Emon,Sabbir Hossain,caught
2507,1,10,5,G Clark,Hasan Murad,caught
2507,1,15,6,Mohammad Mithun,Mohammad Haris,caught
2507,1,17,1,Shamim Hossain,Hasan Murad,caught
2507,1,18,1,Usman Khan,Hasan Murad,caught
2507,2,0,6,Sabbir Hossain,Usman Khan,caught
2507,2,4,1,Anamul Haque,Parvez Hossain Emon,caught
2507,2,5,1,Mohammad Haris,Mohammad Mithun,caught
2507,2,8,3,Akbar Ali,Haider Ali,caught
2507,2,10,3,Yasir Ali Chowdhury,G Clark,caught
2507,2,11,1,RP Burl,Al Islam,caught
2507,2,12,6,Taskin Ahmed,TL O'Connell,caught
2507,2,14,5,Shafiul Islam,Arafat Sunny,caught
2507,2,16,1,Hasan Murad,,lbw
2507,2,17,1,Sohag Gazi,,lbw
