MATCHID,INNINGSNO,OVERNO,BALL_NO,PLAYEROUT,FIELDER,OUTTYPE
2515,1,5,3,Mohammad Haris,,bowled
2515,1,7,2,Anamul Haque,Imrul Kayes,caught
2515,1,8,5,SM Meherob,,bowled
2515,1,9,5,Jishan Alam,Mohammad Naim,caught
2515,1,18,2,Yasir Ali Chowdhury,,bowled
2515,2,0,5,WG Bosisto,Taskin Ahmed,caught
2515,2,3,4,Mehedi Hasan Miraz,Shafiul Islam,caught
2515,2,10,3,Mohammad Naim,Hasan Murad,caught
2515,2,12,6,Afif Hossain,Jishan Alam,caught
2515,2,13,4,Mahidul Islam Ankon,Mohammad Haris,caught
2515,2,14,6,Imrul Kayes,Mohammad Haris,caught
2515,2,15,1,Abu Hider,Mohammad Haris,caught
2515,2,16,7,Mohammad Nawaz,,caught and bowled
2515,2,18,4,Nasum Ahmed,Anamul Haque,caught
2515,2,19,4,Salman Irshad,Yasir Ali Chowdhury,caught
