MATCHID,INNINGSNO,OVERNO,BALL_NO,PLAYEROUT,FIELDER,OUTTYPE
MATCH_2504,1,3,2,AD Hales,Ariful Haque,caught
MATCH_2504,1,4,4,Saif Hassan,Rony Talukdar,caught
MATCH_2504,1,4,6,SR Taylor,Jaker Ali,caught
MATCH_2504,1,11,2,Khushdil Shah,HG Munsey,caught
MATCH_2504,1,18,1,Nurul Hasan,Ariful Haque,caught
MATCH_2504,1,19,5,Mahedi Hasan,Ariful Haque,caught
MATCH_2504,2,1,1,HG Munsey,,bowled
MATCH_2504,2,4,1,Zakir Hasan,,bowled
MATCH_2504,2,4,6,PR Stirling,AD Hales,caught
MATCH_2504,2,14,1,Rony Talukdar,,bowled
MATCH_2504,2,14,2,Ariful Haque,,stumped
MATCH_2504,2,15,2,Jaker Ali,,caught and bowled
MATCH_2504,2,16,3,Tanzim Hasan Sakib,AD Hales,caught
MATCH_2504,2,16,6,Nihaduzzaman,Nahid Rana,caught
MATCH_2504,2,17,6,Samiullah Shenwari,Saif Hassan,caught
