MATCHID,INNINGSNO,OVERNO,BALL_NO,PLAYEROUT,FIELDER,OUTTYPE
2530,1,0,2,Tamim Iqbal,,lbw
2530,1,0,3,DJ Malan,,bowled
2530,1,2,3,Mushfiqur Rahim,Mahidul Islam Ankon,run out
2530,1,9,6,Towhid Hridoy,Nasum Ahmed,caught
2530,1,10,1,Mohammad Nabi,Mahidul Islam Ankon,caught
2530,1,12,6,Faheem Ashraf,Mahmudul Hasan Joy,caught
2530,1,17,4,Mahmudullah,Aamer Jamal,caught
2530,1,18,5,Jahandad Khan,AI Ross,caught
2530,1,19,5,Rishad Hossain,Afif Hossain,run out
2530,2,1,5,Imrul Kayes,Tamim Iqbal,caught
2530,2,10,2,Mehedi Hasan Miraz,Towhid Hridoy,caught
2530,2,13,1,AI Ross,Towhid Hridoy,caught
2530,2,17,2,Afif Hossain,Mushfiqur Rahim,caught
2530,2,17,5,Mahidul Islam Ankon,Mushfiqur Rahim,run out
2530,2,19,4,Mohammad Naim,DJ Malan,caught
