MATCHID,INNINGSNO,OVERNO,BALL_NO,PLAYEROUT,FIELDER,OUTTYPE
2505,1,1,2,Liton Das,Yasir Ali Chowdhury,caught
2505,1,3,2,Tanzid Hasan,Akbar Ali,caught
2505,1,10,5,SS Eskinazi,,bowled
2505,1,14,3,NLTC Perera,Yasir Ali Chowdhury,caught
2505,1,16,1,Shahadat Hossain,RP Burl,caught
2505,1,16,5,PC de Silva,Akbar Ali,caught
2505,1,19,2,Alauddin Babu,RP Burl,caught
2505,1,19,3,Mukidul Islam,,bowled
2505,1,19,5,Shubham Ranjane,Mohammad Haris,caught
2505,2,0,6,Mohammad Haris,SS Eskinazi,caught
2505,2,3,5,Jishan Alam,NLTC Perera,caught
2505,2,9,1,Yasir Ali Chowdhury,Tanzid Hasan,caught
