MATCHID,INNINGSNO,OVERNO,BALL_NO,PLAYEROUT,FIELDER,OUTTYPE
2522,1,2,2,Usman Khan,Mahidul Islam Ankon,caught
2522,1,12,4,Parvez Hossain Emon,Afif Hossain,caught
2522,1,15,6,G Clark,Mohammad Nawaz,caught
2522,1,16,2,Shamim Hossain,Mahmudul Hasan Joy,caught
2522,1,16,6,Haider Ali,Hasan Mahmud,caught
2522,1,18,3,Mohammad Wasim,Mohammad Naim,caught
2522,1,18,6,Shoriful Islam,Darwish Rasooli,caught
2522,2,1,4,DP Sibley,Mohammad Wasim,caught
2522,2,3,3,Mehedi Hasan Miraz,Mohammad Mithun,caught
2522,2,4,5,Mohammad Naim,Arafat Sunny,caught
2522,2,7,5,Afif Hossain,Khaled Ahmed,caught
2522,2,8,3,Mahfuzur Rahman Rabby,,bowled
2522,2,14,1,Darwish Rasooli,Mohammad Wasim,caught
2522,2,15,6,Mohammad Nawaz,Haider Ali,caught
2522,2,16,3,Abu Hider,,bowled
2522,2,18,3,Mahidul Islam Ankon,Haider Ali,caught
