MATCHID,INNINGSNO,OVERNO,BALL_NO,PLAYEROUT,FIELDER,OUTTYPE
2532,1,0,6,Rony Talukdar,Aamer Jamal,caught
2532,1,7,4,HG Munsey,,bowled
2532,1,9,4,K Alleyne,Mehedi Hasan Miraz,caught
2532,1,13,6,Jaker Ali,Mahmudul Hasan Joy,caught
2532,1,14,5,Zakir Hasan,,bowled
2532,1,15,5,Ariful Haque,,lbw
2532,1,18,3,Samiullah Shenwari,Mehedi Hasan Miraz,caught
2532,1,19,3,Nihaduzzaman,WG Bosisto,caught
2532,1,19,5,Sumon Khan,Mehedi Hasan Miraz,caught
2532,2,6,6,Mohammad Naim,K Alleyne,caught
2532,2,9,3,Afif Hossain,Jaker Ali,caught
2532,2,13,4,Mehedi Hasan Miraz,Sajjadul Haque,caught
2532,2,17,1,Mahidul Islam Ankon,,lbw
