MATCHID,INNINGSNO,OVERNO,BALL_NO,PLAYEROUT,FIELDER,OUTTYPE
2531,1,2,3,Mohammad Haris,Khushdil Shah,caught
2531,1,7,2,Sabbir Hossain,Mohammad Saifuddin,caught
2531,1,7,3,RP Burl,Akif Javed,caught
2531,1,15,5,Yasir Ali Chowdhury,Nurul Hasan,caught
2531,1,16,1,Anamul Haque,Khushdil Shah,run out
2531,1,16,6,Akbar Ali,,bowled
2531,1,18,1,Sunzamul Islam,Nurul Hasan,caught
2531,1,18,4,Taskin Ahmed,Khushdil Shah,caught
2531,1,19,1,SM Meherob,Rakibul Hasan,caught
2531,2,0,5,Irfan Sukkur,,bowled
2531,2,3,3,SR Taylor,,bowled
2531,2,3,4,Iftikhar Ahmed,Yasir Ali Chowdhury,caught
2531,2,8,3,Khushdil Shah,Yasir Ali Chowdhury,caught
2531,2,9,4,Saif Hassan,Yasir Ali Chowdhury,caught
2531,2,12,6,Mahedi Hasan,,caught and bowled
2531,2,16,6,Nurul Hasan,Mohor Sheikh,caught
2531,2,18,1,Akif Javed,Akbar Ali,stumped
2531,2,18,4,Mohammad Saifuddin,Anamul Haque,caught
2531,2,19,2,Nahid Rana,,bowled
