MATCHID,INNINGSNO,OVERNO,BALL_NO,PLAYEROUT,FIELDER,OUTTYPE
2528,1,1,3,Usman Khan,Akbar Ali,caught
2528,1,9,6,G Clark,Mohor Sheikh,run out
2528,1,13,6,Naeem Islam,,bowled
2528,1,15,5,Mohammad Mithun,RP Burl,caught
2528,1,16,3,Shamim Hossain,RP Burl,caught
2528,1,18,7,Rahatul Ferdous,,bowled
2528,1,19,5,Haider Ali,,bowled
2528,1,19,6,Shoriful Islam,Jishan Alam,run out
2528,2,0,6,Jishan Alam,Mohammad Mithun,caught
2528,2,1,3,Mohammad Haris,Usman Khan,caught
2528,2,2,5,Yasir Ali Chowdhury,,bowled
2528,2,6,4,Akbar Ali,,lbw
2528,2,8,4,Anamul Haque,Mohammad Mithun,caught
2528,2,9,2,M Deyal,,lbw
2528,2,10,3,Sunzamul Islam,Mohammad Mithun,stumped
2528,2,13,1,Taskin Ahmed,,lbw
2528,2,14,3,Mohor Sheikh,Naeem Islam,caught
