MATCHID,INNINGSNO,OVERNO,BALL_NO,PLAYEROUT,FIELDER,OUTTYPE
MATCH_2503,1,4,3,Mohammad Naim,Usman Khan,caught
MATCH_2503,1,10,4,Mehedi Hasan Miraz,TL O'Connell,caught
MATCH_2503,1,12,5,Ibrahim Zadran,Mohammad Mithun,caught
MATCH_2503,1,14,2,Afif Hossain,Shoriful Islam,caught
MATCH_2503,2,0,11,Naeem Islam,WG Bosisto,caught
MATCH_2503,2,2,4,Parvez Hossain Emon,Mahidul Islam Ankon,caught
MATCH_2503,2,4,5,Mohammad Mithun,,bowled
MATCH_2503,2,5,6,Usman Khan,,bowled
MATCH_2503,2,6,1,Haider Ali,,lbw
MATCH_2503,2,6,2,TL O'Connell,Mehedi Hasan Miraz,caught
MATCH_2503,2,9,1,Mohammad Wasim,Afif Hossain,caught
MATCH_2503,2,10,3,Shoriful Islam,,lbw
MATCH_2503,2,18,2,Shamim Hossain,Mohammad Nawaz,caught
MATCH_2503,2,18,6,Khaled Ahmed,,caught and bowled
