MATCHID,MATCHWINNER,WINTYPE,WINMARGIN,MANOFTHEMATCH
2501,Fortune Barishal,wickets,4,Mahmudullah
2502,Rangpur Riders,runs,40,Khushdil Shah
2503,Khulna Tigers,runs,37,Mahidul Islam Ankon
2504,Rangpur Riders,runs,34,Nahid Rana
2505,Durbar Rajshahi,wickets,7,Taskin Ahmed
2506,Rangpur Riders,wickets,8,Saif Hassan
2507,Chittagong Kings,runs,105,Usman Khan
2508,Khulna Tigers,runs,20,Mehidy Hasan
2509,Rangpur Riders,wickets,8,AD Hales
2510,Fortune Barishal,wickets,7,Tamim Iqbal
2511,Rangpur Riders,wickets,7,Nahid Rana
2512,Fortune Barishal,wickets,7,Jahandad Khan
2513,Rangpur Riders,wickets,3,Nurul Hasan
2514,Chittagong Kings,wickets,7,Khaled Ahmed
2515,Durbar Rajshahi,runs,28,RP Burl
2516,Sylhet Strikers,wickets,3,Zakir Hasan
2517,Sylhet Strikers,runs,8,Zakir Hasan
2518,Dhaka Capitals,runs,149,Liton Das
2519,Chittagong Kings,runs,30,G Clark
2520,Rangpur Riders,runs,8,Akif Javed
2521,Fortune Barishal,wickets,8,Tamim Iqbal
2522,Chittagong Kings,runs,45,G Clark
2523,Durbar Rajshahi,runs,65,Sunzamul Islam
2524,Rangpur Riders,runs,33,Khushdil Shah
2525,Fortune Barishal,wickets,6,DJ Malan
2526,Khulna Tigers,runs,7,Hasan Mahmud
2527,Dhaka Capitals,runs,6,NLTC Perera
2528,Chittagong Kings,runs,111,Naeem Islam
2529,Dhaka Capitals,wickets,8,Tanzid Hasan
2530,Fortune Barishal,runs,7,Rishad Hossain
2531,Durbar Rajshahi,runs,24,RP Burl
2532,Khulna Tigers,wickets,6,Mehedi Hasan Miraz
2533,Fortune Barishal,wickets,8,Faheem Ashraf
2534,Durbar Rajshahi,runs,2,Mrittunjoy Chowdhury
2535,Fortune Barishal,wickets,5,DJ Malan
2536,Durbar Rajshahi,wickets,5,SM Meherob
2537,Chittagong Kings,wickets,5,Haider Ali
2538,Fortune Barishal,wickets,9,Tanvir Islam
2539,Khulna Tigers,runs,46,Mohammad Naim
2540,Chittagong Kings,runs,96,Shoriful Islam
2541,Khulna Tigers,wickets,6,Mehedi Hasan Miraz
2542,Chittagong Kings,runs,24,Parvez Hossain Emon
2543,Khulna Tigers,wickets,9,Nasum Ahmed
2544,Fortune Barishal,wickets,9,Mohammad Ali
2545,Chittagong Kings,wickets,2,Al Islam
2546,Fortune Barishal,wickets,3,Tamim Iqbal
