MATCHID,TOSSWINNER,TOSSDECISION
2501,Fortune Barishal,field
2502,Dhaka Capitals,field
2503,Chittagong Kings,field
2504,Rangpur Riders,bat
2505,Dhaka Capitals,bat
2506,Rangpur Riders,field
2507,Durbar Rajshahi,field
2508,Dhaka Capitals,field
2509,Rangpur Riders,field
2510,Fortune Barishal,field
2511,Rangpur Riders,field
2512,Fortune Barishal,field
2513,Rangpur Riders,field
2514,Chittagong Kings,field
2515,Khulna Tigers,field
2516,Dhaka Capitals,bat
2517,Khulna Tigers,field
2518,Durbar Rajshahi,field
2519,Sylhet Strikers,field
2520,Rangpur Riders,bat
2521,Dhaka Capitals,bat
2522,Khulna Tigers,field
2523,Durbar Rajshahi,bat
2524,Chittagong Kings,field
2525,Fortune Barishal,field
2526,Khulna Tigers,bat
2527,Dhaka Capitals,bat
2528,Durbar Rajshahi,field
2529,Chittagong Kings,bat
2530,Khulna Tigers,field
2531,Rangpur Riders,field
2532,Sylhet Strikers,bat
2533,Sylhet Strikers,bat
2534,Rangpur Riders,field
2535,Fortune Barishal,field
2536,Durbar Rajshahi,field
2537,Chittagong Kings,field
2538,Fortune Barishal,field
2539,Khulna Tigers,bat
2540,Sylhet Strikers,field
2541,Dhaka Capitals,bat
2542,Fortune Barishal,field
2543,Rangpur Riders,bat
2544,Fortune Barishal,field
2545,Chittagong Kings,field
2546,Fortune Barishal,field
