PLAYERID,SEASONYEAR,TEAMNAME
1,2024/25,Rangpur Riders
2,2024/25,Rangpur Riders
3,2024/25,Khulna Tigers
4,2024/25,Khulna Tigers
5,2024/25,Sylhet Strikers
6,2024/25,Khulna Tigers
7,2024/25,Dhaka Capital
8,2024/25,Khulna Tigers
9,2024/25,Durbar Rajshahi
10,2024/25,Sylhet Strikers
11,2024/25,Durbar Rajshahi
12,2024/25,Rangpur Riders
13,2024/25,Chittagong Kings
14,2024/25,Sylhet Strikers
15,2024/25,Dhaka Capital
16,2024/25,Dhaka Capital
17,2024/25,Durbar Rajshahi
18,2024/25,Chittagong Kings
19,2024/25,Sylhet Strikers
20,2024/25,Rangpur Riders
21,2024/25,Chittagong Kings
22,2024/25,Chittagong Kings
23,2024/25,Fortune Barishal
24,2024/25,Khulna Tigers
25,2024/25,Khulna Tigers
26,2024/25,Fortune Barishal
27,2024/25,Fortune Barishal
28,2024/25,Dhaka Capital
29,2024/25,Chittagong Kings
30,2024/25,Sylhet Strikers
31,2024/25,Dhaka Capital
32,2024/25,Chittagong Kings
33,2024/25,Khulna Tigers
34,2024/25,Durbar Rajshahi
35,2024/25,Chittagong Kings
36,2024/25,Khulna Tigers
37,2024/25,Rangpur Riders
38,2024/25,Khulna Tigers
39,2024/25,Fortune Barishal
40,2024/25,Rangpur Riders
41,2024/25,Dhaka Capital
42,2024/25,Fortune Barishal
43,2024/25,Sylhet Strikers
44,2024/25,Rangpur Riders
45,2024/25,Khulna Tigers
46,2024/25,Dhaka Capital
47,2024/25,Fortune Barishal
48,2024/25,Sylhet Strikers
49,2024/25,Durbar Rajshahi
50,2024/25,Sylhet Strikers
51,2024/25,Fortune Barishal
52,2024/25,Rangpur Riders
53,2024/25,Chittagong Kings
54,2024/25,Chittagong Kings
55,2024/25,Rangpur Riders
56,2024/25,Dhaka Capital
57,2024/25,Durbar Rajshahi
58,2024/25,Durbar Rajshahi
59,2024/25,Rangpur Riders
60,2024/25,Khulna Tigers
61,2024/25,Khulna Tigers
62,2024/25,Fortune Barishal
63,2024/25,Chittagong Kings
64,2024/25,Khulna Tigers
65,2024/25,Dhaka Capital
66,2024/25,Durbar Rajshahi
67,2024/25,Fortune Barishal
68,2024/25,Durbar Rajshahi
69,2024/25,Fortune Barishal
70,2024/25,Chittagong Kings
71,2024/25,Fortune Barishal
72,2024/25,Khulna Tigers
73,2024/25,Khulna Tigers
74,2024/25,Rangpur Riders
75,2024/25,Chittagong Kings
76,2024/25,Durbar Rajshahi
77,2024/25,Dhaka Capital
78,2024/25,Durbar Rajshahi
79,2024/25,Dhaka Capital
80,2024/25,Dhaka Capital
81,2024/25,Khulna Tigers
82,2024/25,Fortune Barishal
83,2024/25,Dhaka Capital
84,2024/25,Dhaka Capital
85,2024/25,Chittagong Kings
86,2024/25,Chittagong Kings
87,2024/25,Rangpur Riders
88,2024/25,Sylhet Strikers
89,2024/25,Khulna Tigers
90,2024/25,Fortune Barishal
91,2024/25,Dhaka Capital
92,2024/25,Sylhet Strikers
93,2024/25,Rangpur Riders
94,2024/25,Khulna Tigers
95,2024/25,Dhaka Capital
96,2024/25,Sylhet Strikers
97,2024/25,Chittagong Kings
98,2024/25,Fortune Barishal
99,2024/25,Fortune Barishal
100,2024/25,Sylhet Strikers
101,2024/25,Durbar Rajshahi
102,2024/25,Dhaka Capital
103,2024/25,Sylhet Strikers
104,2024/25,Chittagong Kings
105,2024/25,Dhaka Capital
106,2024/25,Rangpur Riders
107,2024/25,Rangpur Riders
108,2024/25,Dhaka Capital
109,2024/25,Fortune Barishal
110,2024/25,Sylhet Strikers
111,2024/25,Khulna Tigers
112,2024/25,Sylhet Strikers
113,2024/25,Durbar Rajshahi
114,2024/25,Durbar Rajshahi
115,2024/25,Khulna Tigers
116,2024/25,Rangpur Riders
117,2024/25,Dhaka Capital
118,2024/25,Durbar Rajshahi
119,2024/25,Dhaka Capital
120,2024/25,Rangpur Riders
121,2024/25,Sylhet Strikers
122,2024/25,Khulna Tigers
123,2024/25,Sylhet Strikers
124,2024/25,Durbar Rajshahi
125,2024/25,Dhaka Capital
126,2024/25,Fortune Barishal
127,2024/25,Chittagong Kings
128,2024/25,Chittagong Kings
129,2024/25,Dhaka Capital
130,2024/25,Durbar Rajshahi
131,2024/25,Rangpur Riders
132,2024/25,Sylhet Strikers
133,2024/25,Durbar Rajshahi
134,2024/25,Rangpur Riders
135,2024/25,Chittagong Kings
136,2024/25,Fortune Barishal
137,2024/25,Fortune Barishal
138,2024/25,Fortune Barishal
139,2024/25,Dhaka Capital
140,2024/25,Sylhet Strikers
141,2024/25,Durbar Rajshahi
142,2024/25,Sylhet Strikers
143,2024/25,Rangpur Riders
144,2024/25,Fortune Barishal
145,2024/25,Chittagong Kings
146,2024/25,Khulna Tigers
147,2024/25,Durbar Rajshahi
148,2024/25,Sylhet Strikers
149,2024/25,Sylhet Strikers
150,2024/25,Khulna Tigers
151,2024/25,Chittagong Kings
