MATCHID,TEAM1,TEAM2,MATCHTYPE,MATCHDATE,VENUENAME,SEASONYEAR,METHOD
2501,Fortune Barishal,Durbar Rajshahi,League,2024-12-30,Sher-e-Bangla National Cricket Stadium,2024/25,
2502,Rangpur Riders,Dhaka Capitals,League,2024-12-30,Sher-e-Bangla National Cricket Stadium,2024/25,
2503,Khulna Tigers,Chittagong Kings,League,2024-12-31,Sher-e-Bangla National Cricket Stadium,2024/25,
2504,Sylhet Strikers,Rangpur Riders,League,2024-12-31,Sher-e-Bangla National Cricket Stadium,2024/25,
2505,Durbar Rajshahi,Dhaka Capitals,League,2025-01-02,Sher-e-Bangla National Cricket Stadium,2024/25,
2506,Fortune Barishal,Rangpur Riders,League,2025-01-02,Sher-e-Bangla National Cricket Stadium,2024/25,
2507,Durbar Rajshahi,Chittagong Kings,League,2025-01-03,Sher-e-Bangla National Cricket Stadium,2024/25,
2508,Dhaka Capitals,Khulna Tigers,League,2025-01-03,Sher-e-Bangla National Cricket Stadium,2024/25,
2509,Sylhet Strikers,Rangpur Riders,League,2025-01-06,Sylhet International Cricket Stadium,2024/25,
2510,Fortune Barishal,Durbar Rajshahi,League,2025-01-06,Sylhet International Cricket Stadium,2024/25,
2511,Rangpur Riders,Dhaka Capitals,League,2025-01-07,Sylhet International Cricket Stadium,2024/25,
2512,Fortune Barishal,Sylhet Strikers,League,2025-01-07,Sylhet International Cricket Stadium,2024/25,
2513,Fortune Barishal,Rangpur Riders,League,2025-01-09,Sylhet International Cricket Stadium,2024/25,
2514,Dhaka Capitals,Chittagong Kings,League,2025-01-09,Sylhet International Cricket Stadium,2024/25,
2515,Durbar Rajshahi,Khulna Tigers,League,2025-01-10,Sylhet International Cricket Stadium,2024/25,
2516,Dhaka Capitals,Sylhet Strikers,League,2025-01-10,Sylhet International Cricket Stadium,2024/25,
2517,Khulna Tigers,Sylhet Strikers,League,2025-01-12,Sylhet International Cricket Stadium,2024/25,
2518,Durbar Rajshahi,Dhaka Capitals,League,2025-01-12,Sylhet International Cricket Stadium,2024/25,
2519,Chittagong Kings,Sylhet Strikers,League,2025-01-13,Sylhet International Cricket Stadium,2024/25,
2520,Rangpur Riders,Khulna Tigers,League,2025-01-13,Sylhet International Cricket Stadium,2024/25,
2521,Fortune Barishal,Dhaka Capitals,League,2025-01-16,Bir Sreshtho Flight Lieutenant Matiur Rahman Stadium,2024/25,
2522,Khulna Tigers,Chittagong Kings,League,2025-01-16,Bir Sreshtho Flight Lieutenant Matiur Rahman Stadium,2024/25,
2523,Durbar Rajshahi,Sylhet Strikers,League,2025-01-17,Bir Sreshtho Flight Lieutenant Matiur Rahman Stadium,2024/25,
2524,Rangpur Riders,Chittagong Kings,League,2025-01-17,Bir Sreshtho Flight Lieutenant Matiur Rahman Stadium,2024/25,
2525,Fortune Barishal,Chittagong Kings,League,2025-01-19,Bir Sreshtho Flight Lieutenant Matiur Rahman Stadium,2024/25,
2526,Durbar Rajshahi,Khulna Tigers,League,2025-01-19,Bir Sreshtho Flight Lieutenant Matiur Rahman Stadium,2024/25,
2527,Dhaka Capitals,Sylhet Strikers,League,2025-01-20,Bir Sreshtho Flight Lieutenant Matiur Rahman Stadium,2024/25,
2528,Durbar Rajshahi,Chittagong Kings,League,2025-01-20,Bir Sreshtho Flight Lieutenant Matiur Rahman Stadium,2024/25,
2529,Dhaka Capitals,Chittagong Kings,League,2025-01-22,Bir Sreshtho Flight Lieutenant Matiur Rahman Stadium,2024/25,
2530,Fortune Barishal,Khulna Tigers,League,2025-01-22,Bir Sreshtho Flight Lieutenant Matiur Rahman Stadium,2024/25,
2531,Durbar Rajshahi,Rangpur Riders,League,2025-01-23,Bir Sreshtho Flight Lieutenant Matiur Rahman Stadium,2024/25,
2532,Khulna Tigers,Sylhet Strikers,League,2025-01-23,Bir Sreshtho Flight Lieutenant Matiur Rahman Stadium,2024/25,
2533,Fortune Barishal,Sylhet Strikers,League,2025-01-26,Sher-e-Bangla National Cricket Stadium,2024/25,
2534,Durbar Rajshahi,Rangpur Riders,League,2025-01-26,Sher-e-Bangla National Cricket Stadium,2024/25,
2535,Fortune Barishal,Khulna Tigers,League,2025-01-27,Sher-e-Bangla National Cricket Stadium,2024/25,
2536,Durbar Rajshahi,Sylhet Strikers,League,2025-01-27,Sher-e-Bangla National Cricket Stadium,2024/25,
2537,Rangpur Riders,Chittagong Kings,League,2025-01-29,Sher-e-Bangla National Cricket Stadium,2024/25,
2538,Fortune Barishal,Dhaka Capitals,League,2025-01-29,Sher-e-Bangla National Cricket Stadium,2024/25,
2539,Rangpur Riders,Khulna Tigers,League,2025-01-30,Sher-e-Bangla National Cricket Stadium,2024/25,
2540,Chittagong Kings,Sylhet Strikers,League,2025-01-30,Sher-e-Bangla National Cricket Stadium,2024/25,
2541,Dhaka Capitals,Khulna Tigers,League,2025-02-01,Sher-e-Bangla National Cricket Stadium,2024/25,
2542,Fortune Barishal,Chittagong Kings,League,2025-02-01,Sher-e-Bangla National Cricket Stadium,2024/25,
2543,Rangpur Riders,Khulna Tigers,Eliminator,2025-02-03,Sher-e-Bangla National Cricket Stadium,2024/25,
2544,Fortune Barishal,Chittagong Kings,Qualifier 1,2025-02-03,Sher-e-Bangla National Cricket Stadium,2024/25,
2545,Chittagong Kings,Khulna Tigers,Qualifier 2,2025-02-05,Sher-e-Bangla National Cricket Stadium,2024/25,
2546,Fortune Barishal,Chittagong Kings,Final,2025-02-07,Sher-e-Bangla National Cricket Stadium,2024/25,
