MATCHID,INNINGSNO,OVERNO,BALL_NO,EXTRATYPE,EXTRARUNS
2502,1,1,5,wides,1
2502,1,2,5,wides,1
2502,1,2,6,wides,1
2502,1,4,6,wides,1
2502,1,5,5,legbyes,1
2502,1,8,1,wides,1
2502,1,8,5,legbyes,1
2502,1,8,7,wides,1
2502,1,17,4,wides,1
2502,1,17,5,wides,1
2502,1,19,4,wides,1
2502,2,1,5,wides,1
2502,2,2,1,wides,1
2502,2,5,2,wides,1
2502,2,6,6,legbyes,1
2502,2,7,2,wides,1
2502,2,8,2,wides,1
2502,2,11,6,wides,1
2502,2,13,3,legbyes,1
2502,2,13,4,wides,1
2502,2,15,1,legbyes,1
2502,2,17,4,noballs,1
2502,2,18,4,wides,1
2502,2,19,2,wides,1
