MATCHID,INNINGSNO,OVERNO,BALL_NO,TEAMBATTING,TEAM_BOWLING,STRIKER,NON_STRIKER,BOWLER
2513,1,0,1,Fortune Barishal,Rangpur Riders,Tamim Iqbal,Nazmul Hossain Shanto,Mahedi Hasan
2513,1,0,2,Fortune Barishal,Rangpur Riders,Tamim Iqbal,Nazmul Hossain Shanto,Mahedi Hasan
2513,1,0,3,Fortune Barishal,Rangpur Riders,Tamim Iqbal,Nazmul Hossain Shanto,Mahedi Hasan
2513,1,0,4,Fortune Barishal,Rangpur Riders,Tamim Iqbal,Nazmul Hossain Shanto,Mahedi Hasan
2513,1,0,5,Fortune Barishal,Rangpur Riders,Tamim Iqbal,Nazmul Hossain Shanto,Mahedi Hasan
2513,1,0,6,Fortune Barishal,Rangpur Riders,Tamim Iqbal,Nazmul Hossain Shanto,Mahedi Hasan
2513,1,1,1,Fortune Barishal,Rangpur Riders,Nazmul Hossain Shanto,Tamim Iqbal,Iftikhar Ahmed
2513,1,1,2,Fortune Barishal,Rangpur Riders,Nazmul Hossain Shanto,Tamim Iqbal,Iftikhar Ahmed
2513,1,1,3,Fortune Barishal,Rangpur Riders,Nazmul Hossain Shanto,Tamim Iqbal,Iftikhar Ahmed
2513,1,1,4,Fortune Barishal,Rangpur Riders,Nazmul Hossain Shanto,Tamim Iqbal,Iftikhar Ahmed
2513,1,1,5,Fortune Barishal,Rangpur Riders,Tamim Iqbal,Nazmul Hossain Shanto,Iftikhar Ahmed
2513,1,1,6,Fortune Barishal,Rangpur Riders,Tamim Iqbal,Nazmul Hossain Shanto,Iftikhar Ahmed
2513,1,2,1,Fortune Barishal,Rangpur Riders,Tamim Iqbal,Nazmul Hossain Shanto,Mahedi Hasan
2513,1,2,2,Fortune Barishal,Rangpur Riders,Nazmul Hossain Shanto,Tamim Iqbal,Mahedi Hasan
2513,1,2,3,Fortune Barishal,Rangpur Riders,Nazmul Hossain Shanto,Tamim Iqbal,Mahedi Hasan
2513,1,2,4,Fortune Barishal,Rangpur Riders,Tamim Iqbal,Nazmul Hossain Shanto,Mahedi Hasan
2513,1,2,5,Fortune Barishal,Rangpur Riders,Nazmul Hossain Shanto,Tamim Iqbal,Mahedi Hasan
2513,1,2,6,Fortune Barishal,Rangpur Riders,Nazmul Hossain Shanto,Tamim Iqbal,Mahedi Hasan
2513,1,3,1,Fortune Barishal,Rangpur Riders,Nazmul Hossain Shanto,Tamim Iqbal,Akif Javed
2513,1,3,2,Fortune Barishal,Rangpur Riders,Nazmul Hossain Shanto,Tamim Iqbal,Akif Javed
2513,1,3,3,Fortune Barishal,Rangpur Riders,Tamim Iqbal,Nazmul Hossain Shanto,Akif Javed
2513,1,3,4,Fortune Barishal,Rangpur Riders,Nazmul Hossain Shanto,Tamim Iqbal,Akif Javed
2513,1,3,5,Fortune Barishal,Rangpur Riders,Nazmul Hossain Shanto,Tamim Iqbal,Akif Javed
2513,1,3,6,Fortune Barishal,Rangpur Riders,Tamim Iqbal,Nazmul Hossain Shanto,Akif Javed
2513,1,4,1,Fortune Barishal,Rangpur Riders,Nazmul Hossain Shanto,Tamim Iqbal,Mahedi Hasan
2513,1,4,2,Fortune Barishal,Rangpur Riders,Tamim Iqbal,Nazmul Hossain Shanto,Mahedi Hasan
2513,1,4,3,Fortune Barishal,Rangpur Riders,Tamim Iqbal,Nazmul Hossain Shanto,Mahedi Hasan
2513,1,4,4,Fortune Barishal,Rangpur Riders,Tamim Iqbal,Nazmul Hossain Shanto,Mahedi Hasan
2513,1,4,5,Fortune Barishal,Rangpur Riders,Tamim Iqbal,Nazmul Hossain Shanto,Mahedi Hasan
2513,1,4,6,Fortune Barishal,Rangpur Riders,Tamim Iqbal,Nazmul Hossain Shanto,Mahedi Hasan
2513,1,5,1,Fortune Barishal,Rangpur Riders,Nazmul Hossain Shanto,Tamim Iqbal,Nahid Rana
2513,1,5,2,Fortune Barishal,Rangpur Riders,Nazmul Hossain Shanto,Tamim Iqbal,Nahid Rana
2513,1,5,3,Fortune Barishal,Rangpur Riders,Nazmul Hossain Shanto,Tamim Iqbal,Nahid Rana
2513,1,5,4,Fortune Barishal,Rangpur Riders,Nazmul Hossain Shanto,Tamim Iqbal,Nahid Rana
2513,1,5,5,Fortune Barishal,Rangpur Riders,Nazmul Hossain Shanto,Tamim Iqbal,Nahid Rana
2513,1,5,6,Fortune Barishal,Rangpur Riders,Nazmul Hossain Shanto,Tamim Iqbal,Nahid Rana
2513,1,6,1,Fortune Barishal,Rangpur Riders,Tamim Iqbal,Nazmul Hossain Shanto,Akif Javed
2513,1,6,2,Fortune Barishal,Rangpur Riders,Tamim Iqbal,Nazmul Hossain Shanto,Akif Javed
2513,1,6,3,Fortune Barishal,Rangpur Riders,Nazmul Hossain Shanto,Tamim Iqbal,Akif Javed
2513,1,6,4,Fortune Barishal,Rangpur Riders,Tamim Iqbal,Nazmul Hossain Shanto,Akif Javed
2513,1,6,5,Fortune Barishal,Rangpur Riders,Tamim Iqbal,Nazmul Hossain Shanto,Akif Javed
2513,1,6,6,Fortune Barishal,Rangpur Riders,Tamim Iqbal,Nazmul Hossain Shanto,Akif Javed
2513,1,7,1,Fortune Barishal,Rangpur Riders,Tamim Iqbal,Nazmul Hossain Shanto,Iftikhar Ahmed
2513,1,7,2,Fortune Barishal,Rangpur Riders,Tamim Iqbal,Nazmul Hossain Shanto,Iftikhar Ahmed
2513,1,7,3,Fortune Barishal,Rangpur Riders,Tamim Iqbal,Nazmul Hossain Shanto,Iftikhar Ahmed
2513,1,7,4,Fortune Barishal,Rangpur Riders,Tamim Iqbal,Nazmul Hossain Shanto,Iftikhar Ahmed
2513,1,7,5,Fortune Barishal,Rangpur Riders,Nazmul Hossain Shanto,Tamim Iqbal,Iftikhar Ahmed
2513,1,7,6,Fortune Barishal,Rangpur Riders,Tamim Iqbal,Nazmul Hossain Shanto,Iftikhar Ahmed
2513,1,8,1,Fortune Barishal,Rangpur Riders,Nazmul Hossain Shanto,Tamim Iqbal,Mohammad Saifuddin
2513,1,8,2,Fortune Barishal,Rangpur Riders,Tamim Iqbal,Nazmul Hossain Shanto,Mohammad Saifuddin
2513,1,8,3,Fortune Barishal,Rangpur Riders,Nazmul Hossain Shanto,Tamim Iqbal,Mohammad Saifuddin
2513,1,8,4,Fortune Barishal,Rangpur Riders,Nazmul Hossain Shanto,Tamim Iqbal,Mohammad Saifuddin
2513,1,8,5,Fortune Barishal,Rangpur Riders,Nazmul Hossain Shanto,Tamim Iqbal,Mohammad Saifuddin
2513,1,8,6,Fortune Barishal,Rangpur Riders,Tamim Iqbal,Nazmul Hossain Shanto,Mohammad Saifuddin
2513,1,9,1,Fortune Barishal,Rangpur Riders,Nazmul Hossain Shanto,Tamim Iqbal,Nahid Rana
2513,1,9,2,Fortune Barishal,Rangpur Riders,Nazmul Hossain Shanto,Tamim Iqbal,Nahid Rana
2513,1,9,3,Fortune Barishal,Rangpur Riders,Tamim Iqbal,Nazmul Hossain Shanto,Nahid Rana
2513,1,9,4,Fortune Barishal,Rangpur Riders,Nazmul Hossain Shanto,Tamim Iqbal,Nahid Rana
2513,1,9,5,Fortune Barishal,Rangpur Riders,Tamim Iqbal,Nazmul Hossain Shanto,Nahid Rana
2513,1,9,6,Fortune Barishal,Rangpur Riders,Nazmul Hossain Shanto,Tamim Iqbal,Nahid Rana
2513,1,10,1,Fortune Barishal,Rangpur Riders,Nazmul Hossain Shanto,Tamim Iqbal,Kamrul Islam Rabbi
2513,1,10,2,Fortune Barishal,Rangpur Riders,KR Mayers,Tamim Iqbal,Kamrul Islam Rabbi
2513,1,10,3,Fortune Barishal,Rangpur Riders,KR Mayers,Tamim Iqbal,Kamrul Islam Rabbi
2513,1,10,4,Fortune Barishal,Rangpur Riders,Tamim Iqbal,KR Mayers,Kamrul Islam Rabbi
2513,1,10,5,Fortune Barishal,Rangpur Riders,Tamim Iqbal,KR Mayers,Kamrul Islam Rabbi
2513,1,10,6,Fortune Barishal,Rangpur Riders,Tamim Iqbal,KR Mayers,Kamrul Islam Rabbi
2513,1,11,1,Fortune Barishal,Rangpur Riders,KR Mayers,Towhid Hridoy,Akif Javed
2513,1,11,2,Fortune Barishal,Rangpur Riders,Towhid Hridoy,KR Mayers,Akif Javed
2513,1,11,3,Fortune Barishal,Rangpur Riders,Towhid Hridoy,KR Mayers,Akif Javed
2513,1,11,4,Fortune Barishal,Rangpur Riders,Towhid Hridoy,KR Mayers,Akif Javed
2513,1,11,5,Fortune Barishal,Rangpur Riders,KR Mayers,Towhid Hridoy,Akif Javed
2513,1,11,6,Fortune Barishal,Rangpur Riders,Towhid Hridoy,KR Mayers,Akif Javed
2513,1,12,1,Fortune Barishal,Rangpur Riders,KR Mayers,Towhid Hridoy,Kamrul Islam Rabbi
2513,1,12,2,Fortune Barishal,Rangpur Riders,KR Mayers,Towhid Hridoy,Kamrul Islam Rabbi
2513,1,12,3,Fortune Barishal,Rangpur Riders,Towhid Hridoy,KR Mayers,Kamrul Islam Rabbi
2513,1,12,4,Fortune Barishal,Rangpur Riders,Towhid Hridoy,KR Mayers,Kamrul Islam Rabbi
2513,1,12,5,Fortune Barishal,Rangpur Riders,KR Mayers,Towhid Hridoy,Kamrul Islam Rabbi
2513,1,12,6,Fortune Barishal,Rangpur Riders,Towhid Hridoy,KR Mayers,Kamrul Islam Rabbi
2513,1,13,1,Fortune Barishal,Rangpur Riders,Towhid Hridoy,KR Mayers,Nahid Rana
2513,1,13,2,Fortune Barishal,Rangpur Riders,KR Mayers,Towhid Hridoy,Nahid Rana
2513,1,13,3,Fortune Barishal,Rangpur Riders,KR Mayers,Towhid Hridoy,Nahid Rana
2513,1,13,4,Fortune Barishal,Rangpur Riders,Towhid Hridoy,KR Mayers,Nahid Rana
2513,1,13,5,Fortune Barishal,Rangpur Riders,Towhid Hridoy,KR Mayers,Nahid Rana
2513,1,13,6,Fortune Barishal,Rangpur Riders,Towhid Hridoy,KR Mayers,Nahid Rana
2513,1,14,1,Fortune Barishal,Rangpur Riders,Towhid Hridoy,KR Mayers,Mohammad Saifuddin
2513,1,14,2,Fortune Barishal,Rangpur Riders,KR Mayers,Towhid Hridoy,Mohammad Saifuddin
2513,1,14,3,Fortune Barishal,Rangpur Riders,KR Mayers,Towhid Hridoy,Mohammad Saifuddin
2513,1,14,4,Fortune Barishal,Rangpur Riders,KR Mayers,Towhid Hridoy,Mohammad Saifuddin
2513,1,14,5,Fortune Barishal,Rangpur Riders,KR Mayers,Towhid Hridoy,Mohammad Saifuddin
2513,1,14,6,Fortune Barishal,Rangpur Riders,Towhid Hridoy,KR Mayers,Mohammad Saifuddin
2513,1,15,1,Fortune Barishal,Rangpur Riders,KR Mayers,Towhid Hridoy,Kamrul Islam Rabbi
2513,1,15,2,Fortune Barishal,Rangpur Riders,Towhid Hridoy,KR Mayers,Kamrul Islam Rabbi
2513,1,15,3,Fortune Barishal,Rangpur Riders,KR Mayers,Towhid Hridoy,Kamrul Islam Rabbi
2513,1,15,4,Fortune Barishal,Rangpur Riders,KR Mayers,Towhid Hridoy,Kamrul Islam Rabbi
2513,1,15,5,Fortune Barishal,Rangpur Riders,KR Mayers,Towhid Hridoy,Kamrul Islam Rabbi
2513,1,15,6,Fortune Barishal,Rangpur Riders,KR Mayers,Towhid Hridoy,Kamrul Islam Rabbi
2513,1,15,7,Fortune Barishal,Rangpur Riders,KR Mayers,Towhid Hridoy,Kamrul Islam Rabbi
2513,1,15,8,Fortune Barishal,Rangpur Riders,KR Mayers,Towhid Hridoy,Kamrul Islam Rabbi
2513,1,16,1,Fortune Barishal,Rangpur Riders,Towhid Hridoy,KR Mayers,Akif Javed
2513,1,16,2,Fortune Barishal,Rangpur Riders,Towhid Hridoy,KR Mayers,Akif Javed
2513,1,16,3,Fortune Barishal,Rangpur Riders,Towhid Hridoy,KR Mayers,Akif Javed
2513,1,16,4,Fortune Barishal,Rangpur Riders,Towhid Hridoy,KR Mayers,Akif Javed
2513,1,16,5,Fortune Barishal,Rangpur Riders,Towhid Hridoy,KR Mayers,Akif Javed
2513,1,16,6,Fortune Barishal,Rangpur Riders,Mahmudullah,KR Mayers,Akif Javed
2513,1,16,7,Fortune Barishal,Rangpur Riders,KR Mayers,Mahmudullah,Akif Javed
2513,1,17,1,Fortune Barishal,Rangpur Riders,Mahmudullah,KR Mayers,Mohammad Saifuddin
2513,1,17,2,Fortune Barishal,Rangpur Riders,KR Mayers,Mahmudullah,Mohammad Saifuddin
2513,1,17,3,Fortune Barishal,Rangpur Riders,KR Mayers,Mahmudullah,Mohammad Saifuddin
2513,1,17,4,Fortune Barishal,Rangpur Riders,Mahmudullah,KR Mayers,Mohammad Saifuddin
2513,1,17,5,Fortune Barishal,Rangpur Riders,Mahmudullah,KR Mayers,Mohammad Saifuddin
2513,1,17,6,Fortune Barishal,Rangpur Riders,Faheem Ashraf,KR Mayers,Mohammad Saifuddin
2513,1,18,1,Fortune Barishal,Rangpur Riders,Faheem Ashraf,KR Mayers,Nahid Rana
2513,1,18,2,Fortune Barishal,Rangpur Riders,Faheem Ashraf,KR Mayers,Nahid Rana
2513,1,18,3,Fortune Barishal,Rangpur Riders,Faheem Ashraf,KR Mayers,Nahid Rana
2513,1,18,4,Fortune Barishal,Rangpur Riders,Faheem Ashraf,KR Mayers,Nahid Rana
2513,1,18,5,Fortune Barishal,Rangpur Riders,Faheem Ashraf,KR Mayers,Nahid Rana
2513,1,18,6,Fortune Barishal,Rangpur Riders,Faheem Ashraf,KR Mayers,Nahid Rana
2513,1,18,7,Fortune Barishal,Rangpur Riders,Faheem Ashraf,KR Mayers,Nahid Rana
2513,1,18,8,Fortune Barishal,Rangpur Riders,KR Mayers,Faheem Ashraf,Nahid Rana
2513,1,19,1,Fortune Barishal,Rangpur Riders,KR Mayers,Faheem Ashraf,Mohammad Saifuddin
2513,1,19,2,Fortune Barishal,Rangpur Riders,KR Mayers,Faheem Ashraf,Mohammad Saifuddin
2513,1,19,3,Fortune Barishal,Rangpur Riders,KR Mayers,Jahandad Khan,Mohammad Saifuddin
2513,1,19,4,Fortune Barishal,Rangpur Riders,Jahandad Khan,KR Mayers,Mohammad Saifuddin
2513,1,19,5,Fortune Barishal,Rangpur Riders,KR Mayers,Jahandad Khan,Mohammad Saifuddin
2513,1,19,6,Fortune Barishal,Rangpur Riders,KR Mayers,Jahandad Khan,Mohammad Saifuddin
2513,1,19,7,Fortune Barishal,Rangpur Riders,KR Mayers,Jahandad Khan,Mohammad Saifuddin
2513,2,0,1,Rangpur Riders,Fortune Barishal,Towfiq Khan,AD Hales,KR Mayers
2513,2,0,2,Rangpur Riders,Fortune Barishal,Towfiq Khan,AD Hales,KR Mayers
2513,2,0,3,Rangpur Riders,Fortune Barishal,Towfiq Khan,AD Hales,KR Mayers
2513,2,0,4,Rangpur Riders,Fortune Barishal,AD Hales,Towfiq Khan,KR Mayers
2513,2,0,5,Rangpur Riders,Fortune Barishal,AD Hales,Towfiq Khan,KR Mayers
2513,2,0,6,Rangpur Riders,Fortune Barishal,AD Hales,Towfiq Khan,KR Mayers
2513,2,0,7,Rangpur Riders,Fortune Barishal,Towfiq Khan,AD Hales,KR Mayers
2513,2,0,8,Rangpur Riders,Fortune Barishal,Towfiq Khan,AD Hales,KR Mayers
2513,2,1,1,Rangpur Riders,Fortune Barishal,AD Hales,Towfiq Khan,Tanvir Islam
2513,2,1,2,Rangpur Riders,Fortune Barishal,Saif Hassan,Towfiq Khan,Tanvir Islam
2513,2,1,3,Rangpur Riders,Fortune Barishal,Saif Hassan,Towfiq Khan,Tanvir Islam
2513,2,1,4,Rangpur Riders,Fortune Barishal,Saif Hassan,Towfiq Khan,Tanvir Islam
2513,2,1,5,Rangpur Riders,Fortune Barishal,Saif Hassan,Towfiq Khan,Tanvir Islam
2513,2,1,6,Rangpur Riders,Fortune Barishal,Saif Hassan,Towfiq Khan,Tanvir Islam
2513,2,2,1,Rangpur Riders,Fortune Barishal,Towfiq Khan,Saif Hassan,Shaheen Shah Afridi
2513,2,2,2,Rangpur Riders,Fortune Barishal,Towfiq Khan,Saif Hassan,Shaheen Shah Afridi
2513,2,2,3,Rangpur Riders,Fortune Barishal,Towfiq Khan,Saif Hassan,Shaheen Shah Afridi
2513,2,2,4,Rangpur Riders,Fortune Barishal,Saif Hassan,Towfiq Khan,Shaheen Shah Afridi
2513,2,2,5,Rangpur Riders,Fortune Barishal,Saif Hassan,Towfiq Khan,Shaheen Shah Afridi
2513,2,2,6,Rangpur Riders,Fortune Barishal,Saif Hassan,Towfiq Khan,Shaheen Shah Afridi
2513,2,3,1,Rangpur Riders,Fortune Barishal,Towfiq Khan,Saif Hassan,Tanvir Islam
2513,2,3,2,Rangpur Riders,Fortune Barishal,Towfiq Khan,Saif Hassan,Tanvir Islam
2513,2,3,3,Rangpur Riders,Fortune Barishal,Towfiq Khan,Saif Hassan,Tanvir Islam
2513,2,3,4,Rangpur Riders,Fortune Barishal,Towfiq Khan,Saif Hassan,Tanvir Islam
2513,2,3,5,Rangpur Riders,Fortune Barishal,Saif Hassan,Towfiq Khan,Tanvir Islam
2513,2,3,6,Rangpur Riders,Fortune Barishal,Saif Hassan,Towfiq Khan,Tanvir Islam
2513,2,4,1,Rangpur Riders,Fortune Barishal,Towfiq Khan,Saif Hassan,Shaheen Shah Afridi
2513,2,4,2,Rangpur Riders,Fortune Barishal,Saif Hassan,Towfiq Khan,Shaheen Shah Afridi
2513,2,4,3,Rangpur Riders,Fortune Barishal,Towfiq Khan,Saif Hassan,Shaheen Shah Afridi
2513,2,4,4,Rangpur Riders,Fortune Barishal,Towfiq Khan,Saif Hassan,Shaheen Shah Afridi
2513,2,4,5,Rangpur Riders,Fortune Barishal,Towfiq Khan,Saif Hassan,Shaheen Shah Afridi
2513,2,4,6,Rangpur Riders,Fortune Barishal,Saif Hassan,Towfiq Khan,Shaheen Shah Afridi
2513,2,5,1,Rangpur Riders,Fortune Barishal,Towfiq Khan,Saif Hassan,Jahandad Khan
2513,2,5,2,Rangpur Riders,Fortune Barishal,Saif Hassan,Towfiq Khan,Jahandad Khan
2513,2,5,3,Rangpur Riders,Fortune Barishal,Saif Hassan,Towfiq Khan,Jahandad Khan
2513,2,5,4,Rangpur Riders,Fortune Barishal,Saif Hassan,Towfiq Khan,Jahandad Khan
2513,2,5,5,Rangpur Riders,Fortune Barishal,Saif Hassan,Towfiq Khan,Jahandad Khan
2513,2,5,6,Rangpur Riders,Fortune Barishal,Saif Hassan,Towfiq Khan,Jahandad Khan
2513,2,6,1,Rangpur Riders,Fortune Barishal,Towfiq Khan,Saif Hassan,Faheem Ashraf
2513,2,6,2,Rangpur Riders,Fortune Barishal,Towfiq Khan,Saif Hassan,Faheem Ashraf
2513,2,6,3,Rangpur Riders,Fortune Barishal,Saif Hassan,Towfiq Khan,Faheem Ashraf
2513,2,6,4,Rangpur Riders,Fortune Barishal,Towfiq Khan,Saif Hassan,Faheem Ashraf
2513,2,6,5,Rangpur Riders,Fortune Barishal,Towfiq Khan,Saif Hassan,Faheem Ashraf
2513,2,6,6,Rangpur Riders,Fortune Barishal,Saif Hassan,Towfiq Khan,Faheem Ashraf
2513,2,7,1,Rangpur Riders,Fortune Barishal,Towfiq Khan,Iftikhar Ahmed,Tanvir Islam
2513,2,7,2,Rangpur Riders,Fortune Barishal,Towfiq Khan,Iftikhar Ahmed,Tanvir Islam
2513,2,7,3,Rangpur Riders,Fortune Barishal,Iftikhar Ahmed,Towfiq Khan,Tanvir Islam
2513,2,7,4,Rangpur Riders,Fortune Barishal,Iftikhar Ahmed,Towfiq Khan,Tanvir Islam
2513,2,7,5,Rangpur Riders,Fortune Barishal,Towfiq Khan,Iftikhar Ahmed,Tanvir Islam
2513,2,7,6,Rangpur Riders,Fortune Barishal,Towfiq Khan,Iftikhar Ahmed,Tanvir Islam
2513,2,8,1,Rangpur Riders,Fortune Barishal,Iftikhar Ahmed,Towfiq Khan,Rishad Hossain
2513,2,8,2,Rangpur Riders,Fortune Barishal,Iftikhar Ahmed,Towfiq Khan,Rishad Hossain
2513,2,8,3,Rangpur Riders,Fortune Barishal,Towfiq Khan,Iftikhar Ahmed,Rishad Hossain
2513,2,8,4,Rangpur Riders,Fortune Barishal,Towfiq Khan,Iftikhar Ahmed,Rishad Hossain
2513,2,8,5,Rangpur Riders,Fortune Barishal,Towfiq Khan,Iftikhar Ahmed,Rishad Hossain
2513,2,8,6,Rangpur Riders,Fortune Barishal,Towfiq Khan,Iftikhar Ahmed,Rishad Hossain
2513,2,9,1,Rangpur Riders,Fortune Barishal,Iftikhar Ahmed,Khushdil Shah,Faheem Ashraf
2513,2,9,2,Rangpur Riders,Fortune Barishal,Iftikhar Ahmed,Khushdil Shah,Faheem Ashraf
2513,2,9,3,Rangpur Riders,Fortune Barishal,Iftikhar Ahmed,Khushdil Shah,Faheem Ashraf
2513,2,9,4,Rangpur Riders,Fortune Barishal,Iftikhar Ahmed,Khushdil Shah,Faheem Ashraf
2513,2,9,5,Rangpur Riders,Fortune Barishal,Khushdil Shah,Iftikhar Ahmed,Faheem Ashraf
2513,2,9,6,Rangpur Riders,Fortune Barishal,Khushdil Shah,Iftikhar Ahmed,Faheem Ashraf
2513,2,10,1,Rangpur Riders,Fortune Barishal,Khushdil Shah,Iftikhar Ahmed,Rishad Hossain
2513,2,10,2,Rangpur Riders,Fortune Barishal,Khushdil Shah,Iftikhar Ahmed,Rishad Hossain
2513,2,10,3,Rangpur Riders,Fortune Barishal,Iftikhar Ahmed,Khushdil Shah,Rishad Hossain
2513,2,10,4,Rangpur Riders,Fortune Barishal,Iftikhar Ahmed,Khushdil Shah,Rishad Hossain
2513,2,10,5,Rangpur Riders,Fortune Barishal,Khushdil Shah,Iftikhar Ahmed,Rishad Hossain
2513,2,10,6,Rangpur Riders,Fortune Barishal,Khushdil Shah,Iftikhar Ahmed,Rishad Hossain
2513,2,10,7,Rangpur Riders,Fortune Barishal,Iftikhar Ahmed,Khushdil Shah,Rishad Hossain
2513,2,11,1,Rangpur Riders,Fortune Barishal,Iftikhar Ahmed,Khushdil Shah,Jahandad Khan
2513,2,11,2,Rangpur Riders,Fortune Barishal,Khushdil Shah,Iftikhar Ahmed,Jahandad Khan
2513,2,11,3,Rangpur Riders,Fortune Barishal,Khushdil Shah,Iftikhar Ahmed,Jahandad Khan
2513,2,11,4,Rangpur Riders,Fortune Barishal,Khushdil Shah,Iftikhar Ahmed,Jahandad Khan
2513,2,11,5,Rangpur Riders,Fortune Barishal,Iftikhar Ahmed,Khushdil Shah,Jahandad Khan
2513,2,11,6,Rangpur Riders,Fortune Barishal,Iftikhar Ahmed,Khushdil Shah,Jahandad Khan
2513,2,12,1,Rangpur Riders,Fortune Barishal,Khushdil Shah,Iftikhar Ahmed,Tanvir Islam
2513,2,12,2,Rangpur Riders,Fortune Barishal,Iftikhar Ahmed,Khushdil Shah,Tanvir Islam
2513,2,12,3,Rangpur Riders,Fortune Barishal,Khushdil Shah,Iftikhar Ahmed,Tanvir Islam
2513,2,12,4,Rangpur Riders,Fortune Barishal,Khushdil Shah,Iftikhar Ahmed,Tanvir Islam
2513,2,12,5,Rangpur Riders,Fortune Barishal,Khushdil Shah,Iftikhar Ahmed,Tanvir Islam
2513,2,12,6,Rangpur Riders,Fortune Barishal,Iftikhar Ahmed,Khushdil Shah,Tanvir Islam
2513,2,13,1,Rangpur Riders,Fortune Barishal,Iftikhar Ahmed,Khushdil Shah,Faheem Ashraf
2513,2,13,2,Rangpur Riders,Fortune Barishal,Khushdil Shah,Iftikhar Ahmed,Faheem Ashraf
2513,2,13,3,Rangpur Riders,Fortune Barishal,Iftikhar Ahmed,Khushdil Shah,Faheem Ashraf
2513,2,13,4,Rangpur Riders,Fortune Barishal,Iftikhar Ahmed,Khushdil Shah,Faheem Ashraf
2513,2,13,5,Rangpur Riders,Fortune Barishal,Khushdil Shah,Iftikhar Ahmed,Faheem Ashraf
2513,2,13,6,Rangpur Riders,Fortune Barishal,Iftikhar Ahmed,Khushdil Shah,Faheem Ashraf
2513,2,14,1,Rangpur Riders,Fortune Barishal,Iftikhar Ahmed,Khushdil Shah,Shaheen Shah Afridi
2513,2,14,2,Rangpur Riders,Fortune Barishal,Iftikhar Ahmed,Khushdil Shah,Shaheen Shah Afridi
2513,2,14,3,Rangpur Riders,Fortune Barishal,Khushdil Shah,Iftikhar Ahmed,Shaheen Shah Afridi
2513,2,14,4,Rangpur Riders,Fortune Barishal,Khushdil Shah,Iftikhar Ahmed,Shaheen Shah Afridi
2513,2,14,5,Rangpur Riders,Fortune Barishal,Khushdil Shah,Iftikhar Ahmed,Shaheen Shah Afridi
2513,2,14,6,Rangpur Riders,Fortune Barishal,Iftikhar Ahmed,Khushdil Shah,Shaheen Shah Afridi
2513,2,15,1,Rangpur Riders,Fortune Barishal,Iftikhar Ahmed,Khushdil Shah,Jahandad Khan
2513,2,15,2,Rangpur Riders,Fortune Barishal,Iftikhar Ahmed,Khushdil Shah,Jahandad Khan
2513,2,15,3,Rangpur Riders,Fortune Barishal,Iftikhar Ahmed,Khushdil Shah,Jahandad Khan
2513,2,15,4,Rangpur Riders,Fortune Barishal,Iftikhar Ahmed,Khushdil Shah,Jahandad Khan
2513,2,15,5,Rangpur Riders,Fortune Barishal,Iftikhar Ahmed,Khushdil Shah,Jahandad Khan
2513,2,15,6,Rangpur Riders,Fortune Barishal,Khushdil Shah,Iftikhar Ahmed,Jahandad Khan
2513,2,16,1,Rangpur Riders,Fortune Barishal,Khushdil Shah,Iftikhar Ahmed,Faheem Ashraf
2513,2,16,2,Rangpur Riders,Fortune Barishal,Khushdil Shah,Iftikhar Ahmed,Faheem Ashraf
2513,2,16,3,Rangpur Riders,Fortune Barishal,Iftikhar Ahmed,Khushdil Shah,Faheem Ashraf
2513,2,16,4,Rangpur Riders,Fortune Barishal,Iftikhar Ahmed,Khushdil Shah,Faheem Ashraf
2513,2,16,5,Rangpur Riders,Fortune Barishal,Iftikhar Ahmed,Khushdil Shah,Faheem Ashraf
2513,2,16,6,Rangpur Riders,Fortune Barishal,Iftikhar Ahmed,Khushdil Shah,Faheem Ashraf
2513,2,16,7,Rangpur Riders,Fortune Barishal,Iftikhar Ahmed,Khushdil Shah,Faheem Ashraf
2513,2,16,8,Rangpur Riders,Fortune Barishal,Iftikhar Ahmed,Khushdil Shah,Faheem Ashraf
2513,2,16,9,Rangpur Riders,Fortune Barishal,Khushdil Shah,Iftikhar Ahmed,Faheem Ashraf
2513,2,17,1,Rangpur Riders,Fortune Barishal,Iftikhar Ahmed,Khushdil Shah,Shaheen Shah Afridi
2513,2,17,2,Rangpur Riders,Fortune Barishal,Iftikhar Ahmed,Khushdil Shah,Shaheen Shah Afridi
2513,2,17,3,Rangpur Riders,Fortune Barishal,Iftikhar Ahmed,Khushdil Shah,Shaheen Shah Afridi
2513,2,17,4,Rangpur Riders,Fortune Barishal,Iftikhar Ahmed,Khushdil Shah,Shaheen Shah Afridi
2513,2,17,5,Rangpur Riders,Fortune Barishal,Iftikhar Ahmed,Khushdil Shah,Shaheen Shah Afridi
2513,2,17,6,Rangpur Riders,Fortune Barishal,Nurul Hasan,Khushdil Shah,Shaheen Shah Afridi
2513,2,18,1,Rangpur Riders,Fortune Barishal,Khushdil Shah,Nurul Hasan,Jahandad Khan
2513,2,18,2,Rangpur Riders,Fortune Barishal,Khushdil Shah,Nurul Hasan,Jahandad Khan
2513,2,18,3,Rangpur Riders,Fortune Barishal,Khushdil Shah,Nurul Hasan,Jahandad Khan
2513,2,18,4,Rangpur Riders,Fortune Barishal,Mahedi Hasan,Nurul Hasan,Jahandad Khan
2513,2,18,5,Rangpur Riders,Fortune Barishal,Mohammad Saifuddin,Nurul Hasan,Jahandad Khan
2513,2,18,6,Rangpur Riders,Fortune Barishal,Mohammad Saifuddin,Nurul Hasan,Jahandad Khan
2513,2,18,7,Rangpur Riders,Fortune Barishal,Kamrul Islam Rabbi,Nurul Hasan,Jahandad Khan
2513,2,19,1,Rangpur Riders,Fortune Barishal,Nurul Hasan,Kamrul Islam Rabbi,KR Mayers
2513,2,19,2,Rangpur Riders,Fortune Barishal,Nurul Hasan,Kamrul Islam Rabbi,KR Mayers
2513,2,19,3,Rangpur Riders,Fortune Barishal,Nurul Hasan,Kamrul Islam Rabbi,KR Mayers
2513,2,19,4,Rangpur Riders,Fortune Barishal,Nurul Hasan,Kamrul Islam Rabbi,KR Mayers
2513,2,19,5,Rangpur Riders,Fortune Barishal,Nurul Hasan,Kamrul Islam Rabbi,KR Mayers
2513,2,19,6,Rangpur Riders,Fortune Barishal,Nurul Hasan,Kamrul Islam Rabbi,KR Mayers
