MATCHID,INNINGSNO,OVERNO,BALL_NO,TEAMBATTING,TEAM_BOWLING,STRIKER,NON_STRIKER,BOWLER
2510,1,0,1,Durbar Rajshahi,Fortune Barishal,Mohammad Haris,Jishan Alam,KR Mayers
2510,1,0,2,Durbar Rajshahi,Fortune Barishal,Mohammad Haris,Jishan Alam,KR Mayers
2510,1,0,3,Durbar Rajshahi,Fortune Barishal,Mohammad Haris,Jishan Alam,KR Mayers
2510,1,0,4,Durbar Rajshahi,Fortune Barishal,Mohammad Haris,Jishan Alam,KR Mayers
2510,1,0,5,Durbar Rajshahi,Fortune Barishal,Mohammad Haris,Jishan Alam,KR Mayers
2510,1,0,6,Durbar Rajshahi,Fortune Barishal,Jishan Alam,Mohammad Haris,KR Mayers
2510,1,1,1,Durbar Rajshahi,Fortune Barishal,Mohammad Haris,Jishan Alam,Shaheen Shah Afridi
2510,1,1,2,Durbar Rajshahi,Fortune Barishal,Mohammad Haris,Jishan Alam,Shaheen Shah Afridi
2510,1,1,3,Durbar Rajshahi,Fortune Barishal,Mohammad Haris,Jishan Alam,Shaheen Shah Afridi
2510,1,1,4,Durbar Rajshahi,Fortune Barishal,Mohammad Haris,Jishan Alam,Shaheen Shah Afridi
2510,1,1,5,Durbar Rajshahi,Fortune Barishal,Jishan Alam,Mohammad Haris,Shaheen Shah Afridi
2510,1,1,6,Durbar Rajshahi,Fortune Barishal,Jishan Alam,Mohammad Haris,Shaheen Shah Afridi
2510,1,2,1,Durbar Rajshahi,Fortune Barishal,Mohammad Haris,Jishan Alam,Jahandad Khan
2510,1,2,2,Durbar Rajshahi,Fortune Barishal,Mohammad Haris,Jishan Alam,Jahandad Khan
2510,1,2,3,Durbar Rajshahi,Fortune Barishal,Mohammad Haris,Jishan Alam,Jahandad Khan
2510,1,2,4,Durbar Rajshahi,Fortune Barishal,Jishan Alam,Mohammad Haris,Jahandad Khan
2510,1,2,5,Durbar Rajshahi,Fortune Barishal,Jishan Alam,Mohammad Haris,Jahandad Khan
2510,1,2,6,Durbar Rajshahi,Fortune Barishal,Mohammad Haris,Jishan Alam,Jahandad Khan
2510,1,3,1,Durbar Rajshahi,Fortune Barishal,Jishan Alam,Mohammad Haris,Tanvir Islam
2510,1,3,2,Durbar Rajshahi,Fortune Barishal,Mohammad Haris,Jishan Alam,Tanvir Islam
2510,1,3,3,Durbar Rajshahi,Fortune Barishal,Jishan Alam,Mohammad Haris,Tanvir Islam
2510,1,3,4,Durbar Rajshahi,Fortune Barishal,Mohammad Haris,Jishan Alam,Tanvir Islam
2510,1,3,5,Durbar Rajshahi,Fortune Barishal,Mohammad Haris,Jishan Alam,Tanvir Islam
2510,1,3,6,Durbar Rajshahi,Fortune Barishal,Anamul Haque,Jishan Alam,Tanvir Islam
2510,1,3,7,Durbar Rajshahi,Fortune Barishal,Anamul Haque,Jishan Alam,Tanvir Islam
2510,1,4,1,Durbar Rajshahi,Fortune Barishal,Jishan Alam,Anamul Haque,Shaheen Shah Afridi
2510,1,4,2,Durbar Rajshahi,Fortune Barishal,Jishan Alam,Anamul Haque,Shaheen Shah Afridi
2510,1,4,3,Durbar Rajshahi,Fortune Barishal,Anamul Haque,Jishan Alam,Shaheen Shah Afridi
2510,1,4,4,Durbar Rajshahi,Fortune Barishal,Anamul Haque,Jishan Alam,Shaheen Shah Afridi
2510,1,4,5,Durbar Rajshahi,Fortune Barishal,Anamul Haque,Jishan Alam,Shaheen Shah Afridi
2510,1,4,6,Durbar Rajshahi,Fortune Barishal,Anamul Haque,Jishan Alam,Shaheen Shah Afridi
2510,1,5,1,Durbar Rajshahi,Fortune Barishal,Jishan Alam,Anamul Haque,Jahandad Khan
2510,1,5,2,Durbar Rajshahi,Fortune Barishal,Jishan Alam,Anamul Haque,Jahandad Khan
2510,1,5,3,Durbar Rajshahi,Fortune Barishal,Jishan Alam,Anamul Haque,Jahandad Khan
2510,1,5,4,Durbar Rajshahi,Fortune Barishal,Jishan Alam,Anamul Haque,Jahandad Khan
2510,1,5,5,Durbar Rajshahi,Fortune Barishal,Jishan Alam,Anamul Haque,Jahandad Khan
2510,1,5,6,Durbar Rajshahi,Fortune Barishal,Anamul Haque,Jishan Alam,Jahandad Khan
2510,1,6,1,Durbar Rajshahi,Fortune Barishal,Jishan Alam,Anamul Haque,Tanvir Islam
2510,1,6,2,Durbar Rajshahi,Fortune Barishal,Jishan Alam,Anamul Haque,Tanvir Islam
2510,1,6,3,Durbar Rajshahi,Fortune Barishal,Jishan Alam,Anamul Haque,Tanvir Islam
2510,1,6,4,Durbar Rajshahi,Fortune Barishal,Jishan Alam,Anamul Haque,Tanvir Islam
2510,1,6,5,Durbar Rajshahi,Fortune Barishal,Anamul Haque,Jishan Alam,Tanvir Islam
2510,1,6,6,Durbar Rajshahi,Fortune Barishal,Jishan Alam,Anamul Haque,Tanvir Islam
2510,1,7,1,Durbar Rajshahi,Fortune Barishal,Jishan Alam,Anamul Haque,Rishad Hossain
2510,1,7,2,Durbar Rajshahi,Fortune Barishal,Jishan Alam,Anamul Haque,Rishad Hossain
2510,1,7,3,Durbar Rajshahi,Fortune Barishal,Jishan Alam,Anamul Haque,Rishad Hossain
2510,1,7,4,Durbar Rajshahi,Fortune Barishal,Jishan Alam,Anamul Haque,Rishad Hossain
2510,1,7,5,Durbar Rajshahi,Fortune Barishal,Jishan Alam,Anamul Haque,Rishad Hossain
2510,1,7,6,Durbar Rajshahi,Fortune Barishal,Jishan Alam,Anamul Haque,Rishad Hossain
2510,1,8,1,Durbar Rajshahi,Fortune Barishal,Anamul Haque,Jishan Alam,Tanvir Islam
2510,1,8,2,Durbar Rajshahi,Fortune Barishal,Anamul Haque,Jishan Alam,Tanvir Islam
2510,1,8,3,Durbar Rajshahi,Fortune Barishal,Anamul Haque,Jishan Alam,Tanvir Islam
2510,1,8,4,Durbar Rajshahi,Fortune Barishal,Anamul Haque,Jishan Alam,Tanvir Islam
2510,1,8,5,Durbar Rajshahi,Fortune Barishal,Jishan Alam,Anamul Haque,Tanvir Islam
2510,1,8,6,Durbar Rajshahi,Fortune Barishal,Anamul Haque,Jishan Alam,Tanvir Islam
2510,1,9,1,Durbar Rajshahi,Fortune Barishal,Jishan Alam,Anamul Haque,Faheem Ashraf
2510,1,9,2,Durbar Rajshahi,Fortune Barishal,Jishan Alam,Anamul Haque,Faheem Ashraf
2510,1,9,3,Durbar Rajshahi,Fortune Barishal,Yasir Ali Chowdhury,Anamul Haque,Faheem Ashraf
2510,1,9,4,Durbar Rajshahi,Fortune Barishal,Yasir Ali Chowdhury,Anamul Haque,Faheem Ashraf
2510,1,9,5,Durbar Rajshahi,Fortune Barishal,Yasir Ali Chowdhury,Anamul Haque,Faheem Ashraf
2510,1,9,6,Durbar Rajshahi,Fortune Barishal,Yasir Ali Chowdhury,Anamul Haque,Faheem Ashraf
2510,1,10,1,Durbar Rajshahi,Fortune Barishal,Yasir Ali Chowdhury,Anamul Haque,Rishad Hossain
2510,1,10,2,Durbar Rajshahi,Fortune Barishal,Yasir Ali Chowdhury,Anamul Haque,Rishad Hossain
2510,1,10,3,Durbar Rajshahi,Fortune Barishal,Anamul Haque,Yasir Ali Chowdhury,Rishad Hossain
2510,1,10,4,Durbar Rajshahi,Fortune Barishal,Anamul Haque,Yasir Ali Chowdhury,Rishad Hossain
2510,1,10,5,Durbar Rajshahi,Fortune Barishal,Yasir Ali Chowdhury,Anamul Haque,Rishad Hossain
2510,1,10,6,Durbar Rajshahi,Fortune Barishal,Yasir Ali Chowdhury,Anamul Haque,Rishad Hossain
2510,1,11,1,Durbar Rajshahi,Fortune Barishal,Yasir Ali Chowdhury,Anamul Haque,Faheem Ashraf
2510,1,11,2,Durbar Rajshahi,Fortune Barishal,Anamul Haque,Yasir Ali Chowdhury,Faheem Ashraf
2510,1,11,3,Durbar Rajshahi,Fortune Barishal,Yasir Ali Chowdhury,Anamul Haque,Faheem Ashraf
2510,1,11,4,Durbar Rajshahi,Fortune Barishal,Anamul Haque,Yasir Ali Chowdhury,Faheem Ashraf
2510,1,11,5,Durbar Rajshahi,Fortune Barishal,Yasir Ali Chowdhury,Anamul Haque,Faheem Ashraf
2510,1,11,6,Durbar Rajshahi,Fortune Barishal,Anamul Haque,Yasir Ali Chowdhury,Faheem Ashraf
2510,1,12,1,Durbar Rajshahi,Fortune Barishal,Anamul Haque,Yasir Ali Chowdhury,Jahandad Khan
2510,1,12,2,Durbar Rajshahi,Fortune Barishal,Yasir Ali Chowdhury,Anamul Haque,Jahandad Khan
2510,1,12,3,Durbar Rajshahi,Fortune Barishal,Yasir Ali Chowdhury,Anamul Haque,Jahandad Khan
2510,1,12,4,Durbar Rajshahi,Fortune Barishal,Yasir Ali Chowdhury,Anamul Haque,Jahandad Khan
2510,1,12,5,Durbar Rajshahi,Fortune Barishal,Yasir Ali Chowdhury,Anamul Haque,Jahandad Khan
2510,1,12,6,Durbar Rajshahi,Fortune Barishal,Anamul Haque,Yasir Ali Chowdhury,Jahandad Khan
2510,1,13,1,Durbar Rajshahi,Fortune Barishal,Anamul Haque,Yasir Ali Chowdhury,Rishad Hossain
2510,1,13,2,Durbar Rajshahi,Fortune Barishal,Yasir Ali Chowdhury,Anamul Haque,Rishad Hossain
2510,1,13,3,Durbar Rajshahi,Fortune Barishal,Anamul Haque,Yasir Ali Chowdhury,Rishad Hossain
2510,1,13,4,Durbar Rajshahi,Fortune Barishal,Yasir Ali Chowdhury,Anamul Haque,Rishad Hossain
2510,1,13,5,Durbar Rajshahi,Fortune Barishal,Yasir Ali Chowdhury,Anamul Haque,Rishad Hossain
2510,1,13,6,Durbar Rajshahi,Fortune Barishal,Anamul Haque,Yasir Ali Chowdhury,Rishad Hossain
2510,1,14,1,Durbar Rajshahi,Fortune Barishal,Anamul Haque,Yasir Ali Chowdhury,Faheem Ashraf
2510,1,14,2,Durbar Rajshahi,Fortune Barishal,Yasir Ali Chowdhury,Anamul Haque,Faheem Ashraf
2510,1,14,3,Durbar Rajshahi,Fortune Barishal,Yasir Ali Chowdhury,Anamul Haque,Faheem Ashraf
2510,1,14,4,Durbar Rajshahi,Fortune Barishal,Anamul Haque,Yasir Ali Chowdhury,Faheem Ashraf
2510,1,14,5,Durbar Rajshahi,Fortune Barishal,Yasir Ali Chowdhury,Anamul Haque,Faheem Ashraf
2510,1,14,6,Durbar Rajshahi,Fortune Barishal,Yasir Ali Chowdhury,Anamul Haque,Faheem Ashraf
2510,1,15,1,Durbar Rajshahi,Fortune Barishal,Yasir Ali Chowdhury,Anamul Haque,Shaheen Shah Afridi
2510,1,15,2,Durbar Rajshahi,Fortune Barishal,RP Burl,Anamul Haque,Shaheen Shah Afridi
2510,1,15,3,Durbar Rajshahi,Fortune Barishal,Anamul Haque,RP Burl,Shaheen Shah Afridi
2510,1,15,4,Durbar Rajshahi,Fortune Barishal,RP Burl,Anamul Haque,Shaheen Shah Afridi
2510,1,15,5,Durbar Rajshahi,Fortune Barishal,RP Burl,Anamul Haque,Shaheen Shah Afridi
2510,1,15,6,Durbar Rajshahi,Fortune Barishal,RP Burl,Anamul Haque,Shaheen Shah Afridi
2510,1,16,1,Durbar Rajshahi,Fortune Barishal,Anamul Haque,RP Burl,Jahandad Khan
2510,1,16,2,Durbar Rajshahi,Fortune Barishal,Anamul Haque,RP Burl,Jahandad Khan
2510,1,16,3,Durbar Rajshahi,Fortune Barishal,RP Burl,Anamul Haque,Jahandad Khan
2510,1,16,4,Durbar Rajshahi,Fortune Barishal,Anamul Haque,RP Burl,Jahandad Khan
2510,1,16,5,Durbar Rajshahi,Fortune Barishal,RP Burl,Anamul Haque,Jahandad Khan
2510,1,16,6,Durbar Rajshahi,Fortune Barishal,RP Burl,Anamul Haque,Jahandad Khan
2510,1,17,1,Durbar Rajshahi,Fortune Barishal,Anamul Haque,RP Burl,Faheem Ashraf
2510,1,17,2,Durbar Rajshahi,Fortune Barishal,RP Burl,Anamul Haque,Faheem Ashraf
2510,1,17,3,Durbar Rajshahi,Fortune Barishal,Anamul Haque,RP Burl,Faheem Ashraf
2510,1,17,4,Durbar Rajshahi,Fortune Barishal,RP Burl,Anamul Haque,Faheem Ashraf
2510,1,17,5,Durbar Rajshahi,Fortune Barishal,Anamul Haque,RP Burl,Faheem Ashraf
2510,1,17,6,Durbar Rajshahi,Fortune Barishal,Anamul Haque,RP Burl,Faheem Ashraf
2510,1,18,1,Durbar Rajshahi,Fortune Barishal,Anamul Haque,RP Burl,Shaheen Shah Afridi
2510,1,18,2,Durbar Rajshahi,Fortune Barishal,Anamul Haque,RP Burl,Shaheen Shah Afridi
2510,1,18,3,Durbar Rajshahi,Fortune Barishal,Akbar Ali,RP Burl,Shaheen Shah Afridi
2510,1,18,4,Durbar Rajshahi,Fortune Barishal,Akbar Ali,RP Burl,Shaheen Shah Afridi
2510,1,18,5,Durbar Rajshahi,Fortune Barishal,Akbar Ali,RP Burl,Shaheen Shah Afridi
2510,1,18,6,Durbar Rajshahi,Fortune Barishal,Akbar Ali,RP Burl,Shaheen Shah Afridi
2510,1,19,1,Durbar Rajshahi,Fortune Barishal,RP Burl,Akbar Ali,KR Mayers
2510,1,19,2,Durbar Rajshahi,Fortune Barishal,Akbar Ali,RP Burl,KR Mayers
2510,1,19,3,Durbar Rajshahi,Fortune Barishal,Akbar Ali,RP Burl,KR Mayers
2510,1,19,4,Durbar Rajshahi,Fortune Barishal,Akbar Ali,RP Burl,KR Mayers
2510,1,19,5,Durbar Rajshahi,Fortune Barishal,Akbar Ali,RP Burl,KR Mayers
2510,1,19,6,Durbar Rajshahi,Fortune Barishal,RP Burl,Akbar Ali,KR Mayers
2510,1,19,7,Durbar Rajshahi,Fortune Barishal,RP Burl,Akbar Ali,KR Mayers
2510,1,19,8,Durbar Rajshahi,Fortune Barishal,Akbar Ali,RP Burl,KR Mayers
2510,2,0,1,Fortune Barishal,Durbar Rajshahi,Tamim Iqbal,Pritom Kumar,Taskin Ahmed
2510,2,0,2,Fortune Barishal,Durbar Rajshahi,Pritom Kumar,Tamim Iqbal,Taskin Ahmed
2510,2,0,3,Fortune Barishal,Durbar Rajshahi,Pritom Kumar,Tamim Iqbal,Taskin Ahmed
2510,2,0,4,Fortune Barishal,Durbar Rajshahi,Pritom Kumar,Tamim Iqbal,Taskin Ahmed
2510,2,0,5,Fortune Barishal,Durbar Rajshahi,Pritom Kumar,Tamim Iqbal,Taskin Ahmed
2510,2,0,6,Fortune Barishal,Durbar Rajshahi,Pritom Kumar,Tamim Iqbal,Taskin Ahmed
2510,2,1,1,Fortune Barishal,Durbar Rajshahi,Pritom Kumar,Tamim Iqbal,Jishan Alam
2510,2,1,2,Fortune Barishal,Durbar Rajshahi,Tamim Iqbal,Pritom Kumar,Jishan Alam
2510,2,1,3,Fortune Barishal,Durbar Rajshahi,Tamim Iqbal,Pritom Kumar,Jishan Alam
2510,2,1,4,Fortune Barishal,Durbar Rajshahi,Pritom Kumar,Tamim Iqbal,Jishan Alam
2510,2,1,5,Fortune Barishal,Durbar Rajshahi,Pritom Kumar,Tamim Iqbal,Jishan Alam
2510,2,1,6,Fortune Barishal,Durbar Rajshahi,Tamim Iqbal,Pritom Kumar,Jishan Alam
2510,2,2,1,Fortune Barishal,Durbar Rajshahi,Tamim Iqbal,Pritom Kumar,Taskin Ahmed
2510,2,2,2,Fortune Barishal,Durbar Rajshahi,Tamim Iqbal,Pritom Kumar,Taskin Ahmed
2510,2,2,3,Fortune Barishal,Durbar Rajshahi,Tamim Iqbal,Pritom Kumar,Taskin Ahmed
2510,2,2,4,Fortune Barishal,Durbar Rajshahi,Tamim Iqbal,Pritom Kumar,Taskin Ahmed
2510,2,2,5,Fortune Barishal,Durbar Rajshahi,Tamim Iqbal,Pritom Kumar,Taskin Ahmed
2510,2,2,6,Fortune Barishal,Durbar Rajshahi,Tamim Iqbal,Pritom Kumar,Taskin Ahmed
2510,2,3,1,Fortune Barishal,Durbar Rajshahi,Pritom Kumar,Tamim Iqbal,Mohor Sheikh
2510,2,3,2,Fortune Barishal,Durbar Rajshahi,KR Mayers,Tamim Iqbal,Mohor Sheikh
2510,2,3,3,Fortune Barishal,Durbar Rajshahi,KR Mayers,Tamim Iqbal,Mohor Sheikh
2510,2,3,4,Fortune Barishal,Durbar Rajshahi,KR Mayers,Tamim Iqbal,Mohor Sheikh
2510,2,3,5,Fortune Barishal,Durbar Rajshahi,KR Mayers,Tamim Iqbal,Mohor Sheikh
2510,2,3,6,Fortune Barishal,Durbar Rajshahi,KR Mayers,Tamim Iqbal,Mohor Sheikh
2510,2,3,7,Fortune Barishal,Durbar Rajshahi,KR Mayers,Tamim Iqbal,Mohor Sheikh
2510,2,3,8,Fortune Barishal,Durbar Rajshahi,KR Mayers,Tamim Iqbal,Mohor Sheikh
2510,2,3,9,Fortune Barishal,Durbar Rajshahi,KR Mayers,Tamim Iqbal,Mohor Sheikh
2510,2,4,1,Fortune Barishal,Durbar Rajshahi,Tamim Iqbal,KR Mayers,Shafiul Islam
2510,2,4,2,Fortune Barishal,Durbar Rajshahi,Tamim Iqbal,KR Mayers,Shafiul Islam
2510,2,4,3,Fortune Barishal,Durbar Rajshahi,Tamim Iqbal,KR Mayers,Shafiul Islam
2510,2,4,4,Fortune Barishal,Durbar Rajshahi,Tamim Iqbal,KR Mayers,Shafiul Islam
2510,2,4,5,Fortune Barishal,Durbar Rajshahi,KR Mayers,Tamim Iqbal,Shafiul Islam
2510,2,4,6,Fortune Barishal,Durbar Rajshahi,KR Mayers,Tamim Iqbal,Shafiul Islam
2510,2,5,1,Fortune Barishal,Durbar Rajshahi,KR Mayers,Tamim Iqbal,Mohor Sheikh
2510,2,5,2,Fortune Barishal,Durbar Rajshahi,KR Mayers,Tamim Iqbal,Mohor Sheikh
2510,2,5,3,Fortune Barishal,Durbar Rajshahi,KR Mayers,Tamim Iqbal,Mohor Sheikh
2510,2,5,4,Fortune Barishal,Durbar Rajshahi,Towhid Hridoy,Tamim Iqbal,Mohor Sheikh
2510,2,5,5,Fortune Barishal,Durbar Rajshahi,Tamim Iqbal,Towhid Hridoy,Mohor Sheikh
2510,2,5,6,Fortune Barishal,Durbar Rajshahi,Tamim Iqbal,Towhid Hridoy,Mohor Sheikh
2510,2,6,1,Fortune Barishal,Durbar Rajshahi,Towhid Hridoy,Tamim Iqbal,Shafiul Islam
2510,2,6,2,Fortune Barishal,Durbar Rajshahi,Tamim Iqbal,Towhid Hridoy,Shafiul Islam
2510,2,6,3,Fortune Barishal,Durbar Rajshahi,Towhid Hridoy,Tamim Iqbal,Shafiul Islam
2510,2,6,4,Fortune Barishal,Durbar Rajshahi,Towhid Hridoy,Tamim Iqbal,Shafiul Islam
2510,2,6,5,Fortune Barishal,Durbar Rajshahi,Tamim Iqbal,Towhid Hridoy,Shafiul Islam
2510,2,6,6,Fortune Barishal,Durbar Rajshahi,Towhid Hridoy,Tamim Iqbal,Shafiul Islam
2510,2,7,1,Fortune Barishal,Durbar Rajshahi,Towhid Hridoy,Tamim Iqbal,Jishan Alam
2510,2,7,2,Fortune Barishal,Durbar Rajshahi,Towhid Hridoy,Tamim Iqbal,Jishan Alam
2510,2,7,3,Fortune Barishal,Durbar Rajshahi,Tamim Iqbal,Towhid Hridoy,Jishan Alam
2510,2,7,4,Fortune Barishal,Durbar Rajshahi,Tamim Iqbal,Towhid Hridoy,Jishan Alam
2510,2,7,5,Fortune Barishal,Durbar Rajshahi,Tamim Iqbal,Towhid Hridoy,Jishan Alam
2510,2,7,6,Fortune Barishal,Durbar Rajshahi,Towhid Hridoy,Tamim Iqbal,Jishan Alam
2510,2,8,1,Fortune Barishal,Durbar Rajshahi,Towhid Hridoy,Tamim Iqbal,RP Burl
2510,2,8,2,Fortune Barishal,Durbar Rajshahi,Towhid Hridoy,Tamim Iqbal,RP Burl
2510,2,8,3,Fortune Barishal,Durbar Rajshahi,Tamim Iqbal,Towhid Hridoy,RP Burl
2510,2,8,4,Fortune Barishal,Durbar Rajshahi,Tamim Iqbal,Towhid Hridoy,RP Burl
2510,2,8,5,Fortune Barishal,Durbar Rajshahi,Towhid Hridoy,Tamim Iqbal,RP Burl
2510,2,8,6,Fortune Barishal,Durbar Rajshahi,Tamim Iqbal,Towhid Hridoy,RP Burl
2510,2,9,1,Fortune Barishal,Durbar Rajshahi,Tamim Iqbal,Towhid Hridoy,Jishan Alam
2510,2,9,2,Fortune Barishal,Durbar Rajshahi,Tamim Iqbal,Towhid Hridoy,Jishan Alam
2510,2,9,3,Fortune Barishal,Durbar Rajshahi,Towhid Hridoy,Tamim Iqbal,Jishan Alam
2510,2,9,4,Fortune Barishal,Durbar Rajshahi,Tamim Iqbal,Towhid Hridoy,Jishan Alam
2510,2,9,5,Fortune Barishal,Durbar Rajshahi,Towhid Hridoy,Tamim Iqbal,Jishan Alam
2510,2,9,6,Fortune Barishal,Durbar Rajshahi,Towhid Hridoy,Tamim Iqbal,Jishan Alam
2510,2,10,1,Fortune Barishal,Durbar Rajshahi,Tamim Iqbal,Mushfiqur Rahim,RP Burl
2510,2,10,2,Fortune Barishal,Durbar Rajshahi,Mushfiqur Rahim,Tamim Iqbal,RP Burl
2510,2,10,3,Fortune Barishal,Durbar Rajshahi,Tamim Iqbal,Mushfiqur Rahim,RP Burl
2510,2,10,4,Fortune Barishal,Durbar Rajshahi,Mushfiqur Rahim,Tamim Iqbal,RP Burl
2510,2,10,5,Fortune Barishal,Durbar Rajshahi,Tamim Iqbal,Mushfiqur Rahim,RP Burl
2510,2,10,6,Fortune Barishal,Durbar Rajshahi,Mushfiqur Rahim,Tamim Iqbal,RP Burl
2510,2,11,1,Fortune Barishal,Durbar Rajshahi,Tamim Iqbal,Mushfiqur Rahim,Jishan Alam
2510,2,11,2,Fortune Barishal,Durbar Rajshahi,Tamim Iqbal,Mushfiqur Rahim,Jishan Alam
2510,2,11,3,Fortune Barishal,Durbar Rajshahi,Mushfiqur Rahim,Tamim Iqbal,Jishan Alam
2510,2,11,4,Fortune Barishal,Durbar Rajshahi,Mushfiqur Rahim,Tamim Iqbal,Jishan Alam
2510,2,11,5,Fortune Barishal,Durbar Rajshahi,Mushfiqur Rahim,Tamim Iqbal,Jishan Alam
2510,2,11,6,Fortune Barishal,Durbar Rajshahi,Tamim Iqbal,Mushfiqur Rahim,Jishan Alam
2510,2,12,1,Fortune Barishal,Durbar Rajshahi,Tamim Iqbal,Mushfiqur Rahim,RP Burl
2510,2,12,2,Fortune Barishal,Durbar Rajshahi,Mushfiqur Rahim,Tamim Iqbal,RP Burl
2510,2,12,3,Fortune Barishal,Durbar Rajshahi,Tamim Iqbal,Mushfiqur Rahim,RP Burl
2510,2,12,4,Fortune Barishal,Durbar Rajshahi,Mushfiqur Rahim,Tamim Iqbal,RP Burl
2510,2,12,5,Fortune Barishal,Durbar Rajshahi,Mushfiqur Rahim,Tamim Iqbal,RP Burl
2510,2,12,6,Fortune Barishal,Durbar Rajshahi,Mushfiqur Rahim,Tamim Iqbal,RP Burl
2510,2,12,7,Fortune Barishal,Durbar Rajshahi,Mushfiqur Rahim,Tamim Iqbal,RP Burl
2510,2,13,1,Fortune Barishal,Durbar Rajshahi,Mushfiqur Rahim,Tamim Iqbal,Hasan Murad
2510,2,13,2,Fortune Barishal,Durbar Rajshahi,Mushfiqur Rahim,Tamim Iqbal,Hasan Murad
2510,2,13,3,Fortune Barishal,Durbar Rajshahi,Tamim Iqbal,Mushfiqur Rahim,Hasan Murad
2510,2,13,4,Fortune Barishal,Durbar Rajshahi,Mushfiqur Rahim,Tamim Iqbal,Hasan Murad
2510,2,13,5,Fortune Barishal,Durbar Rajshahi,Tamim Iqbal,Mushfiqur Rahim,Hasan Murad
2510,2,13,6,Fortune Barishal,Durbar Rajshahi,Tamim Iqbal,Mushfiqur Rahim,Hasan Murad
2510,2,14,1,Fortune Barishal,Durbar Rajshahi,Mushfiqur Rahim,Tamim Iqbal,Taskin Ahmed
2510,2,14,2,Fortune Barishal,Durbar Rajshahi,Mushfiqur Rahim,Tamim Iqbal,Taskin Ahmed
2510,2,14,3,Fortune Barishal,Durbar Rajshahi,Mushfiqur Rahim,Tamim Iqbal,Taskin Ahmed
2510,2,14,4,Fortune Barishal,Durbar Rajshahi,Mushfiqur Rahim,Tamim Iqbal,Taskin Ahmed
2510,2,14,5,Fortune Barishal,Durbar Rajshahi,Tamim Iqbal,Mushfiqur Rahim,Taskin Ahmed
2510,2,14,6,Fortune Barishal,Durbar Rajshahi,Mushfiqur Rahim,Tamim Iqbal,Taskin Ahmed
2510,2,15,1,Fortune Barishal,Durbar Rajshahi,Tamim Iqbal,Mushfiqur Rahim,Hasan Murad
2510,2,15,2,Fortune Barishal,Durbar Rajshahi,Tamim Iqbal,Mushfiqur Rahim,Hasan Murad
2510,2,15,3,Fortune Barishal,Durbar Rajshahi,Tamim Iqbal,Mushfiqur Rahim,Hasan Murad
2510,2,15,4,Fortune Barishal,Durbar Rajshahi,Mushfiqur Rahim,Tamim Iqbal,Hasan Murad
2510,2,15,5,Fortune Barishal,Durbar Rajshahi,Tamim Iqbal,Mushfiqur Rahim,Hasan Murad
2510,2,15,6,Fortune Barishal,Durbar Rajshahi,Mushfiqur Rahim,Tamim Iqbal,Hasan Murad
2510,2,16,1,Fortune Barishal,Durbar Rajshahi,Tamim Iqbal,Mushfiqur Rahim,Taskin Ahmed
2510,2,16,2,Fortune Barishal,Durbar Rajshahi,Mushfiqur Rahim,Tamim Iqbal,Taskin Ahmed
2510,2,16,3,Fortune Barishal,Durbar Rajshahi,Tamim Iqbal,Mushfiqur Rahim,Taskin Ahmed
2510,2,16,4,Fortune Barishal,Durbar Rajshahi,Mushfiqur Rahim,Tamim Iqbal,Taskin Ahmed
2510,2,16,5,Fortune Barishal,Durbar Rajshahi,Mushfiqur Rahim,Tamim Iqbal,Taskin Ahmed
2510,2,16,6,Fortune Barishal,Durbar Rajshahi,Mushfiqur Rahim,Tamim Iqbal,Taskin Ahmed
2510,2,17,1,Fortune Barishal,Durbar Rajshahi,Tamim Iqbal,Mushfiqur Rahim,Hasan Murad
2510,2,17,2,Fortune Barishal,Durbar Rajshahi,Tamim Iqbal,Mushfiqur Rahim,Hasan Murad
2510,2,17,3,Fortune Barishal,Durbar Rajshahi,Tamim Iqbal,Mushfiqur Rahim,Hasan Murad
