MATCHID,INNINGSNO,OVERNO,BALL_NO,TEAMBATTING,TEAMBOWLING,STRIKER,NON_STRIKER,BOWLER
2534,1,0,1,Durbar Rajshahi,Rangpur Riders,Jishan Alam,Sabbir Hossain,Mohammad Saifuddin
2534,1,0,2,Durbar Rajshahi,Rangpur Riders,Sabbir Hossain,Jishan Alam,Mohammad Saifuddin
2534,1,0,3,Durbar Rajshahi,Rangpur Riders,Sabbir Hossain,Jishan Alam,Mohammad Saifuddin
2534,1,0,4,Durbar Rajshahi,Rangpur Riders,Sabbir Hossain,Jishan Alam,Mohammad Saifuddin
2534,1,0,5,Durbar Rajshahi,Rangpur Riders,Sabbir Hossain,Jishan Alam,Mohammad Saifuddin
2534,1,0,6,Durbar Rajshahi,Rangpur Riders,Sabbir Hossain,Jishan Alam,Mohammad Saifuddin
2534,1,0,7,Durbar Rajshahi,Rangpur Riders,Sabbir Hossain,Jishan Alam,Mohammad Saifuddin
2534,1,0,8,Durbar Rajshahi,Rangpur Riders,Sabbir Hossain,Jishan Alam,Mohammad Saifuddin
2534,1,1,1,Durbar Rajshahi,Rangpur Riders,Jishan Alam,Sabbir Hossain,Akif Javed
2534,1,1,2,Durbar Rajshahi,Rangpur Riders,Sabbir Hossain,Jishan Alam,Akif Javed
2534,1,1,3,Durbar Rajshahi,Rangpur Riders,Sabbir Hossain,Jishan Alam,Akif Javed
2534,1,1,4,Durbar Rajshahi,Rangpur Riders,Sabbir Hossain,Jishan Alam,Akif Javed
2534,1,1,5,Durbar Rajshahi,Rangpur Riders,Sabbir Hossain,Jishan Alam,Akif Javed
2534,1,1,6,Durbar Rajshahi,Rangpur Riders,Sabbir Hossain,Jishan Alam,Akif Javed
2534,1,1,7,Durbar Rajshahi,Rangpur Riders,Sabbir Hossain,Jishan Alam,Akif Javed
2534,1,2,1,Durbar Rajshahi,Rangpur Riders,Jishan Alam,Sabbir Hossain,Mohammad Saifuddin
2534,1,2,2,Durbar Rajshahi,Rangpur Riders,Anamul Haque,Sabbir Hossain,Mohammad Saifuddin
2534,1,2,3,Durbar Rajshahi,Rangpur Riders,Anamul Haque,Sabbir Hossain,Mohammad Saifuddin
2534,1,2,4,Durbar Rajshahi,Rangpur Riders,Anamul Haque,Sabbir Hossain,Mohammad Saifuddin
2534,1,2,5,Durbar Rajshahi,Rangpur Riders,Anamul Haque,Sabbir Hossain,Mohammad Saifuddin
2534,1,2,6,Durbar Rajshahi,Rangpur Riders,Anamul Haque,Sabbir Hossain,Mohammad Saifuddin
2534,1,3,1,Durbar Rajshahi,Rangpur Riders,Sabbir Hossain,Anamul Haque,Akif Javed
2534,1,3,2,Durbar Rajshahi,Rangpur Riders,Sabbir Hossain,Anamul Haque,Akif Javed
2534,1,3,3,Durbar Rajshahi,Rangpur Riders,Anamul Haque,Sabbir Hossain,Akif Javed
2534,1,3,4,Durbar Rajshahi,Rangpur Riders,Anamul Haque,Sabbir Hossain,Akif Javed
2534,1,3,5,Durbar Rajshahi,Rangpur Riders,Anamul Haque,Sabbir Hossain,Akif Javed
2534,1,3,6,Durbar Rajshahi,Rangpur Riders,Anamul Haque,Sabbir Hossain,Akif Javed
2534,1,4,1,Durbar Rajshahi,Rangpur Riders,Sabbir Hossain,Anamul Haque,Rakibul Hasan
2534,1,4,2,Durbar Rajshahi,Rangpur Riders,Mrittunjoy Chowdhury,Anamul Haque,Rakibul Hasan
2534,1,4,3,Durbar Rajshahi,Rangpur Riders,Mrittunjoy Chowdhury,Anamul Haque,Rakibul Hasan
2534,1,4,4,Durbar Rajshahi,Rangpur Riders,Mrittunjoy Chowdhury,Anamul Haque,Rakibul Hasan
2534,1,4,5,Durbar Rajshahi,Rangpur Riders,Mrittunjoy Chowdhury,Anamul Haque,Rakibul Hasan
2534,1,4,6,Durbar Rajshahi,Rangpur Riders,Mrittunjoy Chowdhury,Anamul Haque,Rakibul Hasan
2534,1,4,7,Durbar Rajshahi,Rangpur Riders,Mrittunjoy Chowdhury,Anamul Haque,Rakibul Hasan
2534,1,5,1,Durbar Rajshahi,Rangpur Riders,Anamul Haque,Mrittunjoy Chowdhury,Nahid Rana
2534,1,5,2,Durbar Rajshahi,Rangpur Riders,Mrittunjoy Chowdhury,Anamul Haque,Nahid Rana
2534,1,5,3,Durbar Rajshahi,Rangpur Riders,Mrittunjoy Chowdhury,Anamul Haque,Nahid Rana
2534,1,5,4,Durbar Rajshahi,Rangpur Riders,Anamul Haque,Mrittunjoy Chowdhury,Nahid Rana
2534,1,5,5,Durbar Rajshahi,Rangpur Riders,Anamul Haque,Mrittunjoy Chowdhury,Nahid Rana
2534,1,5,6,Durbar Rajshahi,Rangpur Riders,Anamul Haque,Mrittunjoy Chowdhury,Nahid Rana
2534,1,5,7,Durbar Rajshahi,Rangpur Riders,Anamul Haque,Mrittunjoy Chowdhury,Nahid Rana
2534,1,6,1,Durbar Rajshahi,Rangpur Riders,Anamul Haque,Mrittunjoy Chowdhury,Khushdil Shah
2534,1,6,2,Durbar Rajshahi,Rangpur Riders,Mrittunjoy Chowdhury,Anamul Haque,Khushdil Shah
2534,1,6,3,Durbar Rajshahi,Rangpur Riders,Mrittunjoy Chowdhury,Anamul Haque,Khushdil Shah
2534,1,6,4,Durbar Rajshahi,Rangpur Riders,Mrittunjoy Chowdhury,Anamul Haque,Khushdil Shah
2534,1,6,5,Durbar Rajshahi,Rangpur Riders,SM Meherob,Anamul Haque,Khushdil Shah
2534,1,6,6,Durbar Rajshahi,Rangpur Riders,SM Meherob,Anamul Haque,Khushdil Shah
2534,1,6,7,Durbar Rajshahi,Rangpur Riders,Anamul Haque,SM Meherob,Khushdil Shah
2534,1,7,1,Durbar Rajshahi,Rangpur Riders,SM Meherob,Anamul Haque,Mahedi Hasan
2534,1,7,2,Durbar Rajshahi,Rangpur Riders,SM Meherob,Anamul Haque,Mahedi Hasan
2534,1,7,3,Durbar Rajshahi,Rangpur Riders,SM Meherob,Anamul Haque,Mahedi Hasan
2534,1,7,4,Durbar Rajshahi,Rangpur Riders,Anamul Haque,SM Meherob,Mahedi Hasan
2534,1,7,5,Durbar Rajshahi,Rangpur Riders,Yasir Ali Chowdhury,SM Meherob,Mahedi Hasan
2534,1,7,6,Durbar Rajshahi,Rangpur Riders,SM Meherob,Yasir Ali Chowdhury,Mahedi Hasan
2534,1,8,1,Durbar Rajshahi,Rangpur Riders,SM Meherob,Yasir Ali Chowdhury,Khushdil Shah
2534,1,8,2,Durbar Rajshahi,Rangpur Riders,Akbar Ali,Yasir Ali Chowdhury,Khushdil Shah
2534,1,8,3,Durbar Rajshahi,Rangpur Riders,Akbar Ali,Yasir Ali Chowdhury,Khushdil Shah
2534,1,8,4,Durbar Rajshahi,Rangpur Riders,Akbar Ali,Yasir Ali Chowdhury,Khushdil Shah
2534,1,8,5,Durbar Rajshahi,Rangpur Riders,Akbar Ali,Yasir Ali Chowdhury,Khushdil Shah
2534,1,8,6,Durbar Rajshahi,Rangpur Riders,Akbar Ali,Yasir Ali Chowdhury,Khushdil Shah
2534,1,9,1,Durbar Rajshahi,Rangpur Riders,Akbar Ali,Yasir Ali Chowdhury,Akif Javed
2534,1,9,2,Durbar Rajshahi,Rangpur Riders,Akbar Ali,Yasir Ali Chowdhury,Akif Javed
2534,1,9,3,Durbar Rajshahi,Rangpur Riders,Yasir Ali Chowdhury,Akbar Ali,Akif Javed
2534,1,9,4,Durbar Rajshahi,Rangpur Riders,Yasir Ali Chowdhury,Akbar Ali,Akif Javed
2534,1,9,5,Durbar Rajshahi,Rangpur Riders,Yasir Ali Chowdhury,Akbar Ali,Akif Javed
2534,1,9,6,Durbar Rajshahi,Rangpur Riders,Mizanur Rahman,Akbar Ali,Akif Javed
2534,1,10,1,Durbar Rajshahi,Rangpur Riders,Akbar Ali,Mizanur Rahman,Khushdil Shah
2534,1,10,2,Durbar Rajshahi,Rangpur Riders,Akbar Ali,Mizanur Rahman,Khushdil Shah
2534,1,10,3,Durbar Rajshahi,Rangpur Riders,Mizanur Rahman,Akbar Ali,Khushdil Shah
2534,1,10,4,Durbar Rajshahi,Rangpur Riders,Mizanur Rahman,Akbar Ali,Khushdil Shah
2534,1,10,5,Durbar Rajshahi,Rangpur Riders,Mizanur Rahman,Akbar Ali,Khushdil Shah
2534,1,10,6,Durbar Rajshahi,Rangpur Riders,Mizanur Rahman,Akbar Ali,Khushdil Shah
2534,1,11,1,Durbar Rajshahi,Rangpur Riders,Akbar Ali,Mizanur Rahman,Nahid Rana
2534,1,11,2,Durbar Rajshahi,Rangpur Riders,Akbar Ali,Mizanur Rahman,Nahid Rana
2534,1,11,3,Durbar Rajshahi,Rangpur Riders,Akbar Ali,Mizanur Rahman,Nahid Rana
2534,1,11,4,Durbar Rajshahi,Rangpur Riders,Akbar Ali,Mizanur Rahman,Nahid Rana
2534,1,11,5,Durbar Rajshahi,Rangpur Riders,Mizanur Rahman,Akbar Ali,Nahid Rana
2534,1,11,6,Durbar Rajshahi,Rangpur Riders,Akbar Ali,Mizanur Rahman,Nahid Rana
2534,1,12,1,Durbar Rajshahi,Rangpur Riders,Mizanur Rahman,Akbar Ali,Khushdil Shah
2534,1,12,2,Durbar Rajshahi,Rangpur Riders,Mizanur Rahman,Akbar Ali,Khushdil Shah
2534,1,12,3,Durbar Rajshahi,Rangpur Riders,Mizanur Rahman,Akbar Ali,Khushdil Shah
2534,1,12,4,Durbar Rajshahi,Rangpur Riders,Mizanur Rahman,Akbar Ali,Khushdil Shah
2534,1,12,5,Durbar Rajshahi,Rangpur Riders,Sunzamul Islam,Akbar Ali,Khushdil Shah
2534,1,12,6,Durbar Rajshahi,Rangpur Riders,Akbar Ali,Sunzamul Islam,Khushdil Shah
2534,1,13,1,Durbar Rajshahi,Rangpur Riders,Akbar Ali,Sunzamul Islam,Akif Javed
2534,1,13,2,Durbar Rajshahi,Rangpur Riders,Sunzamul Islam,Akbar Ali,Akif Javed
2534,1,13,3,Durbar Rajshahi,Rangpur Riders,Sunzamul Islam,Akbar Ali,Akif Javed
2534,1,13,4,Durbar Rajshahi,Rangpur Riders,Akbar Ali,Sunzamul Islam,Akif Javed
2534,1,13,5,Durbar Rajshahi,Rangpur Riders,Sunzamul Islam,Akbar Ali,Akif Javed
2534,1,13,6,Durbar Rajshahi,Rangpur Riders,Sunzamul Islam,Akbar Ali,Akif Javed
2534,1,14,1,Durbar Rajshahi,Rangpur Riders,Akbar Ali,Sunzamul Islam,Rakibul Hasan
2534,1,14,2,Durbar Rajshahi,Rangpur Riders,Akbar Ali,Sunzamul Islam,Rakibul Hasan
2534,1,14,3,Durbar Rajshahi,Rangpur Riders,Akbar Ali,Sunzamul Islam,Rakibul Hasan
2534,1,14,4,Durbar Rajshahi,Rangpur Riders,Akbar Ali,Sunzamul Islam,Rakibul Hasan
2534,1,14,5,Durbar Rajshahi,Rangpur Riders,Taskin Ahmed,Sunzamul Islam,Rakibul Hasan
2534,1,14,6,Durbar Rajshahi,Rangpur Riders,Taskin Ahmed,Sunzamul Islam,Rakibul Hasan
2534,1,15,1,Durbar Rajshahi,Rangpur Riders,Sunzamul Islam,Taskin Ahmed,Nahid Rana
2534,1,15,2,Durbar Rajshahi,Rangpur Riders,Taskin Ahmed,Sunzamul Islam,Nahid Rana
2534,1,15,3,Durbar Rajshahi,Rangpur Riders,Sunzamul Islam,Taskin Ahmed,Nahid Rana
2534,1,15,4,Durbar Rajshahi,Rangpur Riders,Sunzamul Islam,Taskin Ahmed,Nahid Rana
2534,1,15,5,Durbar Rajshahi,Rangpur Riders,Sunzamul Islam,Taskin Ahmed,Nahid Rana
2534,1,15,6,Durbar Rajshahi,Rangpur Riders,Sunzamul Islam,Taskin Ahmed,Nahid Rana
2534,1,16,1,Durbar Rajshahi,Rangpur Riders,Taskin Ahmed,Sunzamul Islam,Mahedi Hasan
2534,1,16,2,Durbar Rajshahi,Rangpur Riders,Taskin Ahmed,Sunzamul Islam,Mahedi Hasan
2534,1,16,3,Durbar Rajshahi,Rangpur Riders,Sunzamul Islam,Taskin Ahmed,Mahedi Hasan
2534,1,16,4,Durbar Rajshahi,Rangpur Riders,Sunzamul Islam,Taskin Ahmed,Mahedi Hasan
2534,1,16,5,Durbar Rajshahi,Rangpur Riders,Sunzamul Islam,Taskin Ahmed,Mahedi Hasan
2534,1,16,6,Durbar Rajshahi,Rangpur Riders,Sunzamul Islam,Taskin Ahmed,Mahedi Hasan
2534,1,17,1,Durbar Rajshahi,Rangpur Riders,Sunzamul Islam,Taskin Ahmed,Mohammad Saifuddin
2534,1,17,2,Durbar Rajshahi,Rangpur Riders,Sunzamul Islam,Taskin Ahmed,Mohammad Saifuddin
2534,1,17,3,Durbar Rajshahi,Rangpur Riders,Taskin Ahmed,Sunzamul Islam,Mohammad Saifuddin
2534,1,17,4,Durbar Rajshahi,Rangpur Riders,Taskin Ahmed,Sunzamul Islam,Mohammad Saifuddin
2534,1,17,5,Durbar Rajshahi,Rangpur Riders,Sunzamul Islam,Taskin Ahmed,Mohammad Saifuddin
2534,1,17,6,Durbar Rajshahi,Rangpur Riders,Taskin Ahmed,Sunzamul Islam,Mohammad Saifuddin
2534,1,18,1,Durbar Rajshahi,Rangpur Riders,Sunzamul Islam,Mohor Sheikh,Nahid Rana
2534,1,18,2,Durbar Rajshahi,Rangpur Riders,Sunzamul Islam,Mohor Sheikh,Nahid Rana
2534,1,18,3,Durbar Rajshahi,Rangpur Riders,Sunzamul Islam,Mohor Sheikh,Nahid Rana
2534,1,18,4,Durbar Rajshahi,Rangpur Riders,Sunzamul Islam,Mohor Sheikh,Nahid Rana
2534,1,18,5,Durbar Rajshahi,Rangpur Riders,Sunzamul Islam,Mohor Sheikh,Nahid Rana
2534,1,18,6,Durbar Rajshahi,Rangpur Riders,Sunzamul Islam,Mohor Sheikh,Nahid Rana
2534,1,19,1,Durbar Rajshahi,Rangpur Riders,Sunzamul Islam,Mohor Sheikh,Mohammad Saifuddin
2534,1,19,2,Durbar Rajshahi,Rangpur Riders,Sunzamul Islam,Mohor Sheikh,Mohammad Saifuddin
2534,1,19,3,Durbar Rajshahi,Rangpur Riders,Sunzamul Islam,Mohor Sheikh,Mohammad Saifuddin
2534,1,19,4,Durbar Rajshahi,Rangpur Riders,Sunzamul Islam,Mohor Sheikh,Mohammad Saifuddin
2534,1,19,5,Durbar Rajshahi,Rangpur Riders,Sunzamul Islam,Mohor Sheikh,Mohammad Saifuddin
2534,1,19,6,Durbar Rajshahi,Rangpur Riders,Sunzamul Islam,Mohor Sheikh,Mohammad Saifuddin
2534,2,0,1,Rangpur Riders,Durbar Rajshahi,SR Taylor,Soumya Sarkar,Taskin Ahmed
2534,2,0,2,Rangpur Riders,Durbar Rajshahi,SR Taylor,Soumya Sarkar,Taskin Ahmed
2534,2,0,3,Rangpur Riders,Durbar Rajshahi,SR Taylor,Soumya Sarkar,Taskin Ahmed
2534,2,0,4,Rangpur Riders,Durbar Rajshahi,SR Taylor,Soumya Sarkar,Taskin Ahmed
2534,2,0,5,Rangpur Riders,Durbar Rajshahi,Saif Hassan,Soumya Sarkar,Taskin Ahmed
2534,2,0,6,Rangpur Riders,Durbar Rajshahi,Saif Hassan,Soumya Sarkar,Taskin Ahmed
2534,2,1,1,Rangpur Riders,Durbar Rajshahi,Soumya Sarkar,Saif Hassan,Mrittunjoy Chowdhury
2534,2,1,2,Rangpur Riders,Durbar Rajshahi,Soumya Sarkar,Saif Hassan,Mrittunjoy Chowdhury
2534,2,1,3,Rangpur Riders,Durbar Rajshahi,Soumya Sarkar,Saif Hassan,Mrittunjoy Chowdhury
2534,2,1,4,Rangpur Riders,Durbar Rajshahi,Soumya Sarkar,Saif Hassan,Mrittunjoy Chowdhury
2534,2,1,5,Rangpur Riders,Durbar Rajshahi,Soumya Sarkar,Saif Hassan,Mrittunjoy Chowdhury
2534,2,1,6,Rangpur Riders,Durbar Rajshahi,Saif Hassan,Soumya Sarkar,Mrittunjoy Chowdhury
2534,2,1,7,Rangpur Riders,Durbar Rajshahi,Saif Hassan,Soumya Sarkar,Mrittunjoy Chowdhury
2534,2,1,8,Rangpur Riders,Durbar Rajshahi,Iftikhar Ahmed,Soumya Sarkar,Mrittunjoy Chowdhury
2534,2,1,9,Rangpur Riders,Durbar Rajshahi,Iftikhar Ahmed,Soumya Sarkar,Mrittunjoy Chowdhury
2534,2,2,1,Rangpur Riders,Durbar Rajshahi,Soumya Sarkar,Iftikhar Ahmed,Taskin Ahmed
2534,2,2,2,Rangpur Riders,Durbar Rajshahi,Soumya Sarkar,Iftikhar Ahmed,Taskin Ahmed
2534,2,2,3,Rangpur Riders,Durbar Rajshahi,Iftikhar Ahmed,Soumya Sarkar,Taskin Ahmed
2534,2,2,4,Rangpur Riders,Durbar Rajshahi,Iftikhar Ahmed,Soumya Sarkar,Taskin Ahmed
2534,2,2,5,Rangpur Riders,Durbar Rajshahi,Iftikhar Ahmed,Soumya Sarkar,Taskin Ahmed
2534,2,2,6,Rangpur Riders,Durbar Rajshahi,Iftikhar Ahmed,Soumya Sarkar,Taskin Ahmed
2534,2,3,1,Rangpur Riders,Durbar Rajshahi,Iftikhar Ahmed,Soumya Sarkar,Mohor Sheikh
2534,2,3,2,Rangpur Riders,Durbar Rajshahi,Iftikhar Ahmed,Soumya Sarkar,Mohor Sheikh
2534,2,3,3,Rangpur Riders,Durbar Rajshahi,Iftikhar Ahmed,Soumya Sarkar,Mohor Sheikh
2534,2,3,4,Rangpur Riders,Durbar Rajshahi,Iftikhar Ahmed,Soumya Sarkar,Mohor Sheikh
2534,2,3,5,Rangpur Riders,Durbar Rajshahi,Iftikhar Ahmed,Soumya Sarkar,Mohor Sheikh
2534,2,3,6,Rangpur Riders,Durbar Rajshahi,Iftikhar Ahmed,Soumya Sarkar,Mohor Sheikh
2534,2,4,1,Rangpur Riders,Durbar Rajshahi,Soumya Sarkar,Iftikhar Ahmed,SM Meherob
2534,2,4,2,Rangpur Riders,Durbar Rajshahi,Soumya Sarkar,Iftikhar Ahmed,SM Meherob
2534,2,4,3,Rangpur Riders,Durbar Rajshahi,Soumya Sarkar,Iftikhar Ahmed,SM Meherob
2534,2,4,4,Rangpur Riders,Durbar Rajshahi,Iftikhar Ahmed,Soumya Sarkar,SM Meherob
2534,2,4,5,Rangpur Riders,Durbar Rajshahi,Soumya Sarkar,Iftikhar Ahmed,SM Meherob
2534,2,4,6,Rangpur Riders,Durbar Rajshahi,Iftikhar Ahmed,Soumya Sarkar,SM Meherob
2534,2,5,1,Rangpur Riders,Durbar Rajshahi,Soumya Sarkar,Iftikhar Ahmed,Mrittunjoy Chowdhury
2534,2,5,2,Rangpur Riders,Durbar Rajshahi,Soumya Sarkar,Iftikhar Ahmed,Mrittunjoy Chowdhury
2534,2,5,3,Rangpur Riders,Durbar Rajshahi,Soumya Sarkar,Iftikhar Ahmed,Mrittunjoy Chowdhury
2534,2,5,4,Rangpur Riders,Durbar Rajshahi,Mahedi Hasan,Iftikhar Ahmed,Mrittunjoy Chowdhury
2534,2,5,5,Rangpur Riders,Durbar Rajshahi,Mahedi Hasan,Iftikhar Ahmed,Mrittunjoy Chowdhury
2534,2,5,6,Rangpur Riders,Durbar Rajshahi,Mahedi Hasan,Iftikhar Ahmed,Mrittunjoy Chowdhury
2534,2,6,1,Rangpur Riders,Durbar Rajshahi,Iftikhar Ahmed,Nurul Hasan,Sunzamul Islam
2534,2,6,2,Rangpur Riders,Durbar Rajshahi,Nurul Hasan,Iftikhar Ahmed,Sunzamul Islam
2534,2,6,3,Rangpur Riders,Durbar Rajshahi,Nurul Hasan,Iftikhar Ahmed,Sunzamul Islam
2534,2,6,4,Rangpur Riders,Durbar Rajshahi,Iftikhar Ahmed,Nurul Hasan,Sunzamul Islam
2534,2,6,5,Rangpur Riders,Durbar Rajshahi,Nurul Hasan,Iftikhar Ahmed,Sunzamul Islam
2534,2,6,6,Rangpur Riders,Durbar Rajshahi,Iftikhar Ahmed,Nurul Hasan,Sunzamul Islam
2534,2,7,1,Rangpur Riders,Durbar Rajshahi,Iftikhar Ahmed,Nurul Hasan,Mrittunjoy Chowdhury
2534,2,7,2,Rangpur Riders,Durbar Rajshahi,Nurul Hasan,Iftikhar Ahmed,Mrittunjoy Chowdhury
2534,2,7,3,Rangpur Riders,Durbar Rajshahi,Khushdil Shah,Iftikhar Ahmed,Mrittunjoy Chowdhury
2534,2,7,4,Rangpur Riders,Durbar Rajshahi,Khushdil Shah,Iftikhar Ahmed,Mrittunjoy Chowdhury
2534,2,7,5,Rangpur Riders,Durbar Rajshahi,Khushdil Shah,Iftikhar Ahmed,Mrittunjoy Chowdhury
2534,2,7,6,Rangpur Riders,Durbar Rajshahi,Khushdil Shah,Iftikhar Ahmed,Mrittunjoy Chowdhury
2534,2,7,7,Rangpur Riders,Durbar Rajshahi,Khushdil Shah,Iftikhar Ahmed,Mrittunjoy Chowdhury
2534,2,8,1,Rangpur Riders,Durbar Rajshahi,Iftikhar Ahmed,Khushdil Shah,Mohor Sheikh
2534,2,8,2,Rangpur Riders,Durbar Rajshahi,Iftikhar Ahmed,Khushdil Shah,Mohor Sheikh
2534,2,8,3,Rangpur Riders,Durbar Rajshahi,Iftikhar Ahmed,Khushdil Shah,Mohor Sheikh
2534,2,8,4,Rangpur Riders,Durbar Rajshahi,Mohammad Saifuddin,Khushdil Shah,Mohor Sheikh
2534,2,8,5,Rangpur Riders,Durbar Rajshahi,Mohammad Saifuddin,Khushdil Shah,Mohor Sheikh
2534,2,8,6,Rangpur Riders,Durbar Rajshahi,Mohammad Saifuddin,Khushdil Shah,Mohor Sheikh
2534,2,9,1,Rangpur Riders,Durbar Rajshahi,Khushdil Shah,Mohammad Saifuddin,Jishan Alam
2534,2,9,2,Rangpur Riders,Durbar Rajshahi,Khushdil Shah,Mohammad Saifuddin,Jishan Alam
2534,2,9,3,Rangpur Riders,Durbar Rajshahi,Khushdil Shah,Mohammad Saifuddin,Jishan Alam
2534,2,9,4,Rangpur Riders,Durbar Rajshahi,Mohammad Saifuddin,Khushdil Shah,Jishan Alam
2534,2,9,5,Rangpur Riders,Durbar Rajshahi,Khushdil Shah,Mohammad Saifuddin,Jishan Alam
2534,2,9,6,Rangpur Riders,Durbar Rajshahi,Khushdil Shah,Mohammad Saifuddin,Jishan Alam
2534,2,10,1,Rangpur Riders,Durbar Rajshahi,Khushdil Shah,Mohammad Saifuddin,SM Meherob
2534,2,10,2,Rangpur Riders,Durbar Rajshahi,Khushdil Shah,Mohammad Saifuddin,SM Meherob
2534,2,10,3,Rangpur Riders,Durbar Rajshahi,Mohammad Saifuddin,Khushdil Shah,SM Meherob
2534,2,10,4,Rangpur Riders,Durbar Rajshahi,Mohammad Saifuddin,Khushdil Shah,SM Meherob
2534,2,10,5,Rangpur Riders,Durbar Rajshahi,Mohammad Saifuddin,Khushdil Shah,SM Meherob
2534,2,10,6,Rangpur Riders,Durbar Rajshahi,Mohammad Saifuddin,Khushdil Shah,SM Meherob
2534,2,11,1,Rangpur Riders,Durbar Rajshahi,Mohammad Saifuddin,Khushdil Shah,Jishan Alam
2534,2,11,2,Rangpur Riders,Durbar Rajshahi,Khushdil Shah,Mohammad Saifuddin,Jishan Alam
2534,2,11,3,Rangpur Riders,Durbar Rajshahi,Khushdil Shah,Mohammad Saifuddin,Jishan Alam
2534,2,11,4,Rangpur Riders,Durbar Rajshahi,Mohammad Saifuddin,Khushdil Shah,Jishan Alam
2534,2,11,5,Rangpur Riders,Durbar Rajshahi,Khushdil Shah,Mohammad Saifuddin,Jishan Alam
2534,2,11,6,Rangpur Riders,Durbar Rajshahi,Khushdil Shah,Mohammad Saifuddin,Jishan Alam
2534,2,12,1,Rangpur Riders,Durbar Rajshahi,Khushdil Shah,Mohammad Saifuddin,Mohor Sheikh
2534,2,12,2,Rangpur Riders,Durbar Rajshahi,Khushdil Shah,Mohammad Saifuddin,Mohor Sheikh
2534,2,12,3,Rangpur Riders,Durbar Rajshahi,Mohammad Saifuddin,Khushdil Shah,Mohor Sheikh
2534,2,12,4,Rangpur Riders,Durbar Rajshahi,Khushdil Shah,Mohammad Saifuddin,Mohor Sheikh
2534,2,12,5,Rangpur Riders,Durbar Rajshahi,Rakibul Hasan,Mohammad Saifuddin,Mohor Sheikh
2534,2,12,6,Rangpur Riders,Durbar Rajshahi,Rakibul Hasan,Mohammad Saifuddin,Mohor Sheikh
2534,2,13,1,Rangpur Riders,Durbar Rajshahi,Mohammad Saifuddin,Rakibul Hasan,SM Meherob
2534,2,13,2,Rangpur Riders,Durbar Rajshahi,Mohammad Saifuddin,Rakibul Hasan,SM Meherob
2534,2,13,3,Rangpur Riders,Durbar Rajshahi,Mohammad Saifuddin,Rakibul Hasan,SM Meherob
2534,2,13,4,Rangpur Riders,Durbar Rajshahi,Mohammad Saifuddin,Rakibul Hasan,SM Meherob
2534,2,13,5,Rangpur Riders,Durbar Rajshahi,Rakibul Hasan,Mohammad Saifuddin,SM Meherob
2534,2,13,6,Rangpur Riders,Durbar Rajshahi,Rakibul Hasan,Mohammad Saifuddin,SM Meherob
2534,2,14,1,Rangpur Riders,Durbar Rajshahi,Rakibul Hasan,Mohammad Saifuddin,Mohor Sheikh
2534,2,14,2,Rangpur Riders,Durbar Rajshahi,Rakibul Hasan,Mohammad Saifuddin,Mohor Sheikh
2534,2,14,3,Rangpur Riders,Durbar Rajshahi,Rakibul Hasan,Mohammad Saifuddin,Mohor Sheikh
2534,2,14,4,Rangpur Riders,Durbar Rajshahi,Rakibul Hasan,Mohammad Saifuddin,Mohor Sheikh
2534,2,14,5,Rangpur Riders,Durbar Rajshahi,Rakibul Hasan,Mohammad Saifuddin,Mohor Sheikh
2534,2,14,6,Rangpur Riders,Durbar Rajshahi,Rakibul Hasan,Mohammad Saifuddin,Mohor Sheikh
2534,2,15,1,Rangpur Riders,Durbar Rajshahi,Rakibul Hasan,Mohammad Saifuddin,Jishan Alam
2534,2,15,2,Rangpur Riders,Durbar Rajshahi,Rakibul Hasan,Mohammad Saifuddin,Jishan Alam
2534,2,15,3,Rangpur Riders,Durbar Rajshahi,Rakibul Hasan,Mohammad Saifuddin,Jishan Alam
2534,2,15,4,Rangpur Riders,Durbar Rajshahi,Rakibul Hasan,Mohammad Saifuddin,Jishan Alam
2534,2,15,5,Rangpur Riders,Durbar Rajshahi,Mohammad Saifuddin,Rakibul Hasan,Jishan Alam
2534,2,15,6,Rangpur Riders,Durbar Rajshahi,Mohammad Saifuddin,Rakibul Hasan,Jishan Alam
2534,2,16,1,Rangpur Riders,Durbar Rajshahi,Rakibul Hasan,Mohammad Saifuddin,Taskin Ahmed
2534,2,16,2,Rangpur Riders,Durbar Rajshahi,Rakibul Hasan,Mohammad Saifuddin,Taskin Ahmed
2534,2,16,3,Rangpur Riders,Durbar Rajshahi,Mohammad Saifuddin,Rakibul Hasan,Taskin Ahmed
2534,2,16,4,Rangpur Riders,Durbar Rajshahi,Rakibul Hasan,Mohammad Saifuddin,Taskin Ahmed
2534,2,16,5,Rangpur Riders,Durbar Rajshahi,Rakibul Hasan,Mohammad Saifuddin,Taskin Ahmed
2534,2,16,6,Rangpur Riders,Durbar Rajshahi,Mohammad Saifuddin,Rakibul Hasan,Taskin Ahmed
2534,2,17,1,Rangpur Riders,Durbar Rajshahi,Mohammad Saifuddin,Rakibul Hasan,Mrittunjoy Chowdhury
2534,2,17,2,Rangpur Riders,Durbar Rajshahi,Mohammad Saifuddin,Rakibul Hasan,Mrittunjoy Chowdhury
2534,2,17,3,Rangpur Riders,Durbar Rajshahi,Mohammad Saifuddin,Rakibul Hasan,Mrittunjoy Chowdhury
2534,2,17,4,Rangpur Riders,Durbar Rajshahi,Mohammad Saifuddin,Rakibul Hasan,Mrittunjoy Chowdhury
2534,2,17,5,Rangpur Riders,Durbar Rajshahi,Mohammad Saifuddin,Rakibul Hasan,Mrittunjoy Chowdhury
2534,2,17,6,Rangpur Riders,Durbar Rajshahi,Mohammad Saifuddin,Rakibul Hasan,Mrittunjoy Chowdhury
2534,2,18,1,Rangpur Riders,Durbar Rajshahi,Rakibul Hasan,Mohammad Saifuddin,Taskin Ahmed
2534,2,18,2,Rangpur Riders,Durbar Rajshahi,Rakibul Hasan,Mohammad Saifuddin,Taskin Ahmed
2534,2,18,3,Rangpur Riders,Durbar Rajshahi,Rakibul Hasan,Mohammad Saifuddin,Taskin Ahmed
2534,2,18,4,Rangpur Riders,Durbar Rajshahi,Rakibul Hasan,Mohammad Saifuddin,Taskin Ahmed
2534,2,18,5,Rangpur Riders,Durbar Rajshahi,Akif Javed,Mohammad Saifuddin,Taskin Ahmed
2534,2,18,6,Rangpur Riders,Durbar Rajshahi,Akif Javed,Mohammad Saifuddin,Taskin Ahmed
2534,2,19,1,Rangpur Riders,Durbar Rajshahi,Mohammad Saifuddin,Akif Javed,Jishan Alam
2534,2,19,2,Rangpur Riders,Durbar Rajshahi,Mohammad Saifuddin,Akif Javed,Jishan Alam
2534,2,19,3,Rangpur Riders,Durbar Rajshahi,Mohammad Saifuddin,Akif Javed,Jishan Alam
2534,2,19,4,Rangpur Riders,Durbar Rajshahi,Mohammad Saifuddin,Akif Javed,Jishan Alam
2534,2,19,5,Rangpur Riders,Durbar Rajshahi,Mohammad Saifuddin,Akif Javed,Jishan Alam
2534,2,19,6,Rangpur Riders,Durbar Rajshahi,Mohammad Saifuddin,Akif Javed,Jishan Alam
