MATCHID,INNINGSNO,OVERNO,BALL_NO,TEAMBATTING,TEAMBOWLING,STRIKER,NON_STRIKER,BOWLER
2533,1,0,1,Sylhet Strikers,Fortune Barishal,HG Munsey,Rony Talukdar,R Mondol
2533,1,0,2,Sylhet Strikers,Fortune Barishal,HG Munsey,Rony Talukdar,R Mondol
2533,1,0,3,Sylhet Strikers,Fortune Barishal,Rony Talukdar,HG Munsey,R Mondol
2533,1,0,4,Sylhet Strikers,Fortune Barishal,HG Munsey,Rony Talukdar,R Mondol
2533,1,0,5,Sylhet Strikers,Fortune Barishal,Rony Talukdar,HG Munsey,R Mondol
2533,1,0,6,Sylhet Strikers,Fortune Barishal,HG Munsey,Rony Talukdar,R Mondol
2533,1,1,1,Sylhet Strikers,Fortune Barishal,HG Munsey,Rony Talukdar,Mohammad Nabi
2533,1,1,2,Sylhet Strikers,Fortune Barishal,HG Munsey,Rony Talukdar,Mohammad Nabi
2533,1,1,3,Sylhet Strikers,Fortune Barishal,Rony Talukdar,HG Munsey,Mohammad Nabi
2533,1,1,4,Sylhet Strikers,Fortune Barishal,HG Munsey,Rony Talukdar,Mohammad Nabi
2533,1,1,5,Sylhet Strikers,Fortune Barishal,Zakir Hasan,Rony Talukdar,Mohammad Nabi
2533,1,1,6,Sylhet Strikers,Fortune Barishal,Zakir Hasan,Rony Talukdar,Mohammad Nabi
2533,1,2,1,Sylhet Strikers,Fortune Barishal,Rony Talukdar,Zakir Hasan,JK Fuller
2533,1,2,2,Sylhet Strikers,Fortune Barishal,Rony Talukdar,Zakir Hasan,JK Fuller
2533,1,2,3,Sylhet Strikers,Fortune Barishal,Zakir Hasan,Rony Talukdar,JK Fuller
2533,1,2,4,Sylhet Strikers,Fortune Barishal,Zakir Hasan,Rony Talukdar,JK Fuller
2533,1,2,5,Sylhet Strikers,Fortune Barishal,Zakir Hasan,Rony Talukdar,JK Fuller
2533,1,2,6,Sylhet Strikers,Fortune Barishal,Ahsan Bhatti,Rony Talukdar,JK Fuller
2533,1,3,1,Sylhet Strikers,Fortune Barishal,Rony Talukdar,Ahsan Bhatti,Mohammad Nabi
2533,1,3,2,Sylhet Strikers,Fortune Barishal,Ahsan Bhatti,Rony Talukdar,Mohammad Nabi
2533,1,3,3,Sylhet Strikers,Fortune Barishal,Ahsan Bhatti,Rony Talukdar,Mohammad Nabi
2533,1,3,4,Sylhet Strikers,Fortune Barishal,Ahsan Bhatti,Rony Talukdar,Mohammad Nabi
2533,1,3,5,Sylhet Strikers,Fortune Barishal,Ahsan Bhatti,Rony Talukdar,Mohammad Nabi
2533,1,3,6,Sylhet Strikers,Fortune Barishal,Ahsan Bhatti,Rony Talukdar,Mohammad Nabi
2533,1,3,7,Sylhet Strikers,Fortune Barishal,Ahsan Bhatti,Rony Talukdar,Mohammad Nabi
2533,1,3,8,Sylhet Strikers,Fortune Barishal,Rony Talukdar,Ahsan Bhatti,Mohammad Nabi
2533,1,4,1,Sylhet Strikers,Fortune Barishal,Ahsan Bhatti,Rony Talukdar,JK Fuller
2533,1,4,2,Sylhet Strikers,Fortune Barishal,Ahsan Bhatti,Rony Talukdar,JK Fuller
2533,1,4,3,Sylhet Strikers,Fortune Barishal,Ahsan Bhatti,Rony Talukdar,JK Fuller
2533,1,4,4,Sylhet Strikers,Fortune Barishal,Ahsan Bhatti,Rony Talukdar,JK Fuller
2533,1,4,5,Sylhet Strikers,Fortune Barishal,Ahsan Bhatti,Rony Talukdar,JK Fuller
2533,1,4,6,Sylhet Strikers,Fortune Barishal,Rony Talukdar,Ahsan Bhatti,JK Fuller
2533,1,5,1,Sylhet Strikers,Fortune Barishal,Ahsan Bhatti,Rony Talukdar,Faheem Ashraf
2533,1,5,2,Sylhet Strikers,Fortune Barishal,Rony Talukdar,Ahsan Bhatti,Faheem Ashraf
2533,1,5,3,Sylhet Strikers,Fortune Barishal,Rony Talukdar,Ahsan Bhatti,Faheem Ashraf
2533,1,5,4,Sylhet Strikers,Fortune Barishal,K Alleyne,Ahsan Bhatti,Faheem Ashraf
2533,1,5,5,Sylhet Strikers,Fortune Barishal,K Alleyne,Ahsan Bhatti,Faheem Ashraf
2533,1,5,6,Sylhet Strikers,Fortune Barishal,Nahidul Islam,Ahsan Bhatti,Faheem Ashraf
2533,1,6,1,Sylhet Strikers,Fortune Barishal,Nahidul Islam,Ahsan Bhatti,R Mondol
2533,1,6,2,Sylhet Strikers,Fortune Barishal,Ahsan Bhatti,Nahidul Islam,R Mondol
2533,1,6,3,Sylhet Strikers,Fortune Barishal,Nahidul Islam,Ahsan Bhatti,R Mondol
2533,1,6,4,Sylhet Strikers,Fortune Barishal,Ahsan Bhatti,Nahidul Islam,R Mondol
2533,1,6,5,Sylhet Strikers,Fortune Barishal,Nahidul Islam,Ahsan Bhatti,R Mondol
2533,1,6,6,Sylhet Strikers,Fortune Barishal,Nahidul Islam,Ahsan Bhatti,R Mondol
2533,1,7,1,Sylhet Strikers,Fortune Barishal,Nahidul Islam,Ahsan Bhatti,Faheem Ashraf
2533,1,7,2,Sylhet Strikers,Fortune Barishal,Nahidul Islam,Ahsan Bhatti,Faheem Ashraf
2533,1,7,3,Sylhet Strikers,Fortune Barishal,Ahsan Bhatti,Nahidul Islam,Faheem Ashraf
2533,1,7,4,Sylhet Strikers,Fortune Barishal,Nahidul Islam,Ahsan Bhatti,Faheem Ashraf
2533,1,7,5,Sylhet Strikers,Fortune Barishal,Jaker Ali,Ahsan Bhatti,Faheem Ashraf
2533,1,7,6,Sylhet Strikers,Fortune Barishal,Jaker Ali,Ahsan Bhatti,Faheem Ashraf
2533,1,8,1,Sylhet Strikers,Fortune Barishal,Ahsan Bhatti,Jaker Ali,Rishad Hossain
2533,1,8,2,Sylhet Strikers,Fortune Barishal,Jaker Ali,Ahsan Bhatti,Rishad Hossain
2533,1,8,3,Sylhet Strikers,Fortune Barishal,Jaker Ali,Ahsan Bhatti,Rishad Hossain
2533,1,8,4,Sylhet Strikers,Fortune Barishal,Jaker Ali,Ahsan Bhatti,Rishad Hossain
2533,1,8,5,Sylhet Strikers,Fortune Barishal,Jaker Ali,Ahsan Bhatti,Rishad Hossain
2533,1,8,6,Sylhet Strikers,Fortune Barishal,Ahsan Bhatti,Jaker Ali,Rishad Hossain
2533,1,9,1,Sylhet Strikers,Fortune Barishal,Ahsan Bhatti,Jaker Ali,Mohammad Nabi
2533,1,9,2,Sylhet Strikers,Fortune Barishal,Ahsan Bhatti,Jaker Ali,Mohammad Nabi
2533,1,9,3,Sylhet Strikers,Fortune Barishal,Jaker Ali,Ahsan Bhatti,Mohammad Nabi
2533,1,9,4,Sylhet Strikers,Fortune Barishal,Ahsan Bhatti,Jaker Ali,Mohammad Nabi
2533,1,9,5,Sylhet Strikers,Fortune Barishal,Ahsan Bhatti,Jaker Ali,Mohammad Nabi
2533,1,9,6,Sylhet Strikers,Fortune Barishal,Ahsan Bhatti,Jaker Ali,Mohammad Nabi
2533,1,10,1,Sylhet Strikers,Fortune Barishal,Jaker Ali,Ahsan Bhatti,Taijul Islam
2533,1,10,2,Sylhet Strikers,Fortune Barishal,Ahsan Bhatti,Jaker Ali,Taijul Islam
2533,1,10,3,Sylhet Strikers,Fortune Barishal,Jaker Ali,Ahsan Bhatti,Taijul Islam
2533,1,10,4,Sylhet Strikers,Fortune Barishal,Ahsan Bhatti,Jaker Ali,Taijul Islam
2533,1,10,5,Sylhet Strikers,Fortune Barishal,Ahsan Bhatti,Jaker Ali,Taijul Islam
2533,1,10,6,Sylhet Strikers,Fortune Barishal,Ahsan Bhatti,Jaker Ali,Taijul Islam
2533,1,10,7,Sylhet Strikers,Fortune Barishal,Ahsan Bhatti,Jaker Ali,Taijul Islam
2533,1,11,1,Sylhet Strikers,Fortune Barishal,Ahsan Bhatti,Jaker Ali,Mohammad Nabi
2533,1,11,2,Sylhet Strikers,Fortune Barishal,Ahsan Bhatti,Jaker Ali,Mohammad Nabi
2533,1,11,3,Sylhet Strikers,Fortune Barishal,Jaker Ali,Ahsan Bhatti,Mohammad Nabi
2533,1,11,4,Sylhet Strikers,Fortune Barishal,Jaker Ali,Ahsan Bhatti,Mohammad Nabi
2533,1,11,5,Sylhet Strikers,Fortune Barishal,Jaker Ali,Ahsan Bhatti,Mohammad Nabi
2533,1,11,6,Sylhet Strikers,Fortune Barishal,Ahsan Bhatti,Jaker Ali,Mohammad Nabi
2533,1,12,1,Sylhet Strikers,Fortune Barishal,Jaker Ali,Ariful Haque,Taijul Islam
2533,1,12,2,Sylhet Strikers,Fortune Barishal,Jaker Ali,Ariful Haque,Taijul Islam
2533,1,12,3,Sylhet Strikers,Fortune Barishal,Jaker Ali,Ariful Haque,Taijul Islam
2533,1,12,4,Sylhet Strikers,Fortune Barishal,Jaker Ali,Ariful Haque,Taijul Islam
2533,1,12,5,Sylhet Strikers,Fortune Barishal,Ariful Haque,Jaker Ali,Taijul Islam
2533,1,12,6,Sylhet Strikers,Fortune Barishal,Jaker Ali,Ariful Haque,Taijul Islam
2533,1,13,1,Sylhet Strikers,Fortune Barishal,Ariful Haque,Jaker Ali,JK Fuller
2533,1,13,2,Sylhet Strikers,Fortune Barishal,Ariful Haque,Jaker Ali,JK Fuller
2533,1,13,3,Sylhet Strikers,Fortune Barishal,Ariful Haque,Jaker Ali,JK Fuller
2533,1,13,4,Sylhet Strikers,Fortune Barishal,Jaker Ali,Ariful Haque,JK Fuller
2533,1,13,5,Sylhet Strikers,Fortune Barishal,Jaker Ali,Ariful Haque,JK Fuller
2533,1,13,6,Sylhet Strikers,Fortune Barishal,Tanzim Hasan Sakib,Ariful Haque,JK Fuller
2533,1,14,1,Sylhet Strikers,Fortune Barishal,Tanzim Hasan Sakib,Ariful Haque,Taijul Islam
2533,1,14,2,Sylhet Strikers,Fortune Barishal,Ariful Haque,Tanzim Hasan Sakib,Taijul Islam
2533,1,14,3,Sylhet Strikers,Fortune Barishal,Tanzim Hasan Sakib,Ariful Haque,Taijul Islam
2533,1,14,4,Sylhet Strikers,Fortune Barishal,Tanzim Hasan Sakib,Ariful Haque,Taijul Islam
2533,1,14,5,Sylhet Strikers,Fortune Barishal,Tanzim Hasan Sakib,Ariful Haque,Taijul Islam
2533,1,14,6,Sylhet Strikers,Fortune Barishal,Ariful Haque,Tanzim Hasan Sakib,Taijul Islam
2533,1,15,1,Sylhet Strikers,Fortune Barishal,Ariful Haque,Tanzim Hasan Sakib,Rishad Hossain
2533,1,15,2,Sylhet Strikers,Fortune Barishal,Tanzim Hasan Sakib,Ariful Haque,Rishad Hossain
2533,1,15,3,Sylhet Strikers,Fortune Barishal,Tanzim Hasan Sakib,Ariful Haque,Rishad Hossain
2533,1,15,4,Sylhet Strikers,Fortune Barishal,Tanzim Hasan Sakib,Ariful Haque,Rishad Hossain
2533,1,15,5,Sylhet Strikers,Fortune Barishal,Sumon Khan,Ariful Haque,Rishad Hossain
2533,1,15,6,Sylhet Strikers,Fortune Barishal,Ariful Haque,Sumon Khan,Rishad Hossain
2533,1,16,1,Sylhet Strikers,Fortune Barishal,Ariful Haque,Sumon Khan,Faheem Ashraf
2533,1,16,2,Sylhet Strikers,Fortune Barishal,Ariful Haque,Sumon Khan,Faheem Ashraf
2533,1,16,3,Sylhet Strikers,Fortune Barishal,Ariful Haque,Sumon Khan,Faheem Ashraf
2533,1,16,4,Sylhet Strikers,Fortune Barishal,Ariful Haque,Sumon Khan,Faheem Ashraf
2533,1,16,5,Sylhet Strikers,Fortune Barishal,Ariful Haque,Sumon Khan,Faheem Ashraf
2533,1,16,6,Sylhet Strikers,Fortune Barishal,Ruyel Miah,Sumon Khan,Faheem Ashraf
2533,1,17,1,Sylhet Strikers,Fortune Barishal,Sumon Khan,Ruyel Miah,JK Fuller
2533,1,17,2,Sylhet Strikers,Fortune Barishal,Sumon Khan,Ruyel Miah,JK Fuller
2533,1,17,3,Sylhet Strikers,Fortune Barishal,Sumon Khan,Ruyel Miah,JK Fuller
2533,1,17,4,Sylhet Strikers,Fortune Barishal,Sumon Khan,Ruyel Miah,JK Fuller
2533,1,17,5,Sylhet Strikers,Fortune Barishal,Ruyel Miah,Sumon Khan,JK Fuller
2533,1,17,6,Sylhet Strikers,Fortune Barishal,Sumon Khan,Ruyel Miah,JK Fuller
2533,1,18,1,Sylhet Strikers,Fortune Barishal,Sumon Khan,Ruyel Miah,Faheem Ashraf
2533,2,0,1,Fortune Barishal,Sylhet Strikers,Towhid Hridoy,Tamim Iqbal,Nahidul Islam
2533,2,0,2,Fortune Barishal,Sylhet Strikers,Towhid Hridoy,Tamim Iqbal,Nahidul Islam
2533,2,0,3,Fortune Barishal,Sylhet Strikers,Towhid Hridoy,Tamim Iqbal,Nahidul Islam
2533,2,0,4,Fortune Barishal,Sylhet Strikers,Tamim Iqbal,Towhid Hridoy,Nahidul Islam
2533,2,0,5,Fortune Barishal,Sylhet Strikers,Tamim Iqbal,Towhid Hridoy,Nahidul Islam
2533,2,0,6,Fortune Barishal,Sylhet Strikers,Tamim Iqbal,Towhid Hridoy,Nahidul Islam
2533,2,1,1,Fortune Barishal,Sylhet Strikers,Tamim Iqbal,Towhid Hridoy,Tanzim Hasan Sakib
2533,2,1,2,Fortune Barishal,Sylhet Strikers,Tamim Iqbal,Towhid Hridoy,Tanzim Hasan Sakib
2533,2,1,3,Fortune Barishal,Sylhet Strikers,Tamim Iqbal,Towhid Hridoy,Tanzim Hasan Sakib
2533,2,1,4,Fortune Barishal,Sylhet Strikers,Tamim Iqbal,Towhid Hridoy,Tanzim Hasan Sakib
2533,2,1,5,Fortune Barishal,Sylhet Strikers,Tamim Iqbal,Towhid Hridoy,Tanzim Hasan Sakib
2533,2,1,6,Fortune Barishal,Sylhet Strikers,Tamim Iqbal,Towhid Hridoy,Tanzim Hasan Sakib
2533,2,2,1,Fortune Barishal,Sylhet Strikers,Towhid Hridoy,Tamim Iqbal,Nahidul Islam
2533,2,2,2,Fortune Barishal,Sylhet Strikers,Towhid Hridoy,Tamim Iqbal,Nahidul Islam
2533,2,2,3,Fortune Barishal,Sylhet Strikers,Towhid Hridoy,Tamim Iqbal,Nahidul Islam
2533,2,2,4,Fortune Barishal,Sylhet Strikers,Tamim Iqbal,Towhid Hridoy,Nahidul Islam
2533,2,2,5,Fortune Barishal,Sylhet Strikers,Towhid Hridoy,Tamim Iqbal,Nahidul Islam
2533,2,2,6,Fortune Barishal,Sylhet Strikers,DJ Malan,Tamim Iqbal,Nahidul Islam
2533,2,3,1,Fortune Barishal,Sylhet Strikers,DJ Malan,Tamim Iqbal,Tanzim Hasan Sakib
2533,2,3,2,Fortune Barishal,Sylhet Strikers,Tamim Iqbal,DJ Malan,Tanzim Hasan Sakib
2533,2,3,3,Fortune Barishal,Sylhet Strikers,Tamim Iqbal,DJ Malan,Tanzim Hasan Sakib
2533,2,3,4,Fortune Barishal,Sylhet Strikers,Tamim Iqbal,DJ Malan,Tanzim Hasan Sakib
2533,2,3,5,Fortune Barishal,Sylhet Strikers,DJ Malan,Tamim Iqbal,Tanzim Hasan Sakib
2533,2,3,6,Fortune Barishal,Sylhet Strikers,DJ Malan,Tamim Iqbal,Tanzim Hasan Sakib
2533,2,4,1,Fortune Barishal,Sylhet Strikers,Tamim Iqbal,DJ Malan,Nahidul Islam
2533,2,4,2,Fortune Barishal,Sylhet Strikers,Tamim Iqbal,DJ Malan,Nahidul Islam
2533,2,4,3,Fortune Barishal,Sylhet Strikers,Tamim Iqbal,DJ Malan,Nahidul Islam
2533,2,4,4,Fortune Barishal,Sylhet Strikers,Tamim Iqbal,DJ Malan,Nahidul Islam
2533,2,4,5,Fortune Barishal,Sylhet Strikers,Tamim Iqbal,DJ Malan,Nahidul Islam
2533,2,4,6,Fortune Barishal,Sylhet Strikers,DJ Malan,Tamim Iqbal,Nahidul Islam
2533,2,5,1,Fortune Barishal,Sylhet Strikers,Tamim Iqbal,DJ Malan,Sumon Khan
2533,2,5,2,Fortune Barishal,Sylhet Strikers,Tamim Iqbal,DJ Malan,Sumon Khan
2533,2,5,3,Fortune Barishal,Sylhet Strikers,DJ Malan,Tamim Iqbal,Sumon Khan
2533,2,5,4,Fortune Barishal,Sylhet Strikers,DJ Malan,Tamim Iqbal,Sumon Khan
2533,2,5,5,Fortune Barishal,Sylhet Strikers,Tamim Iqbal,DJ Malan,Sumon Khan
2533,2,5,6,Fortune Barishal,Sylhet Strikers,DJ Malan,Tamim Iqbal,Sumon Khan
2533,2,6,1,Fortune Barishal,Sylhet Strikers,Tamim Iqbal,Mushfiqur Rahim,Nahidul Islam
2533,2,6,2,Fortune Barishal,Sylhet Strikers,Mushfiqur Rahim,Tamim Iqbal,Nahidul Islam
2533,2,6,3,Fortune Barishal,Sylhet Strikers,Mushfiqur Rahim,Tamim Iqbal,Nahidul Islam
2533,2,6,4,Fortune Barishal,Sylhet Strikers,Tamim Iqbal,Mushfiqur Rahim,Nahidul Islam
2533,2,6,5,Fortune Barishal,Sylhet Strikers,Mushfiqur Rahim,Tamim Iqbal,Nahidul Islam
2533,2,6,6,Fortune Barishal,Sylhet Strikers,Tamim Iqbal,Mushfiqur Rahim,Nahidul Islam
2533,2,7,1,Fortune Barishal,Sylhet Strikers,Mushfiqur Rahim,Tamim Iqbal,Sumon Khan
2533,2,7,2,Fortune Barishal,Sylhet Strikers,Tamim Iqbal,Mushfiqur Rahim,Sumon Khan
2533,2,7,3,Fortune Barishal,Sylhet Strikers,Tamim Iqbal,Mushfiqur Rahim,Sumon Khan
2533,2,7,4,Fortune Barishal,Sylhet Strikers,Mushfiqur Rahim,Tamim Iqbal,Sumon Khan
2533,2,7,5,Fortune Barishal,Sylhet Strikers,Mushfiqur Rahim,Tamim Iqbal,Sumon Khan
2533,2,7,6,Fortune Barishal,Sylhet Strikers,Mushfiqur Rahim,Tamim Iqbal,Sumon Khan
2533,2,8,1,Fortune Barishal,Sylhet Strikers,Mushfiqur Rahim,Tamim Iqbal,Ruyel Miah
2533,2,8,2,Fortune Barishal,Sylhet Strikers,Tamim Iqbal,Mushfiqur Rahim,Ruyel Miah
2533,2,8,3,Fortune Barishal,Sylhet Strikers,Mushfiqur Rahim,Tamim Iqbal,Ruyel Miah
2533,2,8,4,Fortune Barishal,Sylhet Strikers,Mushfiqur Rahim,Tamim Iqbal,Ruyel Miah
2533,2,8,5,Fortune Barishal,Sylhet Strikers,Tamim Iqbal,Mushfiqur Rahim,Ruyel Miah
2533,2,8,6,Fortune Barishal,Sylhet Strikers,Mushfiqur Rahim,Tamim Iqbal,Ruyel Miah
2533,2,9,1,Fortune Barishal,Sylhet Strikers,Tamim Iqbal,Mushfiqur Rahim,Ahsan Bhatti
2533,2,9,2,Fortune Barishal,Sylhet Strikers,Mushfiqur Rahim,Tamim Iqbal,Ahsan Bhatti
2533,2,9,3,Fortune Barishal,Sylhet Strikers,Mushfiqur Rahim,Tamim Iqbal,Ahsan Bhatti
2533,2,9,4,Fortune Barishal,Sylhet Strikers,Mushfiqur Rahim,Tamim Iqbal,Ahsan Bhatti
2533,2,9,5,Fortune Barishal,Sylhet Strikers,Tamim Iqbal,Mushfiqur Rahim,Ahsan Bhatti
2533,2,9,6,Fortune Barishal,Sylhet Strikers,Mushfiqur Rahim,Tamim Iqbal,Ahsan Bhatti
2533,2,10,1,Fortune Barishal,Sylhet Strikers,Tamim Iqbal,Mushfiqur Rahim,Tanzim Hasan Sakib
2533,2,10,2,Fortune Barishal,Sylhet Strikers,Mushfiqur Rahim,Tamim Iqbal,Tanzim Hasan Sakib
2533,2,10,3,Fortune Barishal,Sylhet Strikers,Tamim Iqbal,Mushfiqur Rahim,Tanzim Hasan Sakib
2533,2,10,4,Fortune Barishal,Sylhet Strikers,Mushfiqur Rahim,Tamim Iqbal,Tanzim Hasan Sakib
2533,2,10,5,Fortune Barishal,Sylhet Strikers,Tamim Iqbal,Mushfiqur Rahim,Tanzim Hasan Sakib
2533,2,10,6,Fortune Barishal,Sylhet Strikers,Mushfiqur Rahim,Tamim Iqbal,Tanzim Hasan Sakib
2533,2,11,1,Fortune Barishal,Sylhet Strikers,Tamim Iqbal,Mushfiqur Rahim,Ahsan Bhatti
2533,2,11,2,Fortune Barishal,Sylhet Strikers,Tamim Iqbal,Mushfiqur Rahim,Ahsan Bhatti
2533,2,11,3,Fortune Barishal,Sylhet Strikers,Mushfiqur Rahim,Tamim Iqbal,Ahsan Bhatti
2533,2,11,4,Fortune Barishal,Sylhet Strikers,Tamim Iqbal,Mushfiqur Rahim,Ahsan Bhatti
2533,2,11,5,Fortune Barishal,Sylhet Strikers,Tamim Iqbal,Mushfiqur Rahim,Ahsan Bhatti
2533,2,11,6,Fortune Barishal,Sylhet Strikers,Tamim Iqbal,Mushfiqur Rahim,Ahsan Bhatti
2533,2,12,1,Fortune Barishal,Sylhet Strikers,Tamim Iqbal,Mushfiqur Rahim,Tanzim Hasan Sakib
2533,2,12,2,Fortune Barishal,Sylhet Strikers,Tamim Iqbal,Mushfiqur Rahim,Tanzim Hasan Sakib
2533,2,12,3,Fortune Barishal,Sylhet Strikers,Mushfiqur Rahim,Tamim Iqbal,Tanzim Hasan Sakib
2533,2,12,4,Fortune Barishal,Sylhet Strikers,Mushfiqur Rahim,Tamim Iqbal,Tanzim Hasan Sakib
2533,2,12,5,Fortune Barishal,Sylhet Strikers,Tamim Iqbal,Mushfiqur Rahim,Tanzim Hasan Sakib
2533,2,12,6,Fortune Barishal,Sylhet Strikers,Mushfiqur Rahim,Tamim Iqbal,Tanzim Hasan Sakib
2533,2,13,1,Fortune Barishal,Sylhet Strikers,Tamim Iqbal,Mushfiqur Rahim,Ahsan Bhatti
2533,2,13,2,Fortune Barishal,Sylhet Strikers,Mushfiqur Rahim,Tamim Iqbal,Ahsan Bhatti
2533,2,13,3,Fortune Barishal,Sylhet Strikers,Tamim Iqbal,Mushfiqur Rahim,Ahsan Bhatti
2533,2,13,4,Fortune Barishal,Sylhet Strikers,Mushfiqur Rahim,Tamim Iqbal,Ahsan Bhatti
2533,2,13,5,Fortune Barishal,Sylhet Strikers,Tamim Iqbal,Mushfiqur Rahim,Ahsan Bhatti
2533,2,13,6,Fortune Barishal,Sylhet Strikers,Mushfiqur Rahim,Tamim Iqbal,Ahsan Bhatti
2533,2,14,1,Fortune Barishal,Sylhet Strikers,Tamim Iqbal,Mushfiqur Rahim,Ruyel Miah
2533,2,14,2,Fortune Barishal,Sylhet Strikers,Tamim Iqbal,Mushfiqur Rahim,Ruyel Miah
2533,2,14,3,Fortune Barishal,Sylhet Strikers,Mushfiqur Rahim,Tamim Iqbal,Ruyel Miah
2533,2,14,4,Fortune Barishal,Sylhet Strikers,Mushfiqur Rahim,Tamim Iqbal,Ruyel Miah
2533,2,14,5,Fortune Barishal,Sylhet Strikers,Tamim Iqbal,Mushfiqur Rahim,Ruyel Miah
2533,2,14,6,Fortune Barishal,Sylhet Strikers,Tamim Iqbal,Mushfiqur Rahim,Ruyel Miah
2533,2,15,1,Fortune Barishal,Sylhet Strikers,Mushfiqur Rahim,Tamim Iqbal,Sumon Khan
2533,2,15,2,Fortune Barishal,Sylhet Strikers,Mushfiqur Rahim,Tamim Iqbal,Sumon Khan
2533,2,15,3,Fortune Barishal,Sylhet Strikers,Tamim Iqbal,Mushfiqur Rahim,Sumon Khan
2533,2,15,4,Fortune Barishal,Sylhet Strikers,Tamim Iqbal,Mushfiqur Rahim,Sumon Khan
2533,2,15,5,Fortune Barishal,Sylhet Strikers,Mushfiqur Rahim,Tamim Iqbal,Sumon Khan
2533,2,15,6,Fortune Barishal,Sylhet Strikers,Tamim Iqbal,Mushfiqur Rahim,Sumon Khan
