MATCHID,INNINGSNO,OVERNO,BALL_NO,TEAMBATTING,TEAM_BOWLING,STRIKER,NON_STRIKER,BOWLER
2523,1,0,1,Durbar Rajshahi,Sylhet Strikers,Mohammad Haris,Jishan Alam,RJW Topley
2523,1,0,2,Durbar Rajshahi,Sylhet Strikers,Mohammad Haris,Jishan Alam,RJW Topley
2523,1,0,3,Durbar Rajshahi,Sylhet Strikers,Mohammad Haris,Jishan Alam,RJW Topley
2523,1,0,4,Durbar Rajshahi,Sylhet Strikers,Mohammad Haris,Jishan Alam,RJW Topley
2523,1,0,5,Durbar Rajshahi,Sylhet Strikers,Mohammad Haris,Jishan Alam,RJW Topley
2523,1,0,6,Durbar Rajshahi,Sylhet Strikers,Mohammad Haris,Jishan Alam,RJW Topley
2523,1,0,7,Durbar Rajshahi,Sylhet Strikers,Mohammad Haris,Jishan Alam,RJW Topley
2523,1,0,8,Durbar Rajshahi,Sylhet Strikers,Mohammad Haris,Jishan Alam,RJW Topley
2523,1,1,1,Durbar Rajshahi,Sylhet Strikers,Mohammad Haris,Jishan Alam,Nahidul Islam
2523,1,1,2,Durbar Rajshahi,Sylhet Strikers,Mohammad Haris,Jishan Alam,Nahidul Islam
2523,1,1,3,Durbar Rajshahi,Sylhet Strikers,Mohammad Haris,Jishan Alam,Nahidul Islam
2523,1,1,4,Durbar Rajshahi,Sylhet Strikers,Mohammad Haris,Jishan Alam,Nahidul Islam
2523,1,1,5,Durbar Rajshahi,Sylhet Strikers,Mohammad Haris,Jishan Alam,Nahidul Islam
2523,1,1,6,Durbar Rajshahi,Sylhet Strikers,Mohammad Haris,Jishan Alam,Nahidul Islam
2523,1,2,1,Durbar Rajshahi,Sylhet Strikers,Mohammad Haris,Jishan Alam,RJW Topley
2523,1,2,2,Durbar Rajshahi,Sylhet Strikers,Jishan Alam,Mohammad Haris,RJW Topley
2523,1,2,3,Durbar Rajshahi,Sylhet Strikers,Jishan Alam,Mohammad Haris,RJW Topley
2523,1,2,4,Durbar Rajshahi,Sylhet Strikers,Jishan Alam,Mohammad Haris,RJW Topley
2523,1,2,5,Durbar Rajshahi,Sylhet Strikers,Jishan Alam,Mohammad Haris,RJW Topley
2523,1,2,6,Durbar Rajshahi,Sylhet Strikers,Jishan Alam,Mohammad Haris,RJW Topley
2523,1,3,1,Durbar Rajshahi,Sylhet Strikers,Mohammad Haris,Jishan Alam,Nahidul Islam
2523,1,3,2,Durbar Rajshahi,Sylhet Strikers,Anamul Haque,Jishan Alam,Nahidul Islam
2523,1,3,3,Durbar Rajshahi,Sylhet Strikers,Anamul Haque,Jishan Alam,Nahidul Islam
2523,1,3,4,Durbar Rajshahi,Sylhet Strikers,Anamul Haque,Jishan Alam,Nahidul Islam
2523,1,3,5,Durbar Rajshahi,Sylhet Strikers,Anamul Haque,Jishan Alam,Nahidul Islam
2523,1,3,6,Durbar Rajshahi,Sylhet Strikers,Anamul Haque,Jishan Alam,Nahidul Islam
2523,1,4,1,Durbar Rajshahi,Sylhet Strikers,Jishan Alam,Anamul Haque,Ruyel Miah
2523,1,4,2,Durbar Rajshahi,Sylhet Strikers,Jishan Alam,Anamul Haque,Ruyel Miah
2523,1,4,3,Durbar Rajshahi,Sylhet Strikers,Jishan Alam,Anamul Haque,Ruyel Miah
2523,1,4,4,Durbar Rajshahi,Sylhet Strikers,Anamul Haque,Jishan Alam,Ruyel Miah
2523,1,4,5,Durbar Rajshahi,Sylhet Strikers,Anamul Haque,Jishan Alam,Ruyel Miah
2523,1,4,6,Durbar Rajshahi,Sylhet Strikers,Jishan Alam,Anamul Haque,Ruyel Miah
2523,1,5,1,Durbar Rajshahi,Sylhet Strikers,Anamul Haque,Jishan Alam,Nahidul Islam
2523,1,5,2,Durbar Rajshahi,Sylhet Strikers,Jishan Alam,Anamul Haque,Nahidul Islam
2523,1,5,3,Durbar Rajshahi,Sylhet Strikers,Jishan Alam,Anamul Haque,Nahidul Islam
2523,1,5,4,Durbar Rajshahi,Sylhet Strikers,Jishan Alam,Anamul Haque,Nahidul Islam
2523,1,5,5,Durbar Rajshahi,Sylhet Strikers,Jishan Alam,Anamul Haque,Nahidul Islam
2523,1,5,6,Durbar Rajshahi,Sylhet Strikers,Jishan Alam,Anamul Haque,Nahidul Islam
2523,1,5,7,Durbar Rajshahi,Sylhet Strikers,Anamul Haque,Jishan Alam,Nahidul Islam
2523,1,6,1,Durbar Rajshahi,Sylhet Strikers,Jishan Alam,Anamul Haque,Nihaduzzaman
2523,1,6,2,Durbar Rajshahi,Sylhet Strikers,Jishan Alam,Anamul Haque,Nihaduzzaman
2523,1,6,3,Durbar Rajshahi,Sylhet Strikers,Anamul Haque,Jishan Alam,Nihaduzzaman
2523,1,6,4,Durbar Rajshahi,Sylhet Strikers,Jishan Alam,Anamul Haque,Nihaduzzaman
2523,1,6,5,Durbar Rajshahi,Sylhet Strikers,Jishan Alam,Anamul Haque,Nihaduzzaman
2523,1,6,6,Durbar Rajshahi,Sylhet Strikers,Anamul Haque,Jishan Alam,Nihaduzzaman
2523,1,7,1,Durbar Rajshahi,Sylhet Strikers,Jishan Alam,Anamul Haque,Nahidul Islam
2523,1,7,2,Durbar Rajshahi,Sylhet Strikers,RP Burl,Anamul Haque,Nahidul Islam
2523,1,7,3,Durbar Rajshahi,Sylhet Strikers,RP Burl,Anamul Haque,Nahidul Islam
2523,1,7,4,Durbar Rajshahi,Sylhet Strikers,Anamul Haque,RP Burl,Nahidul Islam
2523,1,7,5,Durbar Rajshahi,Sylhet Strikers,RP Burl,Anamul Haque,Nahidul Islam
2523,1,7,6,Durbar Rajshahi,Sylhet Strikers,Anamul Haque,RP Burl,Nahidul Islam
2523,1,8,1,Durbar Rajshahi,Sylhet Strikers,Anamul Haque,RP Burl,PR Stirling
2523,1,8,2,Durbar Rajshahi,Sylhet Strikers,Anamul Haque,RP Burl,PR Stirling
2523,1,8,3,Durbar Rajshahi,Sylhet Strikers,Anamul Haque,RP Burl,PR Stirling
2523,1,8,4,Durbar Rajshahi,Sylhet Strikers,Anamul Haque,RP Burl,PR Stirling
2523,1,8,5,Durbar Rajshahi,Sylhet Strikers,Anamul Haque,RP Burl,PR Stirling
2523,1,8,6,Durbar Rajshahi,Sylhet Strikers,Anamul Haque,RP Burl,PR Stirling
2523,1,9,1,Durbar Rajshahi,Sylhet Strikers,Anamul Haque,RP Burl,Ruyel Miah
2523,1,9,2,Durbar Rajshahi,Sylhet Strikers,RP Burl,Anamul Haque,Ruyel Miah
2523,1,9,3,Durbar Rajshahi,Sylhet Strikers,RP Burl,Anamul Haque,Ruyel Miah
2523,1,9,4,Durbar Rajshahi,Sylhet Strikers,Anamul Haque,RP Burl,Ruyel Miah
2523,1,9,5,Durbar Rajshahi,Sylhet Strikers,Anamul Haque,RP Burl,Ruyel Miah
2523,1,9,6,Durbar Rajshahi,Sylhet Strikers,Anamul Haque,RP Burl,Ruyel Miah
2523,1,9,7,Durbar Rajshahi,Sylhet Strikers,Yasir Ali Chowdhury,RP Burl,Ruyel Miah
2523,1,9,8,Durbar Rajshahi,Sylhet Strikers,Yasir Ali Chowdhury,RP Burl,Ruyel Miah
2523,1,10,1,Durbar Rajshahi,Sylhet Strikers,RP Burl,Yasir Ali Chowdhury,Ariful Haque
2523,1,10,2,Durbar Rajshahi,Sylhet Strikers,RP Burl,Yasir Ali Chowdhury,Ariful Haque
2523,1,10,3,Durbar Rajshahi,Sylhet Strikers,RP Burl,Yasir Ali Chowdhury,Ariful Haque
2523,1,10,4,Durbar Rajshahi,Sylhet Strikers,RP Burl,Yasir Ali Chowdhury,Ariful Haque
2523,1,10,5,Durbar Rajshahi,Sylhet Strikers,RP Burl,Yasir Ali Chowdhury,Ariful Haque
2523,1,10,6,Durbar Rajshahi,Sylhet Strikers,Yasir Ali Chowdhury,RP Burl,Ariful Haque
2523,1,11,1,Durbar Rajshahi,Sylhet Strikers,Yasir Ali Chowdhury,RP Burl,Nihaduzzaman
2523,1,11,2,Durbar Rajshahi,Sylhet Strikers,RP Burl,Yasir Ali Chowdhury,Nihaduzzaman
2523,1,11,3,Durbar Rajshahi,Sylhet Strikers,Yasir Ali Chowdhury,RP Burl,Nihaduzzaman
2523,1,11,4,Durbar Rajshahi,Sylhet Strikers,Yasir Ali Chowdhury,RP Burl,Nihaduzzaman
2523,1,11,5,Durbar Rajshahi,Sylhet Strikers,RP Burl,Yasir Ali Chowdhury,Nihaduzzaman
2523,1,11,6,Durbar Rajshahi,Sylhet Strikers,RP Burl,Yasir Ali Chowdhury,Nihaduzzaman
2523,1,12,1,Durbar Rajshahi,Sylhet Strikers,RP Burl,Yasir Ali Chowdhury,Ariful Haque
2523,1,12,2,Durbar Rajshahi,Sylhet Strikers,RP Burl,Yasir Ali Chowdhury,Ariful Haque
2523,1,12,3,Durbar Rajshahi,Sylhet Strikers,RP Burl,Yasir Ali Chowdhury,Ariful Haque
2523,1,12,4,Durbar Rajshahi,Sylhet Strikers,RP Burl,Yasir Ali Chowdhury,Ariful Haque
2523,1,12,5,Durbar Rajshahi,Sylhet Strikers,Yasir Ali Chowdhury,RP Burl,Ariful Haque
2523,1,12,6,Durbar Rajshahi,Sylhet Strikers,RP Burl,Yasir Ali Chowdhury,Ariful Haque
2523,1,13,1,Durbar Rajshahi,Sylhet Strikers,RP Burl,Yasir Ali Chowdhury,Nihaduzzaman
2523,1,13,2,Durbar Rajshahi,Sylhet Strikers,RP Burl,Yasir Ali Chowdhury,Nihaduzzaman
2523,1,13,3,Durbar Rajshahi,Sylhet Strikers,Yasir Ali Chowdhury,RP Burl,Nihaduzzaman
2523,1,13,4,Durbar Rajshahi,Sylhet Strikers,RP Burl,Yasir Ali Chowdhury,Nihaduzzaman
2523,1,13,5,Durbar Rajshahi,Sylhet Strikers,Yasir Ali Chowdhury,RP Burl,Nihaduzzaman
2523,1,13,6,Durbar Rajshahi,Sylhet Strikers,Yasir Ali Chowdhury,RP Burl,Nihaduzzaman
2523,1,14,1,Durbar Rajshahi,Sylhet Strikers,RP Burl,Akbar Ali,Ariful Haque
2523,1,14,2,Durbar Rajshahi,Sylhet Strikers,Akbar Ali,RP Burl,Ariful Haque
2523,1,14,3,Durbar Rajshahi,Sylhet Strikers,RP Burl,Akbar Ali,Ariful Haque
2523,1,14,4,Durbar Rajshahi,Sylhet Strikers,RP Burl,Akbar Ali,Ariful Haque
2523,1,14,5,Durbar Rajshahi,Sylhet Strikers,RP Burl,Akbar Ali,Ariful Haque
2523,1,14,6,Durbar Rajshahi,Sylhet Strikers,RP Burl,Akbar Ali,Ariful Haque
2523,1,15,1,Durbar Rajshahi,Sylhet Strikers,Akbar Ali,RP Burl,Nihaduzzaman
2523,1,15,2,Durbar Rajshahi,Sylhet Strikers,Akbar Ali,RP Burl,Nihaduzzaman
2523,1,15,3,Durbar Rajshahi,Sylhet Strikers,RP Burl,Akbar Ali,Nihaduzzaman
2523,1,15,4,Durbar Rajshahi,Sylhet Strikers,Akbar Ali,RP Burl,Nihaduzzaman
2523,1,15,5,Durbar Rajshahi,Sylhet Strikers,RP Burl,Akbar Ali,Nihaduzzaman
2523,1,15,6,Durbar Rajshahi,Sylhet Strikers,RP Burl,Akbar Ali,Nihaduzzaman
2523,1,15,7,Durbar Rajshahi,Sylhet Strikers,RP Burl,Akbar Ali,Nihaduzzaman
2523,1,15,8,Durbar Rajshahi,Sylhet Strikers,M Deyal,Akbar Ali,Nihaduzzaman
2523,1,16,1,Durbar Rajshahi,Sylhet Strikers,Akbar Ali,M Deyal,RJW Topley
2523,1,16,2,Durbar Rajshahi,Sylhet Strikers,M Deyal,Akbar Ali,RJW Topley
2523,1,16,3,Durbar Rajshahi,Sylhet Strikers,M Deyal,Akbar Ali,RJW Topley
2523,1,16,4,Durbar Rajshahi,Sylhet Strikers,M Deyal,Akbar Ali,RJW Topley
2523,1,16,5,Durbar Rajshahi,Sylhet Strikers,M Deyal,Akbar Ali,RJW Topley
2523,1,16,6,Durbar Rajshahi,Sylhet Strikers,M Deyal,Akbar Ali,RJW Topley
2523,1,16,7,Durbar Rajshahi,Sylhet Strikers,Akbar Ali,M Deyal,RJW Topley
2523,1,17,1,Durbar Rajshahi,Sylhet Strikers,M Deyal,Akbar Ali,Ruyel Miah
2523,1,17,2,Durbar Rajshahi,Sylhet Strikers,M Deyal,Akbar Ali,Ruyel Miah
2523,1,17,3,Durbar Rajshahi,Sylhet Strikers,M Deyal,Akbar Ali,Ruyel Miah
2523,1,17,4,Durbar Rajshahi,Sylhet Strikers,Mrittunjoy Chowdhury,Akbar Ali,Ruyel Miah
2523,1,17,5,Durbar Rajshahi,Sylhet Strikers,Akbar Ali,Mrittunjoy Chowdhury,Ruyel Miah
2523,1,17,6,Durbar Rajshahi,Sylhet Strikers,Mrittunjoy Chowdhury,Akbar Ali,Ruyel Miah
2523,1,18,1,Durbar Rajshahi,Sylhet Strikers,Akbar Ali,Mrittunjoy Chowdhury,RJW Topley
2523,1,18,2,Durbar Rajshahi,Sylhet Strikers,Mrittunjoy Chowdhury,Akbar Ali,RJW Topley
2523,1,18,3,Durbar Rajshahi,Sylhet Strikers,Mrittunjoy Chowdhury,Akbar Ali,RJW Topley
2523,1,18,4,Durbar Rajshahi,Sylhet Strikers,Akbar Ali,Mrittunjoy Chowdhury,RJW Topley
2523,1,18,5,Durbar Rajshahi,Sylhet Strikers,Akbar Ali,Mrittunjoy Chowdhury,RJW Topley
2523,1,18,6,Durbar Rajshahi,Sylhet Strikers,Akbar Ali,Mrittunjoy Chowdhury,RJW Topley
2523,1,18,7,Durbar Rajshahi,Sylhet Strikers,Mrittunjoy Chowdhury,Akbar Ali,RJW Topley
2523,1,19,1,Durbar Rajshahi,Sylhet Strikers,Akbar Ali,Mrittunjoy Chowdhury,Ruyel Miah
2523,1,19,2,Durbar Rajshahi,Sylhet Strikers,Akbar Ali,Mrittunjoy Chowdhury,Ruyel Miah
2523,1,19,3,Durbar Rajshahi,Sylhet Strikers,Akbar Ali,Mrittunjoy Chowdhury,Ruyel Miah
2523,1,19,4,Durbar Rajshahi,Sylhet Strikers,Akbar Ali,Mrittunjoy Chowdhury,Ruyel Miah
2523,1,19,5,Durbar Rajshahi,Sylhet Strikers,Akbar Ali,Mrittunjoy Chowdhury,Ruyel Miah
2523,1,19,6,Durbar Rajshahi,Sylhet Strikers,Akbar Ali,Mrittunjoy Chowdhury,Ruyel Miah
2523,1,19,7,Durbar Rajshahi,Sylhet Strikers,Mrittunjoy Chowdhury,Akbar Ali,Ruyel Miah
2523,2,0,1,Sylhet Strikers,Durbar Rajshahi,Rony Talukdar,PR Stirling,Sunzamul Islam
2523,2,0,2,Sylhet Strikers,Durbar Rajshahi,PR Stirling,Rony Talukdar,Sunzamul Islam
2523,2,0,3,Sylhet Strikers,Durbar Rajshahi,PR Stirling,Rony Talukdar,Sunzamul Islam
2523,2,0,4,Sylhet Strikers,Durbar Rajshahi,PR Stirling,Rony Talukdar,Sunzamul Islam
2523,2,0,5,Sylhet Strikers,Durbar Rajshahi,PR Stirling,Rony Talukdar,Sunzamul Islam
2523,2,0,6,Sylhet Strikers,Durbar Rajshahi,PR Stirling,Rony Talukdar,Sunzamul Islam
2523,2,1,1,Sylhet Strikers,Durbar Rajshahi,Rony Talukdar,Zakir Hasan,Taskin Ahmed
2523,2,1,2,Sylhet Strikers,Durbar Rajshahi,Rony Talukdar,Zakir Hasan,Taskin Ahmed
2523,2,1,3,Sylhet Strikers,Durbar Rajshahi,Zakir Hasan,Rony Talukdar,Taskin Ahmed
2523,2,1,4,Sylhet Strikers,Durbar Rajshahi,Zakir Hasan,Rony Talukdar,Taskin Ahmed
2523,2,1,5,Sylhet Strikers,Durbar Rajshahi,Zakir Hasan,Rony Talukdar,Taskin Ahmed
2523,2,1,6,Sylhet Strikers,Durbar Rajshahi,Zakir Hasan,Rony Talukdar,Taskin Ahmed
2523,2,2,1,Sylhet Strikers,Durbar Rajshahi,Rony Talukdar,Zakir Hasan,Sunzamul Islam
2523,2,2,2,Sylhet Strikers,Durbar Rajshahi,Rony Talukdar,Zakir Hasan,Sunzamul Islam
2523,2,2,3,Sylhet Strikers,Durbar Rajshahi,Rony Talukdar,Zakir Hasan,Sunzamul Islam
2523,2,2,4,Sylhet Strikers,Durbar Rajshahi,HG Munsey,Zakir Hasan,Sunzamul Islam
2523,2,2,5,Sylhet Strikers,Durbar Rajshahi,HG Munsey,Zakir Hasan,Sunzamul Islam
2523,2,2,6,Sylhet Strikers,Durbar Rajshahi,HG Munsey,Zakir Hasan,Sunzamul Islam
2523,2,2,7,Sylhet Strikers,Durbar Rajshahi,Zakir Hasan,HG Munsey,Sunzamul Islam
2523,2,3,1,Sylhet Strikers,Durbar Rajshahi,Zakir Hasan,HG Munsey,Jishan Alam
2523,2,3,2,Sylhet Strikers,Durbar Rajshahi,Zakir Hasan,HG Munsey,Jishan Alam
2523,2,3,3,Sylhet Strikers,Durbar Rajshahi,HG Munsey,Zakir Hasan,Jishan Alam
2523,2,3,4,Sylhet Strikers,Durbar Rajshahi,Zakir Hasan,HG Munsey,Jishan Alam
2523,2,3,5,Sylhet Strikers,Durbar Rajshahi,Zakir Hasan,HG Munsey,Jishan Alam
2523,2,3,6,Sylhet Strikers,Durbar Rajshahi,Zakir Hasan,HG Munsey,Jishan Alam
2523,2,4,1,Sylhet Strikers,Durbar Rajshahi,Zakir Hasan,HG Munsey,Taskin Ahmed
2523,2,4,2,Sylhet Strikers,Durbar Rajshahi,Zakir Hasan,HG Munsey,Taskin Ahmed
2523,2,4,3,Sylhet Strikers,Durbar Rajshahi,Zakir Hasan,HG Munsey,Taskin Ahmed
2523,2,4,4,Sylhet Strikers,Durbar Rajshahi,Zakir Hasan,HG Munsey,Taskin Ahmed
2523,2,4,5,Sylhet Strikers,Durbar Rajshahi,HG Munsey,Zakir Hasan,Taskin Ahmed
2523,2,4,6,Sylhet Strikers,Durbar Rajshahi,HG Munsey,Zakir Hasan,Taskin Ahmed
2523,2,5,1,Sylhet Strikers,Durbar Rajshahi,Zakir Hasan,HG Munsey,Jishan Alam
2523,2,5,2,Sylhet Strikers,Durbar Rajshahi,Zakir Hasan,HG Munsey,Jishan Alam
2523,2,5,3,Sylhet Strikers,Durbar Rajshahi,Zakir Hasan,HG Munsey,Jishan Alam
2523,2,5,4,Sylhet Strikers,Durbar Rajshahi,Zakir Hasan,HG Munsey,Jishan Alam
2523,2,5,5,Sylhet Strikers,Durbar Rajshahi,HG Munsey,Zakir Hasan,Jishan Alam
2523,2,5,6,Sylhet Strikers,Durbar Rajshahi,HG Munsey,Zakir Hasan,Jishan Alam
2523,2,6,1,Sylhet Strikers,Durbar Rajshahi,HG Munsey,Zakir Hasan,Mrittunjoy Chowdhury
2523,2,6,2,Sylhet Strikers,Durbar Rajshahi,Zakir Hasan,HG Munsey,Mrittunjoy Chowdhury
2523,2,6,3,Sylhet Strikers,Durbar Rajshahi,Zakir Hasan,HG Munsey,Mrittunjoy Chowdhury
2523,2,6,4,Sylhet Strikers,Durbar Rajshahi,HG Munsey,Zakir Hasan,Mrittunjoy Chowdhury
2523,2,6,5,Sylhet Strikers,Durbar Rajshahi,HG Munsey,Zakir Hasan,Mrittunjoy Chowdhury
2523,2,6,6,Sylhet Strikers,Durbar Rajshahi,Zakir Hasan,HG Munsey,Mrittunjoy Chowdhury
2523,2,6,7,Sylhet Strikers,Durbar Rajshahi,Zakir Hasan,HG Munsey,Mrittunjoy Chowdhury
2523,2,6,8,Sylhet Strikers,Durbar Rajshahi,HG Munsey,Zakir Hasan,Mrittunjoy Chowdhury
2523,2,7,1,Sylhet Strikers,Durbar Rajshahi,Zakir Hasan,HG Munsey,Jishan Alam
2523,2,7,2,Sylhet Strikers,Durbar Rajshahi,Zakir Hasan,HG Munsey,Jishan Alam
2523,2,7,3,Sylhet Strikers,Durbar Rajshahi,Zakir Hasan,HG Munsey,Jishan Alam
2523,2,7,4,Sylhet Strikers,Durbar Rajshahi,Zakir Hasan,HG Munsey,Jishan Alam
2523,2,7,5,Sylhet Strikers,Durbar Rajshahi,HG Munsey,Zakir Hasan,Jishan Alam
2523,2,7,6,Sylhet Strikers,Durbar Rajshahi,HG Munsey,Zakir Hasan,Jishan Alam
2523,2,8,1,Sylhet Strikers,Durbar Rajshahi,HG Munsey,Zakir Hasan,Aftab Alam
2523,2,8,2,Sylhet Strikers,Durbar Rajshahi,HG Munsey,Zakir Hasan,Aftab Alam
2523,2,8,3,Sylhet Strikers,Durbar Rajshahi,HG Munsey,Zakir Hasan,Aftab Alam
2523,2,8,4,Sylhet Strikers,Durbar Rajshahi,Zakir Hasan,HG Munsey,Aftab Alam
2523,2,8,5,Sylhet Strikers,Durbar Rajshahi,HG Munsey,Zakir Hasan,Aftab Alam
2523,2,8,6,Sylhet Strikers,Durbar Rajshahi,HG Munsey,Zakir Hasan,Aftab Alam
2523,2,9,1,Sylhet Strikers,Durbar Rajshahi,HG Munsey,Zakir Hasan,M Deyal
2523,2,9,2,Sylhet Strikers,Durbar Rajshahi,Zakir Hasan,HG Munsey,M Deyal
2523,2,9,3,Sylhet Strikers,Durbar Rajshahi,Zakir Hasan,HG Munsey,M Deyal
2523,2,9,4,Sylhet Strikers,Durbar Rajshahi,Aaron Jones,HG Munsey,M Deyal
2523,2,9,5,Sylhet Strikers,Durbar Rajshahi,Aaron Jones,HG Munsey,M Deyal
2523,2,9,6,Sylhet Strikers,Durbar Rajshahi,HG Munsey,Aaron Jones,M Deyal
2523,2,10,1,Sylhet Strikers,Durbar Rajshahi,HG Munsey,Aaron Jones,Aftab Alam
2523,2,10,2,Sylhet Strikers,Durbar Rajshahi,HG Munsey,Aaron Jones,Aftab Alam
2523,2,10,3,Sylhet Strikers,Durbar Rajshahi,Jaker Ali,Aaron Jones,Aftab Alam
2523,2,10,4,Sylhet Strikers,Durbar Rajshahi,Aaron Jones,Jaker Ali,Aftab Alam
2523,2,10,5,Sylhet Strikers,Durbar Rajshahi,Jaker Ali,Aaron Jones,Aftab Alam
2523,2,10,6,Sylhet Strikers,Durbar Rajshahi,Aaron Jones,Jaker Ali,Aftab Alam
2523,2,11,1,Sylhet Strikers,Durbar Rajshahi,Jaker Ali,Aaron Jones,Sunzamul Islam
2523,2,11,2,Sylhet Strikers,Durbar Rajshahi,Aaron Jones,Jaker Ali,Sunzamul Islam
2523,2,11,3,Sylhet Strikers,Durbar Rajshahi,Jaker Ali,Aaron Jones,Sunzamul Islam
2523,2,11,4,Sylhet Strikers,Durbar Rajshahi,Aaron Jones,Jaker Ali,Sunzamul Islam
2523,2,11,5,Sylhet Strikers,Durbar Rajshahi,Nahidul Islam,Jaker Ali,Sunzamul Islam
2523,2,11,6,Sylhet Strikers,Durbar Rajshahi,Jaker Ali,Nahidul Islam,Sunzamul Islam
2523,2,12,1,Sylhet Strikers,Durbar Rajshahi,Jaker Ali,Nahidul Islam,Mrittunjoy Chowdhury
2523,2,12,2,Sylhet Strikers,Durbar Rajshahi,Jaker Ali,Nahidul Islam,Mrittunjoy Chowdhury
2523,2,12,3,Sylhet Strikers,Durbar Rajshahi,Nahidul Islam,Jaker Ali,Mrittunjoy Chowdhury
2523,2,12,4,Sylhet Strikers,Durbar Rajshahi,Ariful Haque,Jaker Ali,Mrittunjoy Chowdhury
2523,2,12,5,Sylhet Strikers,Durbar Rajshahi,Ariful Haque,Jaker Ali,Mrittunjoy Chowdhury
2523,2,12,6,Sylhet Strikers,Durbar Rajshahi,Ariful Haque,Jaker Ali,Mrittunjoy Chowdhury
2523,2,12,7,Sylhet Strikers,Durbar Rajshahi,Jaker Ali,Ariful Haque,Mrittunjoy Chowdhury
2523,2,13,1,Sylhet Strikers,Durbar Rajshahi,Ariful Haque,Jaker Ali,Sunzamul Islam
2523,2,13,2,Sylhet Strikers,Durbar Rajshahi,Ariful Haque,Jaker Ali,Sunzamul Islam
2523,2,13,3,Sylhet Strikers,Durbar Rajshahi,Jaker Ali,Ariful Haque,Sunzamul Islam
2523,2,13,4,Sylhet Strikers,Durbar Rajshahi,Jaker Ali,Ariful Haque,Sunzamul Islam
2523,2,13,5,Sylhet Strikers,Durbar Rajshahi,Ariful Haque,Jaker Ali,Sunzamul Islam
2523,2,13,6,Sylhet Strikers,Durbar Rajshahi,Ariful Haque,Jaker Ali,Sunzamul Islam
2523,2,14,1,Sylhet Strikers,Durbar Rajshahi,Jaker Ali,Ariful Haque,Mrittunjoy Chowdhury
2523,2,14,2,Sylhet Strikers,Durbar Rajshahi,Jaker Ali,Ariful Haque,Mrittunjoy Chowdhury
2523,2,14,3,Sylhet Strikers,Durbar Rajshahi,Ariful Haque,Jaker Ali,Mrittunjoy Chowdhury
2523,2,14,4,Sylhet Strikers,Durbar Rajshahi,Ariful Haque,Jaker Ali,Mrittunjoy Chowdhury
2523,2,14,5,Sylhet Strikers,Durbar Rajshahi,Ariful Haque,Jaker Ali,Mrittunjoy Chowdhury
2523,2,14,6,Sylhet Strikers,Durbar Rajshahi,Ariful Haque,Jaker Ali,Mrittunjoy Chowdhury
2523,2,15,1,Sylhet Strikers,Durbar Rajshahi,Jaker Ali,Nihaduzzaman,Taskin Ahmed
2523,2,15,2,Sylhet Strikers,Durbar Rajshahi,Jaker Ali,Nihaduzzaman,Taskin Ahmed
2523,2,15,3,Sylhet Strikers,Durbar Rajshahi,Jaker Ali,Nihaduzzaman,Taskin Ahmed
2523,2,15,4,Sylhet Strikers,Durbar Rajshahi,Jaker Ali,Nihaduzzaman,Taskin Ahmed
2523,2,15,5,Sylhet Strikers,Durbar Rajshahi,Nihaduzzaman,Jaker Ali,Taskin Ahmed
2523,2,15,6,Sylhet Strikers,Durbar Rajshahi,Nihaduzzaman,Jaker Ali,Taskin Ahmed
2523,2,16,1,Sylhet Strikers,Durbar Rajshahi,Jaker Ali,Ruyel Miah,Aftab Alam
2523,2,16,2,Sylhet Strikers,Durbar Rajshahi,Jaker Ali,Ruyel Miah,Aftab Alam
2523,2,16,3,Sylhet Strikers,Durbar Rajshahi,Jaker Ali,Ruyel Miah,Aftab Alam
2523,2,16,4,Sylhet Strikers,Durbar Rajshahi,Jaker Ali,Ruyel Miah,Aftab Alam
2523,2,16,5,Sylhet Strikers,Durbar Rajshahi,RJW Topley,Ruyel Miah,Aftab Alam
2523,2,16,6,Sylhet Strikers,Durbar Rajshahi,RJW Topley,Ruyel Miah,Aftab Alam
2523,2,17,1,Sylhet Strikers,Durbar Rajshahi,Ruyel Miah,RJW Topley,Taskin Ahmed
2523,2,17,2,Sylhet Strikers,Durbar Rajshahi,Ruyel Miah,RJW Topley,Taskin Ahmed
2523,2,17,3,Sylhet Strikers,Durbar Rajshahi,RJW Topley,Ruyel Miah,Taskin Ahmed
