MATCHID,INNINGSNO,OVERNO,BALL_NO,TEAMBATTING,TEAMBOWLING,STRIKER,NON_STRIKER,BOWLER
2543,1,0,1,Rangpur Riders,Khulna Tigers,JM Vince,Soumya Sarkar,Mehedi Hasan Miraz
2543,1,0,2,Rangpur Riders,Khulna Tigers,JM Vince,Soumya Sarkar,Mehedi Hasan Miraz
2543,1,0,3,Rangpur Riders,Khulna Tigers,JM Vince,Saif Hassan,Mehedi Hasan Miraz
2543,1,0,4,Rangpur Riders,Khulna Tigers,JM Vince,Saif Hassan,Mehedi Hasan Miraz
2543,1,0,5,Rangpur Riders,Khulna Tigers,JM Vince,Saif Hassan,Mehedi Hasan Miraz
2543,1,0,6,Rangpur Riders,Khulna Tigers,Saif Hassan,JM Vince,Mehedi Hasan Miraz
2543,1,1,1,Rangpur Riders,Khulna Tigers,Saif Hassan,JM Vince,Nasum Ahmed
2543,1,1,2,Rangpur Riders,Khulna Tigers,Saif Hassan,JM Vince,Nasum Ahmed
2543,1,1,3,Rangpur Riders,Khulna Tigers,Saif Hassan,JM Vince,Nasum Ahmed
2543,1,1,4,Rangpur Riders,Khulna Tigers,Saif Hassan,JM Vince,Nasum Ahmed
2543,1,1,5,Rangpur Riders,Khulna Tigers,JM Vince,Saif Hassan,Nasum Ahmed
2543,1,1,6,Rangpur Riders,Khulna Tigers,JM Vince,Saif Hassan,Nasum Ahmed
2543,1,2,1,Rangpur Riders,Khulna Tigers,Saif Hassan,Mahedi Hasan,Mohammad Nawaz
2543,1,2,2,Rangpur Riders,Khulna Tigers,Mahedi Hasan,Saif Hassan,Mohammad Nawaz
2543,1,2,3,Rangpur Riders,Khulna Tigers,Mahedi Hasan,Saif Hassan,Mohammad Nawaz
2543,1,2,4,Rangpur Riders,Khulna Tigers,Saif Hassan,Mahedi Hasan,Mohammad Nawaz
2543,1,2,5,Rangpur Riders,Khulna Tigers,Mahedi Hasan,Saif Hassan,Mohammad Nawaz
2543,1,2,6,Rangpur Riders,Khulna Tigers,Mahedi Hasan,Saif Hassan,Mohammad Nawaz
2543,1,3,1,Rangpur Riders,Khulna Tigers,Saif Hassan,Mahedi Hasan,Nasum Ahmed
2543,1,3,2,Rangpur Riders,Khulna Tigers,Mahedi Hasan,Saif Hassan,Nasum Ahmed
2543,1,3,3,Rangpur Riders,Khulna Tigers,Mohammad Saifuddin,Saif Hassan,Nasum Ahmed
2543,1,3,4,Rangpur Riders,Khulna Tigers,Mohammad Saifuddin,Saif Hassan,Nasum Ahmed
2543,1,3,5,Rangpur Riders,Khulna Tigers,Mohammad Saifuddin,Saif Hassan,Nasum Ahmed
2543,1,3,6,Rangpur Riders,Khulna Tigers,Saif Hassan,Mohammad Saifuddin,Nasum Ahmed
2543,1,4,1,Rangpur Riders,Khulna Tigers,Mohammad Saifuddin,Saif Hassan,Mehedi Hasan Miraz
2543,1,4,2,Rangpur Riders,Khulna Tigers,Mohammad Saifuddin,Saif Hassan,Mehedi Hasan Miraz
2543,1,4,3,Rangpur Riders,Khulna Tigers,Mohammad Saifuddin,Saif Hassan,Mehedi Hasan Miraz
2543,1,4,4,Rangpur Riders,Khulna Tigers,Saif Hassan,Mohammad Saifuddin,Mehedi Hasan Miraz
2543,1,4,5,Rangpur Riders,Khulna Tigers,Nurul Hasan,Mohammad Saifuddin,Mehedi Hasan Miraz
2543,1,4,6,Rangpur Riders,Khulna Tigers,Nurul Hasan,Mohammad Saifuddin,Mehedi Hasan Miraz
2543,1,5,1,Rangpur Riders,Khulna Tigers,Mohammad Saifuddin,Nurul Hasan,Hasan Mahmud
2543,1,5,2,Rangpur Riders,Khulna Tigers,Mohammad Saifuddin,Nurul Hasan,Hasan Mahmud
2543,1,5,3,Rangpur Riders,Khulna Tigers,TH David,Nurul Hasan,Hasan Mahmud
2543,1,5,4,Rangpur Riders,Khulna Tigers,TH David,Nurul Hasan,Hasan Mahmud
2543,1,5,5,Rangpur Riders,Khulna Tigers,TH David,Nurul Hasan,Hasan Mahmud
2543,1,5,6,Rangpur Riders,Khulna Tigers,TH David,Nurul Hasan,Hasan Mahmud
2543,1,6,1,Rangpur Riders,Khulna Tigers,Nurul Hasan,TH David,Nasum Ahmed
2543,1,6,2,Rangpur Riders,Khulna Tigers,Nurul Hasan,TH David,Nasum Ahmed
2543,1,6,3,Rangpur Riders,Khulna Tigers,TH David,Nurul Hasan,Nasum Ahmed
2543,1,6,4,Rangpur Riders,Khulna Tigers,Nurul Hasan,TH David,Nasum Ahmed
2543,1,6,5,Rangpur Riders,Khulna Tigers,Nurul Hasan,TH David,Nasum Ahmed
2543,1,6,6,Rangpur Riders,Khulna Tigers,TH David,Nurul Hasan,Nasum Ahmed
2543,1,7,1,Rangpur Riders,Khulna Tigers,Nurul Hasan,TH David,Hasan Mahmud
2543,1,7,2,Rangpur Riders,Khulna Tigers,TH David,Nurul Hasan,Hasan Mahmud
2543,1,7,3,Rangpur Riders,Khulna Tigers,Nurul Hasan,TH David,Hasan Mahmud
2543,1,7,4,Rangpur Riders,Khulna Tigers,TH David,Nurul Hasan,Hasan Mahmud
2543,1,7,5,Rangpur Riders,Khulna Tigers,Nurul Hasan,TH David,Hasan Mahmud
2543,1,7,6,Rangpur Riders,Khulna Tigers,Nurul Hasan,TH David,Hasan Mahmud
2543,1,8,1,Rangpur Riders,Khulna Tigers,Nurul Hasan,TH David,Nasum Ahmed
2543,1,8,2,Rangpur Riders,Khulna Tigers,TH David,Nurul Hasan,Nasum Ahmed
2543,1,8,3,Rangpur Riders,Khulna Tigers,AD Russell,Nurul Hasan,Nasum Ahmed
2543,1,8,4,Rangpur Riders,Khulna Tigers,Nurul Hasan,AD Russell,Nasum Ahmed
2543,1,8,5,Rangpur Riders,Khulna Tigers,AD Russell,Nurul Hasan,Nasum Ahmed
2543,1,8,6,Rangpur Riders,Khulna Tigers,AD Russell,Nurul Hasan,Nasum Ahmed
2543,1,9,1,Rangpur Riders,Khulna Tigers,Nurul Hasan,AD Russell,Mohammad Nawaz
2543,1,9,2,Rangpur Riders,Khulna Tigers,Nurul Hasan,AD Russell,Mohammad Nawaz
2543,1,9,3,Rangpur Riders,Khulna Tigers,Nurul Hasan,AD Russell,Mohammad Nawaz
2543,1,9,4,Rangpur Riders,Khulna Tigers,AD Russell,Nurul Hasan,Mohammad Nawaz
2543,1,9,5,Rangpur Riders,Khulna Tigers,AD Russell,Nurul Hasan,Mohammad Nawaz
2543,1,9,6,Rangpur Riders,Khulna Tigers,Nurul Hasan,AD Russell,Mohammad Nawaz
2543,1,10,1,Rangpur Riders,Khulna Tigers,Nurul Hasan,AD Russell,JO Holder
2543,1,10,2,Rangpur Riders,Khulna Tigers,AD Russell,Nurul Hasan,JO Holder
2543,1,10,3,Rangpur Riders,Khulna Tigers,Nurul Hasan,AD Russell,JO Holder
2543,1,10,4,Rangpur Riders,Khulna Tigers,Nurul Hasan,AD Russell,JO Holder
2543,1,10,5,Rangpur Riders,Khulna Tigers,Nurul Hasan,AD Russell,JO Holder
2543,1,10,6,Rangpur Riders,Khulna Tigers,Nurul Hasan,AD Russell,JO Holder
2543,1,10,7,Rangpur Riders,Khulna Tigers,Nurul Hasan,AD Russell,JO Holder
2543,1,11,1,Rangpur Riders,Khulna Tigers,AD Russell,Nurul Hasan,Mohammad Nawaz
2543,1,11,2,Rangpur Riders,Khulna Tigers,AD Russell,Nurul Hasan,Mohammad Nawaz
2543,1,11,3,Rangpur Riders,Khulna Tigers,Nurul Hasan,AD Russell,Mohammad Nawaz
2543,1,11,4,Rangpur Riders,Khulna Tigers,AD Russell,Nurul Hasan,Mohammad Nawaz
2543,1,11,5,Rangpur Riders,Khulna Tigers,Rakibul Hasan,Nurul Hasan,Mohammad Nawaz
2543,1,11,6,Rangpur Riders,Khulna Tigers,Nurul Hasan,Rakibul Hasan,Mohammad Nawaz
2543,1,12,1,Rangpur Riders,Khulna Tigers,Rakibul Hasan,Nurul Hasan,Mehedi Hasan Miraz
2543,1,12,2,Rangpur Riders,Khulna Tigers,Akif Javed,Nurul Hasan,Mehedi Hasan Miraz
2543,1,12,3,Rangpur Riders,Khulna Tigers,Nurul Hasan,Akif Javed,Mehedi Hasan Miraz
2543,1,12,4,Rangpur Riders,Khulna Tigers,Nahid Rana,Akif Javed,Mehedi Hasan Miraz
2543,1,12,5,Rangpur Riders,Khulna Tigers,Nahid Rana,Akif Javed,Mehedi Hasan Miraz
2543,1,12,6,Rangpur Riders,Khulna Tigers,Nahid Rana,Akif Javed,Mehedi Hasan Miraz
2543,1,13,1,Rangpur Riders,Khulna Tigers,Akif Javed,Nahid Rana,Mohammad Nawaz
2543,1,13,2,Rangpur Riders,Khulna Tigers,Akif Javed,Nahid Rana,Mohammad Nawaz
2543,1,13,3,Rangpur Riders,Khulna Tigers,Akif Javed,Nahid Rana,Mohammad Nawaz
2543,1,13,4,Rangpur Riders,Khulna Tigers,Akif Javed,Nahid Rana,Mohammad Nawaz
2543,1,13,5,Rangpur Riders,Khulna Tigers,Akif Javed,Nahid Rana,Mohammad Nawaz
2543,1,13,6,Rangpur Riders,Khulna Tigers,Akif Javed,Nahid Rana,Mohammad Nawaz
2543,1,13,7,Rangpur Riders,Khulna Tigers,Nahid Rana,Akif Javed,Mohammad Nawaz
2543,1,14,1,Rangpur Riders,Khulna Tigers,Akif Javed,Nahid Rana,Hasan Mahmud
2543,1,14,2,Rangpur Riders,Khulna Tigers,Akif Javed,Nahid Rana,Hasan Mahmud
2543,1,14,3,Rangpur Riders,Khulna Tigers,Akif Javed,Nahid Rana,Hasan Mahmud
2543,1,14,4,Rangpur Riders,Khulna Tigers,Akif Javed,Nahid Rana,Hasan Mahmud
2543,1,14,5,Rangpur Riders,Khulna Tigers,Nahid Rana,Akif Javed,Hasan Mahmud
2543,1,14,6,Rangpur Riders,Khulna Tigers,Nahid Rana,Akif Javed,Hasan Mahmud
2543,1,15,1,Rangpur Riders,Khulna Tigers,Akif Javed,Nahid Rana,Mehedi Hasan Miraz
2543,1,15,2,Rangpur Riders,Khulna Tigers,Akif Javed,Nahid Rana,Mehedi Hasan Miraz
2543,1,15,3,Rangpur Riders,Khulna Tigers,Akif Javed,Nahid Rana,Mehedi Hasan Miraz
2543,1,15,4,Rangpur Riders,Khulna Tigers,Nahid Rana,Akif Javed,Mehedi Hasan Miraz
2543,1,15,5,Rangpur Riders,Khulna Tigers,Nahid Rana,Akif Javed,Mehedi Hasan Miraz
2543,1,15,6,Rangpur Riders,Khulna Tigers,Nahid Rana,Akif Javed,Mehedi Hasan Miraz
2543,1,15,7,Rangpur Riders,Khulna Tigers,Nahid Rana,Akif Javed,Mehedi Hasan Miraz
2543,1,16,1,Rangpur Riders,Khulna Tigers,Akif Javed,Nahid Rana,Musfik Hasan
2543,1,16,2,Rangpur Riders,Khulna Tigers,Akif Javed,Nahid Rana,Musfik Hasan
2543,1,16,3,Rangpur Riders,Khulna Tigers,Akif Javed,Nahid Rana,Musfik Hasan
2543,1,16,4,Rangpur Riders,Khulna Tigers,Akif Javed,Nahid Rana,Musfik Hasan
2543,1,16,5,Rangpur Riders,Khulna Tigers,Akif Javed,Nahid Rana,Musfik Hasan
2543,2,0,1,Khulna Tigers,Rangpur Riders,Mehedi Hasan Miraz,Mohammad Naim,Akif Javed
2543,2,0,2,Khulna Tigers,Rangpur Riders,Mehedi Hasan Miraz,Mohammad Naim,Akif Javed
2543,2,0,3,Khulna Tigers,Rangpur Riders,Mehedi Hasan Miraz,Mohammad Naim,Akif Javed
2543,2,0,4,Khulna Tigers,Rangpur Riders,Mehedi Hasan Miraz,Mohammad Naim,Akif Javed
2543,2,0,5,Khulna Tigers,Rangpur Riders,Mehedi Hasan Miraz,Mohammad Naim,Akif Javed
2543,2,0,6,Khulna Tigers,Rangpur Riders,AI Ross,Mohammad Naim,Akif Javed
2543,2,0,7,Khulna Tigers,Rangpur Riders,AI Ross,Mohammad Naim,Akif Javed
2543,2,0,8,Khulna Tigers,Rangpur Riders,AI Ross,Mohammad Naim,Akif Javed
2543,2,1,1,Khulna Tigers,Rangpur Riders,Mohammad Naim,AI Ross,Nahid Rana
2543,2,1,2,Khulna Tigers,Rangpur Riders,Mohammad Naim,AI Ross,Nahid Rana
2543,2,1,3,Khulna Tigers,Rangpur Riders,Mohammad Naim,AI Ross,Nahid Rana
2543,2,1,4,Khulna Tigers,Rangpur Riders,Mohammad Naim,AI Ross,Nahid Rana
2543,2,1,5,Khulna Tigers,Rangpur Riders,Mohammad Naim,AI Ross,Nahid Rana
2543,2,1,6,Khulna Tigers,Rangpur Riders,AI Ross,Mohammad Naim,Nahid Rana
2543,2,1,7,Khulna Tigers,Rangpur Riders,Mohammad Naim,AI Ross,Nahid Rana
2543,2,2,1,Khulna Tigers,Rangpur Riders,AI Ross,Mohammad Naim,Akif Javed
2543,2,2,2,Khulna Tigers,Rangpur Riders,Mohammad Naim,AI Ross,Akif Javed
2543,2,2,3,Khulna Tigers,Rangpur Riders,Mohammad Naim,AI Ross,Akif Javed
2543,2,2,4,Khulna Tigers,Rangpur Riders,Mohammad Naim,AI Ross,Akif Javed
2543,2,2,5,Khulna Tigers,Rangpur Riders,Mohammad Naim,AI Ross,Akif Javed
2543,2,2,6,Khulna Tigers,Rangpur Riders,Mohammad Naim,AI Ross,Akif Javed
2543,2,3,1,Khulna Tigers,Rangpur Riders,Mohammad Naim,AI Ross,Mahedi Hasan
2543,2,3,2,Khulna Tigers,Rangpur Riders,Mohammad Naim,AI Ross,Mahedi Hasan
2543,2,3,3,Khulna Tigers,Rangpur Riders,Mohammad Naim,AI Ross,Mahedi Hasan
2543,2,3,4,Khulna Tigers,Rangpur Riders,Mohammad Naim,AI Ross,Mahedi Hasan
2543,2,3,5,Khulna Tigers,Rangpur Riders,Mohammad Naim,AI Ross,Mahedi Hasan
2543,2,3,6,Khulna Tigers,Rangpur Riders,AI Ross,Mohammad Naim,Mahedi Hasan
2543,2,4,1,Khulna Tigers,Rangpur Riders,Mohammad Naim,AI Ross,Nahid Rana
2543,2,4,2,Khulna Tigers,Rangpur Riders,AI Ross,Mohammad Naim,Nahid Rana
2543,2,4,3,Khulna Tigers,Rangpur Riders,AI Ross,Mohammad Naim,Nahid Rana
2543,2,4,4,Khulna Tigers,Rangpur Riders,AI Ross,Mohammad Naim,Nahid Rana
2543,2,4,5,Khulna Tigers,Rangpur Riders,AI Ross,Mohammad Naim,Nahid Rana
2543,2,4,6,Khulna Tigers,Rangpur Riders,AI Ross,Mohammad Naim,Nahid Rana
2543,2,5,1,Khulna Tigers,Rangpur Riders,Mohammad Naim,AI Ross,Akif Javed
2543,2,5,2,Khulna Tigers,Rangpur Riders,Mohammad Naim,AI Ross,Akif Javed
2543,2,5,3,Khulna Tigers,Rangpur Riders,Mohammad Naim,AI Ross,Akif Javed
2543,2,5,4,Khulna Tigers,Rangpur Riders,Mohammad Naim,AI Ross,Akif Javed
2543,2,5,5,Khulna Tigers,Rangpur Riders,Mohammad Naim,AI Ross,Akif Javed
2543,2,5,6,Khulna Tigers,Rangpur Riders,AI Ross,Mohammad Naim,Akif Javed
2543,2,6,1,Khulna Tigers,Rangpur Riders,AI Ross,Mohammad Naim,Nahid Rana
2543,2,6,2,Khulna Tigers,Rangpur Riders,AI Ross,Mohammad Naim,Nahid Rana
2543,2,6,3,Khulna Tigers,Rangpur Riders,AI Ross,Mohammad Naim,Nahid Rana
2543,2,6,4,Khulna Tigers,Rangpur Riders,AI Ross,Mohammad Naim,Nahid Rana
2543,2,6,5,Khulna Tigers,Rangpur Riders,Mohammad Naim,AI Ross,Nahid Rana
2543,2,6,6,Khulna Tigers,Rangpur Riders,AI Ross,Mohammad Naim,Nahid Rana
2543,2,7,1,Khulna Tigers,Rangpur Riders,AI Ross,Mohammad Naim,AD Russell
2543,2,7,2,Khulna Tigers,Rangpur Riders,Mohammad Naim,AI Ross,AD Russell
2543,2,7,3,Khulna Tigers,Rangpur Riders,AI Ross,Mohammad Naim,AD Russell
2543,2,7,4,Khulna Tigers,Rangpur Riders,AI Ross,Mohammad Naim,AD Russell
2543,2,7,5,Khulna Tigers,Rangpur Riders,AI Ross,Mohammad Naim,AD Russell
2543,2,7,6,Khulna Tigers,Rangpur Riders,AI Ross,Mohammad Naim,AD Russell
2543,2,7,7,Khulna Tigers,Rangpur Riders,Mohammad Naim,AI Ross,AD Russell
2543,2,7,8,Khulna Tigers,Rangpur Riders,Mohammad Naim,AI Ross,AD Russell
2543,2,8,1,Khulna Tigers,Rangpur Riders,Mohammad Naim,AI Ross,Rakibul Hasan
2543,2,8,2,Khulna Tigers,Rangpur Riders,AI Ross,Mohammad Naim,Rakibul Hasan
2543,2,8,3,Khulna Tigers,Rangpur Riders,Mohammad Naim,AI Ross,Rakibul Hasan
2543,2,8,4,Khulna Tigers,Rangpur Riders,AI Ross,Mohammad Naim,Rakibul Hasan
2543,2,8,5,Khulna Tigers,Rangpur Riders,Mohammad Naim,AI Ross,Rakibul Hasan
2543,2,8,6,Khulna Tigers,Rangpur Riders,AI Ross,Mohammad Naim,Rakibul Hasan
2543,2,9,1,Khulna Tigers,Rangpur Riders,AI Ross,Mohammad Naim,Nahid Rana
2543,2,9,2,Khulna Tigers,Rangpur Riders,Mohammad Naim,AI Ross,Nahid Rana
2543,2,9,3,Khulna Tigers,Rangpur Riders,AI Ross,Mohammad Naim,Nahid Rana
2543,2,9,4,Khulna Tigers,Rangpur Riders,Mohammad Naim,AI Ross,Nahid Rana
2543,2,9,5,Khulna Tigers,Rangpur Riders,Mohammad Naim,AI Ross,Nahid Rana
2543,2,9,6,Khulna Tigers,Rangpur Riders,Mohammad Naim,AI Ross,Nahid Rana
2543,2,9,7,Khulna Tigers,Rangpur Riders,Mohammad Naim,AI Ross,Nahid Rana
2543,2,10,1,Khulna Tigers,Rangpur Riders,AI Ross,Mohammad Naim,Rakibul Hasan
2543,2,10,2,Khulna Tigers,Rangpur Riders,Mohammad Naim,AI Ross,Rakibul Hasan
