MATCHID,INNINGSNO,OVERNO,BALL_NO,TEAMBATTING,TEAM_BOWLING,STRIKER,NON_STRIKER,BOWLER
2522,1,0,1,Chittagong Kings,Khulna Tigers,Parvez Hossain Emon,Usman Khan,Abu Hider
2522,1,0,2,Chittagong Kings,Khulna Tigers,Parvez Hossain Emon,Usman Khan,Abu Hider
2522,1,0,3,Chittagong Kings,Khulna Tigers,Parvez Hossain Emon,Usman Khan,Abu Hider
2522,1,0,4,Chittagong Kings,Khulna Tigers,Parvez Hossain Emon,Usman Khan,Abu Hider
2522,1,0,5,Chittagong Kings,Khulna Tigers,Usman Khan,Parvez Hossain Emon,Abu Hider
2522,1,0,6,Chittagong Kings,Khulna Tigers,Usman Khan,Parvez Hossain Emon,Abu Hider
2522,1,0,7,Chittagong Kings,Khulna Tigers,Parvez Hossain Emon,Usman Khan,Abu Hider
2522,1,1,1,Chittagong Kings,Khulna Tigers,Usman Khan,Parvez Hossain Emon,Hasan Mahmud
2522,1,1,2,Chittagong Kings,Khulna Tigers,Parvez Hossain Emon,Usman Khan,Hasan Mahmud
2522,1,1,3,Chittagong Kings,Khulna Tigers,Parvez Hossain Emon,Usman Khan,Hasan Mahmud
2522,1,1,4,Chittagong Kings,Khulna Tigers,Usman Khan,Parvez Hossain Emon,Hasan Mahmud
2522,1,1,5,Chittagong Kings,Khulna Tigers,Usman Khan,Parvez Hossain Emon,Hasan Mahmud
2522,1,1,6,Chittagong Kings,Khulna Tigers,Usman Khan,Parvez Hossain Emon,Hasan Mahmud
2522,1,2,1,Chittagong Kings,Khulna Tigers,Parvez Hossain Emon,Usman Khan,Abu Hider
2522,1,2,2,Chittagong Kings,Khulna Tigers,Usman Khan,Parvez Hossain Emon,Abu Hider
2522,1,2,3,Chittagong Kings,Khulna Tigers,G Clark,Parvez Hossain Emon,Abu Hider
2522,1,2,4,Chittagong Kings,Khulna Tigers,G Clark,Parvez Hossain Emon,Abu Hider
2522,1,2,5,Chittagong Kings,Khulna Tigers,G Clark,Parvez Hossain Emon,Abu Hider
2522,1,2,6,Chittagong Kings,Khulna Tigers,G Clark,Parvez Hossain Emon,Abu Hider
2522,1,3,1,Chittagong Kings,Khulna Tigers,Parvez Hossain Emon,G Clark,Mehedi Hasan Miraz
2522,1,3,2,Chittagong Kings,Khulna Tigers,G Clark,Parvez Hossain Emon,Mehedi Hasan Miraz
2522,1,3,3,Chittagong Kings,Khulna Tigers,G Clark,Parvez Hossain Emon,Mehedi Hasan Miraz
2522,1,3,4,Chittagong Kings,Khulna Tigers,Parvez Hossain Emon,G Clark,Mehedi Hasan Miraz
2522,1,3,5,Chittagong Kings,Khulna Tigers,Parvez Hossain Emon,G Clark,Mehedi Hasan Miraz
2522,1,3,6,Chittagong Kings,Khulna Tigers,G Clark,Parvez Hossain Emon,Mehedi Hasan Miraz
2522,1,4,1,Chittagong Kings,Khulna Tigers,G Clark,Parvez Hossain Emon,Salman Irshad
2522,1,4,2,Chittagong Kings,Khulna Tigers,Parvez Hossain Emon,G Clark,Salman Irshad
2522,1,4,3,Chittagong Kings,Khulna Tigers,Parvez Hossain Emon,G Clark,Salman Irshad
2522,1,4,4,Chittagong Kings,Khulna Tigers,Parvez Hossain Emon,G Clark,Salman Irshad
2522,1,4,5,Chittagong Kings,Khulna Tigers,Parvez Hossain Emon,G Clark,Salman Irshad
2522,1,4,6,Chittagong Kings,Khulna Tigers,G Clark,Parvez Hossain Emon,Salman Irshad
2522,1,5,1,Chittagong Kings,Khulna Tigers,G Clark,Parvez Hossain Emon,Mehedi Hasan Miraz
2522,1,5,2,Chittagong Kings,Khulna Tigers,G Clark,Parvez Hossain Emon,Mehedi Hasan Miraz
2522,1,5,3,Chittagong Kings,Khulna Tigers,Parvez Hossain Emon,G Clark,Mehedi Hasan Miraz
2522,1,5,4,Chittagong Kings,Khulna Tigers,Parvez Hossain Emon,G Clark,Mehedi Hasan Miraz
2522,1,5,5,Chittagong Kings,Khulna Tigers,G Clark,Parvez Hossain Emon,Mehedi Hasan Miraz
2522,1,5,6,Chittagong Kings,Khulna Tigers,G Clark,Parvez Hossain Emon,Mehedi Hasan Miraz
2522,1,6,1,Chittagong Kings,Khulna Tigers,G Clark,Parvez Hossain Emon,Mohammad Nawaz
2522,1,6,2,Chittagong Kings,Khulna Tigers,Parvez Hossain Emon,G Clark,Mohammad Nawaz
2522,1,6,3,Chittagong Kings,Khulna Tigers,G Clark,Parvez Hossain Emon,Mohammad Nawaz
2522,1,6,4,Chittagong Kings,Khulna Tigers,Parvez Hossain Emon,G Clark,Mohammad Nawaz
2522,1,6,5,Chittagong Kings,Khulna Tigers,G Clark,Parvez Hossain Emon,Mohammad Nawaz
2522,1,6,6,Chittagong Kings,Khulna Tigers,G Clark,Parvez Hossain Emon,Mohammad Nawaz
2522,1,7,1,Chittagong Kings,Khulna Tigers,Parvez Hossain Emon,G Clark,Mehedi Hasan Miraz
2522,1,7,2,Chittagong Kings,Khulna Tigers,G Clark,Parvez Hossain Emon,Mehedi Hasan Miraz
2522,1,7,3,Chittagong Kings,Khulna Tigers,G Clark,Parvez Hossain Emon,Mehedi Hasan Miraz
2522,1,7,4,Chittagong Kings,Khulna Tigers,Parvez Hossain Emon,G Clark,Mehedi Hasan Miraz
2522,1,7,5,Chittagong Kings,Khulna Tigers,G Clark,Parvez Hossain Emon,Mehedi Hasan Miraz
2522,1,7,6,Chittagong Kings,Khulna Tigers,G Clark,Parvez Hossain Emon,Mehedi Hasan Miraz
2522,1,8,1,Chittagong Kings,Khulna Tigers,G Clark,Parvez Hossain Emon,Hasan Mahmud
2522,1,8,2,Chittagong Kings,Khulna Tigers,Parvez Hossain Emon,G Clark,Hasan Mahmud
2522,1,8,3,Chittagong Kings,Khulna Tigers,G Clark,Parvez Hossain Emon,Hasan Mahmud
2522,1,8,4,Chittagong Kings,Khulna Tigers,Parvez Hossain Emon,G Clark,Hasan Mahmud
2522,1,8,5,Chittagong Kings,Khulna Tigers,G Clark,Parvez Hossain Emon,Hasan Mahmud
2522,1,8,6,Chittagong Kings,Khulna Tigers,G Clark,Parvez Hossain Emon,Hasan Mahmud
2522,1,8,7,Chittagong Kings,Khulna Tigers,Parvez Hossain Emon,G Clark,Hasan Mahmud
2522,1,9,1,Chittagong Kings,Khulna Tigers,G Clark,Parvez Hossain Emon,Abu Hider
2522,1,9,2,Chittagong Kings,Khulna Tigers,G Clark,Parvez Hossain Emon,Abu Hider
2522,1,9,3,Chittagong Kings,Khulna Tigers,G Clark,Parvez Hossain Emon,Abu Hider
2522,1,9,4,Chittagong Kings,Khulna Tigers,G Clark,Parvez Hossain Emon,Abu Hider
2522,1,9,5,Chittagong Kings,Khulna Tigers,Parvez Hossain Emon,G Clark,Abu Hider
2522,1,9,6,Chittagong Kings,Khulna Tigers,Parvez Hossain Emon,G Clark,Abu Hider
2522,1,10,1,Chittagong Kings,Khulna Tigers,G Clark,Parvez Hossain Emon,Mahfuzur Rahman Rabby
2522,1,10,2,Chittagong Kings,Khulna Tigers,G Clark,Parvez Hossain Emon,Mahfuzur Rahman Rabby
2522,1,10,3,Chittagong Kings,Khulna Tigers,G Clark,Parvez Hossain Emon,Mahfuzur Rahman Rabby
2522,1,10,4,Chittagong Kings,Khulna Tigers,G Clark,Parvez Hossain Emon,Mahfuzur Rahman Rabby
2522,1,10,5,Chittagong Kings,Khulna Tigers,G Clark,Parvez Hossain Emon,Mahfuzur Rahman Rabby
2522,1,10,6,Chittagong Kings,Khulna Tigers,Parvez Hossain Emon,G Clark,Mahfuzur Rahman Rabby
2522,1,11,1,Chittagong Kings,Khulna Tigers,G Clark,Parvez Hossain Emon,Salman Irshad
2522,1,11,2,Chittagong Kings,Khulna Tigers,G Clark,Parvez Hossain Emon,Salman Irshad
2522,1,11,3,Chittagong Kings,Khulna Tigers,Parvez Hossain Emon,G Clark,Salman Irshad
2522,1,11,4,Chittagong Kings,Khulna Tigers,G Clark,Parvez Hossain Emon,Salman Irshad
2522,1,11,5,Chittagong Kings,Khulna Tigers,G Clark,Parvez Hossain Emon,Salman Irshad
2522,1,11,6,Chittagong Kings,Khulna Tigers,G Clark,Parvez Hossain Emon,Salman Irshad
2522,1,12,1,Chittagong Kings,Khulna Tigers,G Clark,Parvez Hossain Emon,Mohammad Nawaz
2522,1,12,2,Chittagong Kings,Khulna Tigers,G Clark,Parvez Hossain Emon,Mohammad Nawaz
2522,1,12,3,Chittagong Kings,Khulna Tigers,Parvez Hossain Emon,G Clark,Mohammad Nawaz
2522,1,12,4,Chittagong Kings,Khulna Tigers,Parvez Hossain Emon,G Clark,Mohammad Nawaz
2522,1,12,5,Chittagong Kings,Khulna Tigers,Shamim Hossain,G Clark,Mohammad Nawaz
2522,1,12,6,Chittagong Kings,Khulna Tigers,Shamim Hossain,G Clark,Mohammad Nawaz
2522,1,13,1,Chittagong Kings,Khulna Tigers,Shamim Hossain,G Clark,Abu Hider
2522,1,13,2,Chittagong Kings,Khulna Tigers,Shamim Hossain,G Clark,Abu Hider
2522,1,13,3,Chittagong Kings,Khulna Tigers,G Clark,Shamim Hossain,Abu Hider
2522,1,13,4,Chittagong Kings,Khulna Tigers,Shamim Hossain,G Clark,Abu Hider
2522,1,13,5,Chittagong Kings,Khulna Tigers,G Clark,Shamim Hossain,Abu Hider
2522,1,13,6,Chittagong Kings,Khulna Tigers,G Clark,Shamim Hossain,Abu Hider
2522,1,14,1,Chittagong Kings,Khulna Tigers,G Clark,Shamim Hossain,Mohammad Nawaz
2522,1,14,2,Chittagong Kings,Khulna Tigers,G Clark,Shamim Hossain,Mohammad Nawaz
2522,1,14,3,Chittagong Kings,Khulna Tigers,Shamim Hossain,G Clark,Mohammad Nawaz
2522,1,14,4,Chittagong Kings,Khulna Tigers,Shamim Hossain,G Clark,Mohammad Nawaz
2522,1,14,5,Chittagong Kings,Khulna Tigers,G Clark,Shamim Hossain,Mohammad Nawaz
2522,1,14,6,Chittagong Kings,Khulna Tigers,Shamim Hossain,G Clark,Mohammad Nawaz
2522,1,15,1,Chittagong Kings,Khulna Tigers,Shamim Hossain,G Clark,Salman Irshad
2522,1,15,2,Chittagong Kings,Khulna Tigers,G Clark,Shamim Hossain,Salman Irshad
2522,1,15,3,Chittagong Kings,Khulna Tigers,Shamim Hossain,G Clark,Salman Irshad
2522,1,15,4,Chittagong Kings,Khulna Tigers,G Clark,Shamim Hossain,Salman Irshad
2522,1,15,5,Chittagong Kings,Khulna Tigers,Shamim Hossain,G Clark,Salman Irshad
2522,1,15,6,Chittagong Kings,Khulna Tigers,G Clark,Shamim Hossain,Salman Irshad
2522,1,16,1,Chittagong Kings,Khulna Tigers,Shamim Hossain,Haider Ali,Mohammad Nawaz
2522,1,16,2,Chittagong Kings,Khulna Tigers,Shamim Hossain,Haider Ali,Mohammad Nawaz
2522,1,16,3,Chittagong Kings,Khulna Tigers,Mohammad Mithun,Haider Ali,Mohammad Nawaz
2522,1,16,4,Chittagong Kings,Khulna Tigers,Haider Ali,Mohammad Mithun,Mohammad Nawaz
2522,1,16,5,Chittagong Kings,Khulna Tigers,Mohammad Mithun,Haider Ali,Mohammad Nawaz
2522,1,16,6,Chittagong Kings,Khulna Tigers,Haider Ali,Mohammad Mithun,Mohammad Nawaz
2522,1,17,1,Chittagong Kings,Khulna Tigers,Mohammad Mithun,Mohammad Wasim,Hasan Mahmud
2522,1,17,2,Chittagong Kings,Khulna Tigers,Mohammad Wasim,Mohammad Mithun,Hasan Mahmud
2522,1,17,3,Chittagong Kings,Khulna Tigers,Mohammad Wasim,Mohammad Mithun,Hasan Mahmud
2522,1,17,4,Chittagong Kings,Khulna Tigers,Mohammad Mithun,Mohammad Wasim,Hasan Mahmud
2522,1,17,5,Chittagong Kings,Khulna Tigers,Mohammad Mithun,Mohammad Wasim,Hasan Mahmud
2522,1,17,6,Chittagong Kings,Khulna Tigers,Mohammad Wasim,Mohammad Mithun,Hasan Mahmud
2522,1,18,1,Chittagong Kings,Khulna Tigers,Mohammad Mithun,Mohammad Wasim,Salman Irshad
2522,1,18,2,Chittagong Kings,Khulna Tigers,Mohammad Wasim,Mohammad Mithun,Salman Irshad
2522,1,18,3,Chittagong Kings,Khulna Tigers,Mohammad Wasim,Mohammad Mithun,Salman Irshad
2522,1,18,4,Chittagong Kings,Khulna Tigers,Shoriful Islam,Mohammad Mithun,Salman Irshad
2522,1,18,5,Chittagong Kings,Khulna Tigers,Shoriful Islam,Mohammad Mithun,Salman Irshad
2522,1,18,6,Chittagong Kings,Khulna Tigers,Shoriful Islam,Mohammad Mithun,Salman Irshad
2522,1,19,1,Chittagong Kings,Khulna Tigers,Mohammad Mithun,Khaled Ahmed,Hasan Mahmud
2522,1,19,2,Chittagong Kings,Khulna Tigers,Mohammad Mithun,Khaled Ahmed,Hasan Mahmud
2522,1,19,3,Chittagong Kings,Khulna Tigers,Khaled Ahmed,Mohammad Mithun,Hasan Mahmud
2522,1,19,4,Chittagong Kings,Khulna Tigers,Khaled Ahmed,Mohammad Mithun,Hasan Mahmud
2522,1,19,5,Chittagong Kings,Khulna Tigers,Mohammad Mithun,Khaled Ahmed,Hasan Mahmud
2522,1,19,6,Chittagong Kings,Khulna Tigers,Mohammad Mithun,Khaled Ahmed,Hasan Mahmud
2522,2,0,1,Khulna Tigers,Chittagong Kings,Mohammad Naim,DP Sibley,Shoriful Islam
2522,2,0,2,Khulna Tigers,Chittagong Kings,DP Sibley,Mohammad Naim,Shoriful Islam
2522,2,0,3,Khulna Tigers,Chittagong Kings,DP Sibley,Mohammad Naim,Shoriful Islam
2522,2,0,4,Khulna Tigers,Chittagong Kings,DP Sibley,Mohammad Naim,Shoriful Islam
2522,2,0,5,Khulna Tigers,Chittagong Kings,DP Sibley,Mohammad Naim,Shoriful Islam
2522,2,0,6,Khulna Tigers,Chittagong Kings,Mohammad Naim,DP Sibley,Shoriful Islam
2522,2,1,1,Khulna Tigers,Chittagong Kings,DP Sibley,Mohammad Naim,Khaled Ahmed
2522,2,1,2,Khulna Tigers,Chittagong Kings,DP Sibley,Mohammad Naim,Khaled Ahmed
2522,2,1,3,Khulna Tigers,Chittagong Kings,DP Sibley,Mohammad Naim,Khaled Ahmed
2522,2,1,4,Khulna Tigers,Chittagong Kings,DP Sibley,Mohammad Naim,Khaled Ahmed
2522,2,1,5,Khulna Tigers,Chittagong Kings,Mehedi Hasan Miraz,Mohammad Naim,Khaled Ahmed
2522,2,1,6,Khulna Tigers,Chittagong Kings,Mehedi Hasan Miraz,Mohammad Naim,Khaled Ahmed
2522,2,2,1,Khulna Tigers,Chittagong Kings,Mohammad Naim,Mehedi Hasan Miraz,Al Islam
2522,2,2,2,Khulna Tigers,Chittagong Kings,Mohammad Naim,Mehedi Hasan Miraz,Al Islam
2522,2,2,3,Khulna Tigers,Chittagong Kings,Mehedi Hasan Miraz,Mohammad Naim,Al Islam
2522,2,2,4,Khulna Tigers,Chittagong Kings,Mehedi Hasan Miraz,Mohammad Naim,Al Islam
2522,2,2,5,Khulna Tigers,Chittagong Kings,Mehedi Hasan Miraz,Mohammad Naim,Al Islam
2522,2,2,6,Khulna Tigers,Chittagong Kings,Mohammad Naim,Mehedi Hasan Miraz,Al Islam
2522,2,3,1,Khulna Tigers,Chittagong Kings,Mehedi Hasan Miraz,Mohammad Naim,Shoriful Islam
2522,2,3,2,Khulna Tigers,Chittagong Kings,Mehedi Hasan Miraz,Mohammad Naim,Shoriful Islam
2522,2,3,3,Khulna Tigers,Chittagong Kings,Mehedi Hasan Miraz,Mohammad Naim,Shoriful Islam
2522,2,3,4,Khulna Tigers,Chittagong Kings,Afif Hossain,Mohammad Naim,Shoriful Islam
2522,2,3,5,Khulna Tigers,Chittagong Kings,Afif Hossain,Mohammad Naim,Shoriful Islam
2522,2,3,6,Khulna Tigers,Chittagong Kings,Afif Hossain,Mohammad Naim,Shoriful Islam
2522,2,4,1,Khulna Tigers,Chittagong Kings,Mohammad Naim,Afif Hossain,Mohammad Wasim
2522,2,4,2,Khulna Tigers,Chittagong Kings,Afif Hossain,Mohammad Naim,Mohammad Wasim
2522,2,4,3,Khulna Tigers,Chittagong Kings,Afif Hossain,Mohammad Naim,Mohammad Wasim
2522,2,4,4,Khulna Tigers,Chittagong Kings,Afif Hossain,Mohammad Naim,Mohammad Wasim
2522,2,4,5,Khulna Tigers,Chittagong Kings,Mohammad Naim,Afif Hossain,Mohammad Wasim
2522,2,4,6,Khulna Tigers,Chittagong Kings,Darwish Rasooli,Afif Hossain,Mohammad Wasim
2522,2,5,1,Khulna Tigers,Chittagong Kings,Afif Hossain,Darwish Rasooli,Al Islam
2522,2,5,2,Khulna Tigers,Chittagong Kings,Afif Hossain,Darwish Rasooli,Al Islam
2522,2,5,3,Khulna Tigers,Chittagong Kings,Darwish Rasooli,Afif Hossain,Al Islam
2522,2,5,4,Khulna Tigers,Chittagong Kings,Darwish Rasooli,Afif Hossain,Al Islam
2522,2,5,5,Khulna Tigers,Chittagong Kings,Afif Hossain,Darwish Rasooli,Al Islam
2522,2,5,6,Khulna Tigers,Chittagong Kings,Afif Hossain,Darwish Rasooli,Al Islam
2522,2,6,1,Khulna Tigers,Chittagong Kings,Darwish Rasooli,Afif Hossain,Khaled Ahmed
2522,2,6,2,Khulna Tigers,Chittagong Kings,Darwish Rasooli,Afif Hossain,Khaled Ahmed
2522,2,6,3,Khulna Tigers,Chittagong Kings,Afif Hossain,Darwish Rasooli,Khaled Ahmed
2522,2,6,4,Khulna Tigers,Chittagong Kings,Darwish Rasooli,Afif Hossain,Khaled Ahmed
2522,2,6,5,Khulna Tigers,Chittagong Kings,Afif Hossain,Darwish Rasooli,Khaled Ahmed
2522,2,6,6,Khulna Tigers,Chittagong Kings,Darwish Rasooli,Afif Hossain,Khaled Ahmed
2522,2,7,1,Khulna Tigers,Chittagong Kings,Afif Hossain,Darwish Rasooli,Al Islam
2522,2,7,2,Khulna Tigers,Chittagong Kings,Afif Hossain,Darwish Rasooli,Al Islam
2522,2,7,3,Khulna Tigers,Chittagong Kings,Darwish Rasooli,Afif Hossain,Al Islam
2522,2,7,4,Khulna Tigers,Chittagong Kings,Darwish Rasooli,Afif Hossain,Al Islam
2522,2,7,5,Khulna Tigers,Chittagong Kings,Afif Hossain,Darwish Rasooli,Al Islam
2522,2,7,6,Khulna Tigers,Chittagong Kings,Mahfuzur Rahman Rabby,Darwish Rasooli,Al Islam
2522,2,8,1,Khulna Tigers,Chittagong Kings,Mahfuzur Rahman Rabby,Darwish Rasooli,Arafat Sunny
2522,2,8,2,Khulna Tigers,Chittagong Kings,Darwish Rasooli,Mahfuzur Rahman Rabby,Arafat Sunny
2522,2,8,3,Khulna Tigers,Chittagong Kings,Mahfuzur Rahman Rabby,Darwish Rasooli,Arafat Sunny
2522,2,8,4,Khulna Tigers,Chittagong Kings,Mohammad Nawaz,Darwish Rasooli,Arafat Sunny
2522,2,8,5,Khulna Tigers,Chittagong Kings,Darwish Rasooli,Mohammad Nawaz,Arafat Sunny
2522,2,8,6,Khulna Tigers,Chittagong Kings,Darwish Rasooli,Mohammad Nawaz,Arafat Sunny
2522,2,9,1,Khulna Tigers,Chittagong Kings,Darwish Rasooli,Mohammad Nawaz,Al Islam
2522,2,9,2,Khulna Tigers,Chittagong Kings,Mohammad Nawaz,Darwish Rasooli,Al Islam
2522,2,9,3,Khulna Tigers,Chittagong Kings,Mohammad Nawaz,Darwish Rasooli,Al Islam
2522,2,9,4,Khulna Tigers,Chittagong Kings,Mohammad Nawaz,Darwish Rasooli,Al Islam
2522,2,9,5,Khulna Tigers,Chittagong Kings,Darwish Rasooli,Mohammad Nawaz,Al Islam
2522,2,9,6,Khulna Tigers,Chittagong Kings,Mohammad Nawaz,Darwish Rasooli,Al Islam
2522,2,9,7,Khulna Tigers,Chittagong Kings,Mohammad Nawaz,Darwish Rasooli,Al Islam
2522,2,10,1,Khulna Tigers,Chittagong Kings,Darwish Rasooli,Mohammad Nawaz,Arafat Sunny
2522,2,10,2,Khulna Tigers,Chittagong Kings,Darwish Rasooli,Mohammad Nawaz,Arafat Sunny
2522,2,10,3,Khulna Tigers,Chittagong Kings,Mohammad Nawaz,Darwish Rasooli,Arafat Sunny
2522,2,10,4,Khulna Tigers,Chittagong Kings,Darwish Rasooli,Mohammad Nawaz,Arafat Sunny
2522,2,10,5,Khulna Tigers,Chittagong Kings,Mohammad Nawaz,Darwish Rasooli,Arafat Sunny
2522,2,10,6,Khulna Tigers,Chittagong Kings,Darwish Rasooli,Mohammad Nawaz,Arafat Sunny
2522,2,11,1,Khulna Tigers,Chittagong Kings,Darwish Rasooli,Mohammad Nawaz,Mohammad Wasim
2522,2,11,2,Khulna Tigers,Chittagong Kings,Mohammad Nawaz,Darwish Rasooli,Mohammad Wasim
2522,2,11,3,Khulna Tigers,Chittagong Kings,Mohammad Nawaz,Darwish Rasooli,Mohammad Wasim
2522,2,11,4,Khulna Tigers,Chittagong Kings,Darwish Rasooli,Mohammad Nawaz,Mohammad Wasim
2522,2,11,5,Khulna Tigers,Chittagong Kings,Darwish Rasooli,Mohammad Nawaz,Mohammad Wasim
2522,2,11,6,Khulna Tigers,Chittagong Kings,Darwish Rasooli,Mohammad Nawaz,Mohammad Wasim
2522,2,12,1,Khulna Tigers,Chittagong Kings,Darwish Rasooli,Mohammad Nawaz,Khaled Ahmed
2522,2,12,2,Khulna Tigers,Chittagong Kings,Darwish Rasooli,Mohammad Nawaz,Khaled Ahmed
2522,2,12,3,Khulna Tigers,Chittagong Kings,Mohammad Nawaz,Darwish Rasooli,Khaled Ahmed
2522,2,12,4,Khulna Tigers,Chittagong Kings,Mohammad Nawaz,Darwish Rasooli,Khaled Ahmed
2522,2,12,5,Khulna Tigers,Chittagong Kings,Darwish Rasooli,Mohammad Nawaz,Khaled Ahmed
2522,2,12,6,Khulna Tigers,Chittagong Kings,Mohammad Nawaz,Darwish Rasooli,Khaled Ahmed
2522,2,13,1,Khulna Tigers,Chittagong Kings,Darwish Rasooli,Mohammad Nawaz,Shoriful Islam
2522,2,13,2,Khulna Tigers,Chittagong Kings,Mohammad Nawaz,Darwish Rasooli,Shoriful Islam
2522,2,13,3,Khulna Tigers,Chittagong Kings,Darwish Rasooli,Mohammad Nawaz,Shoriful Islam
2522,2,13,4,Khulna Tigers,Chittagong Kings,Darwish Rasooli,Mohammad Nawaz,Shoriful Islam
2522,2,13,5,Khulna Tigers,Chittagong Kings,Darwish Rasooli,Mohammad Nawaz,Shoriful Islam
2522,2,13,6,Khulna Tigers,Chittagong Kings,Darwish Rasooli,Mohammad Nawaz,Shoriful Islam
2522,2,13,7,Khulna Tigers,Chittagong Kings,Darwish Rasooli,Mohammad Nawaz,Shoriful Islam
2522,2,14,1,Khulna Tigers,Chittagong Kings,Darwish Rasooli,Mohammad Nawaz,Arafat Sunny
2522,2,14,2,Khulna Tigers,Chittagong Kings,Mahidul Islam Ankon,Mohammad Nawaz,Arafat Sunny
2522,2,14,3,Khulna Tigers,Chittagong Kings,Mohammad Nawaz,Mahidul Islam Ankon,Arafat Sunny
2522,2,14,4,Khulna Tigers,Chittagong Kings,Mohammad Nawaz,Mahidul Islam Ankon,Arafat Sunny
2522,2,14,5,Khulna Tigers,Chittagong Kings,Mohammad Nawaz,Mahidul Islam Ankon,Arafat Sunny
2522,2,14,6,Khulna Tigers,Chittagong Kings,Mohammad Nawaz,Mahidul Islam Ankon,Arafat Sunny
2522,2,15,1,Khulna Tigers,Chittagong Kings,Mohammad Nawaz,Mahidul Islam Ankon,Khaled Ahmed
2522,2,15,2,Khulna Tigers,Chittagong Kings,Mohammad Nawaz,Mahidul Islam Ankon,Khaled Ahmed
2522,2,15,3,Khulna Tigers,Chittagong Kings,Mahidul Islam Ankon,Mohammad Nawaz,Khaled Ahmed
2522,2,15,4,Khulna Tigers,Chittagong Kings,Mahidul Islam Ankon,Mohammad Nawaz,Khaled Ahmed
2522,2,15,5,Khulna Tigers,Chittagong Kings,Mahidul Islam Ankon,Mohammad Nawaz,Khaled Ahmed
2522,2,15,6,Khulna Tigers,Chittagong Kings,Mohammad Nawaz,Mahidul Islam Ankon,Khaled Ahmed
2522,2,16,1,Khulna Tigers,Chittagong Kings,Mahidul Islam Ankon,Abu Hider,Arafat Sunny
2522,2,16,2,Khulna Tigers,Chittagong Kings,Abu Hider,Mahidul Islam Ankon,Arafat Sunny
2522,2,16,3,Khulna Tigers,Chittagong Kings,Abu Hider,Mahidul Islam Ankon,Arafat Sunny
2522,2,16,4,Khulna Tigers,Chittagong Kings,Hasan Mahmud,Mahidul Islam Ankon,Arafat Sunny
2522,2,16,5,Khulna Tigers,Chittagong Kings,Mahidul Islam Ankon,Hasan Mahmud,Arafat Sunny
2522,2,16,6,Khulna Tigers,Chittagong Kings,Hasan Mahmud,Mahidul Islam Ankon,Arafat Sunny
2522,2,17,1,Khulna Tigers,Chittagong Kings,Hasan Mahmud,Mahidul Islam Ankon,Mohammad Wasim
2522,2,17,2,Khulna Tigers,Chittagong Kings,Mahidul Islam Ankon,Hasan Mahmud,Mohammad Wasim
2522,2,17,3,Khulna Tigers,Chittagong Kings,Mahidul Islam Ankon,Hasan Mahmud,Mohammad Wasim
2522,2,17,4,Khulna Tigers,Chittagong Kings,Hasan Mahmud,Mahidul Islam Ankon,Mohammad Wasim
2522,2,17,5,Khulna Tigers,Chittagong Kings,Hasan Mahmud,Mahidul Islam Ankon,Mohammad Wasim
2522,2,17,6,Khulna Tigers,Chittagong Kings,Mahidul Islam Ankon,Hasan Mahmud,Mohammad Wasim
2522,2,18,1,Khulna Tigers,Chittagong Kings,Mahidul Islam Ankon,Hasan Mahmud,Shoriful Islam
2522,2,18,2,Khulna Tigers,Chittagong Kings,Mahidul Islam Ankon,Hasan Mahmud,Shoriful Islam
2522,2,18,3,Khulna Tigers,Chittagong Kings,Mahidul Islam Ankon,Hasan Mahmud,Shoriful Islam
2522,2,18,4,Khulna Tigers,Chittagong Kings,Salman Irshad,Hasan Mahmud,Shoriful Islam
2522,2,18,5,Khulna Tigers,Chittagong Kings,Salman Irshad,Hasan Mahmud,Shoriful Islam
2522,2,18,6,Khulna Tigers,Chittagong Kings,Hasan Mahmud,Salman Irshad,Shoriful Islam
2522,2,19,1,Khulna Tigers,Chittagong Kings,Hasan Mahmud,Salman Irshad,Mohammad Wasim
2522,2,19,2,Khulna Tigers,Chittagong Kings,Hasan Mahmud,Salman Irshad,Mohammad Wasim
2522,2,19,3,Khulna Tigers,Chittagong Kings,Salman Irshad,Hasan Mahmud,Mohammad Wasim
2522,2,19,4,Khulna Tigers,Chittagong Kings,Hasan Mahmud,Salman Irshad,Mohammad Wasim
2522,2,19,5,Khulna Tigers,Chittagong Kings,Salman Irshad,Hasan Mahmud,Mohammad Wasim
2522,2,19,6,Khulna Tigers,Chittagong Kings,Hasan Mahmud,Salman Irshad,Mohammad Wasim
