MATCHID,INNINGSNO,OVERNO,BALL_NO,TEAMBATTING,TEAMBOWLING,STRIKER,NON_STRIKER,BOWLER
2535,1,0,1,Khulna Tigers,Fortune Barishal,Mehedi Hasan Miraz,Mohammad Naim,JK Fuller
2535,1,0,2,Khulna Tigers,Fortune Barishal,Mehedi Hasan Miraz,Mohammad Naim,JK Fuller
2535,1,0,3,Khulna Tigers,Fortune Barishal,Mohammad Naim,Mehedi Hasan Miraz,JK Fuller
2535,1,0,4,Khulna Tigers,Fortune Barishal,Mohammad Naim,Mehedi Hasan Miraz,JK Fuller
2535,1,0,5,Khulna Tigers,Fortune Barishal,Mehedi Hasan Miraz,Mohammad Naim,JK Fuller
2535,1,0,6,Khulna Tigers,Fortune Barishal,Mehedi Hasan Miraz,Mohammad Naim,JK Fuller
2535,1,1,1,Khulna Tigers,Fortune Barishal,Mohammad Naim,Mehedi Hasan Miraz,Mohammad Nabi
2535,1,1,2,Khulna Tigers,Fortune Barishal,Mehedi Hasan Miraz,Mohammad Naim,Mohammad Nabi
2535,1,1,3,Khulna Tigers,Fortune Barishal,Mohammad Naim,Mehedi Hasan Miraz,Mohammad Nabi
2535,1,1,4,Khulna Tigers,Fortune Barishal,Mohammad Naim,Mehedi Hasan Miraz,Mohammad Nabi
2535,1,1,5,Khulna Tigers,Fortune Barishal,Mohammad Naim,Mehedi Hasan Miraz,Mohammad Nabi
2535,1,1,6,Khulna Tigers,Fortune Barishal,Mohammad Naim,Mehedi Hasan Miraz,Mohammad Nabi
2535,1,2,1,Khulna Tigers,Fortune Barishal,Mohammad Naim,Mehedi Hasan Miraz,Ebadat Hossain
2535,1,2,2,Khulna Tigers,Fortune Barishal,Mohammad Naim,Mehedi Hasan Miraz,Ebadat Hossain
2535,1,2,3,Khulna Tigers,Fortune Barishal,Mohammad Naim,Mehedi Hasan Miraz,Ebadat Hossain
2535,1,2,4,Khulna Tigers,Fortune Barishal,Mohammad Naim,Mehedi Hasan Miraz,Ebadat Hossain
2535,1,2,5,Khulna Tigers,Fortune Barishal,Mehedi Hasan Miraz,Mohammad Naim,Ebadat Hossain
2535,1,2,6,Khulna Tigers,Fortune Barishal,Mehedi Hasan Miraz,Mohammad Naim,Ebadat Hossain
2535,1,3,1,Khulna Tigers,Fortune Barishal,Mohammad Naim,Mehedi Hasan Miraz,Mohammad Nabi
2535,1,3,2,Khulna Tigers,Fortune Barishal,Mehedi Hasan Miraz,Mohammad Naim,Mohammad Nabi
2535,1,3,3,Khulna Tigers,Fortune Barishal,Mehedi Hasan Miraz,Mohammad Naim,Mohammad Nabi
2535,1,3,4,Khulna Tigers,Fortune Barishal,Mehedi Hasan Miraz,Mohammad Naim,Mohammad Nabi
2535,1,3,5,Khulna Tigers,Fortune Barishal,Mohammad Naim,Mehedi Hasan Miraz,Mohammad Nabi
2535,1,3,6,Khulna Tigers,Fortune Barishal,Mohammad Naim,Mehedi Hasan Miraz,Mohammad Nabi
2535,1,4,1,Khulna Tigers,Fortune Barishal,Mehedi Hasan Miraz,Mohammad Naim,Faheem Ashraf
2535,1,4,2,Khulna Tigers,Fortune Barishal,Mehedi Hasan Miraz,Mohammad Naim,Faheem Ashraf
2535,1,4,3,Khulna Tigers,Fortune Barishal,Mehedi Hasan Miraz,Mohammad Naim,Faheem Ashraf
2535,1,4,4,Khulna Tigers,Fortune Barishal,Mehedi Hasan Miraz,Mohammad Naim,Faheem Ashraf
2535,1,4,5,Khulna Tigers,Fortune Barishal,Mehedi Hasan Miraz,Mohammad Naim,Faheem Ashraf
2535,1,4,6,Khulna Tigers,Fortune Barishal,Mehedi Hasan Miraz,Mohammad Naim,Faheem Ashraf
2535,1,4,7,Khulna Tigers,Fortune Barishal,Mehedi Hasan Miraz,Mohammad Naim,Faheem Ashraf
2535,1,5,1,Khulna Tigers,Fortune Barishal,Mohammad Naim,Mehedi Hasan Miraz,Ebadat Hossain
2535,1,5,2,Khulna Tigers,Fortune Barishal,Mehedi Hasan Miraz,Mohammad Naim,Ebadat Hossain
2535,1,5,3,Khulna Tigers,Fortune Barishal,Mehedi Hasan Miraz,Mohammad Naim,Ebadat Hossain
2535,1,5,4,Khulna Tigers,Fortune Barishal,Mehedi Hasan Miraz,Mohammad Naim,Ebadat Hossain
2535,1,5,5,Khulna Tigers,Fortune Barishal,AI Ross,Mohammad Naim,Ebadat Hossain
2535,1,5,6,Khulna Tigers,Fortune Barishal,Mohammad Naim,AI Ross,Ebadat Hossain
2535,1,5,7,Khulna Tigers,Fortune Barishal,Mohammad Naim,AI Ross,Ebadat Hossain
2535,1,6,1,Khulna Tigers,Fortune Barishal,AI Ross,Mohammad Naim,Tanvir Islam
2535,1,6,2,Khulna Tigers,Fortune Barishal,AI Ross,Mohammad Naim,Tanvir Islam
2535,1,6,3,Khulna Tigers,Fortune Barishal,AI Ross,Mohammad Naim,Tanvir Islam
2535,1,6,4,Khulna Tigers,Fortune Barishal,AI Ross,Mohammad Naim,Tanvir Islam
2535,1,6,5,Khulna Tigers,Fortune Barishal,AI Ross,Mohammad Naim,Tanvir Islam
2535,1,6,6,Khulna Tigers,Fortune Barishal,Mohammad Naim,AI Ross,Tanvir Islam
2535,1,7,1,Khulna Tigers,Fortune Barishal,Mohammad Naim,AI Ross,JK Fuller
2535,1,7,2,Khulna Tigers,Fortune Barishal,Mohammad Naim,AI Ross,JK Fuller
2535,1,7,3,Khulna Tigers,Fortune Barishal,Mohammad Naim,AI Ross,JK Fuller
2535,1,7,4,Khulna Tigers,Fortune Barishal,AI Ross,Mohammad Naim,JK Fuller
2535,1,7,5,Khulna Tigers,Fortune Barishal,Mohammad Naim,AI Ross,JK Fuller
2535,1,7,6,Khulna Tigers,Fortune Barishal,AI Ross,Mohammad Naim,JK Fuller
2535,1,8,1,Khulna Tigers,Fortune Barishal,Mohammad Naim,AI Ross,Faheem Ashraf
2535,1,8,2,Khulna Tigers,Fortune Barishal,Mohammad Naim,AI Ross,Faheem Ashraf
2535,1,8,3,Khulna Tigers,Fortune Barishal,Mohammad Naim,AI Ross,Faheem Ashraf
2535,1,8,4,Khulna Tigers,Fortune Barishal,Mohammad Naim,AI Ross,Faheem Ashraf
2535,1,8,5,Khulna Tigers,Fortune Barishal,Mohammad Naim,AI Ross,Faheem Ashraf
2535,1,8,6,Khulna Tigers,Fortune Barishal,Afif Hossain,AI Ross,Faheem Ashraf
2535,1,9,1,Khulna Tigers,Fortune Barishal,AI Ross,Afif Hossain,Mohammad Nabi
2535,1,9,2,Khulna Tigers,Fortune Barishal,Afif Hossain,AI Ross,Mohammad Nabi
2535,1,9,3,Khulna Tigers,Fortune Barishal,Afif Hossain,AI Ross,Mohammad Nabi
2535,1,9,4,Khulna Tigers,Fortune Barishal,Afif Hossain,AI Ross,Mohammad Nabi
2535,1,9,5,Khulna Tigers,Fortune Barishal,Afif Hossain,AI Ross,Mohammad Nabi
2535,1,9,6,Khulna Tigers,Fortune Barishal,Afif Hossain,AI Ross,Mohammad Nabi
2535,1,10,1,Khulna Tigers,Fortune Barishal,AI Ross,Afif Hossain,Rishad Hossain
2535,1,10,2,Khulna Tigers,Fortune Barishal,AI Ross,Afif Hossain,Rishad Hossain
2535,1,10,3,Khulna Tigers,Fortune Barishal,Afif Hossain,AI Ross,Rishad Hossain
2535,1,10,4,Khulna Tigers,Fortune Barishal,Afif Hossain,AI Ross,Rishad Hossain
2535,1,10,5,Khulna Tigers,Fortune Barishal,AI Ross,Afif Hossain,Rishad Hossain
2535,1,10,6,Khulna Tigers,Fortune Barishal,AI Ross,Afif Hossain,Rishad Hossain
2535,1,11,1,Khulna Tigers,Fortune Barishal,Afif Hossain,AI Ross,Mohammad Nabi
2535,1,11,2,Khulna Tigers,Fortune Barishal,Afif Hossain,AI Ross,Mohammad Nabi
2535,1,11,3,Khulna Tigers,Fortune Barishal,Afif Hossain,AI Ross,Mohammad Nabi
2535,1,11,4,Khulna Tigers,Fortune Barishal,AI Ross,Afif Hossain,Mohammad Nabi
2535,1,11,5,Khulna Tigers,Fortune Barishal,Afif Hossain,AI Ross,Mohammad Nabi
2535,1,11,6,Khulna Tigers,Fortune Barishal,AI Ross,Afif Hossain,Mohammad Nabi
2535,1,12,1,Khulna Tigers,Fortune Barishal,Afif Hossain,WG Bosisto,Rishad Hossain
2535,1,12,2,Khulna Tigers,Fortune Barishal,WG Bosisto,Afif Hossain,Rishad Hossain
2535,1,12,3,Khulna Tigers,Fortune Barishal,Afif Hossain,WG Bosisto,Rishad Hossain
2535,1,12,4,Khulna Tigers,Fortune Barishal,Afif Hossain,WG Bosisto,Rishad Hossain
2535,1,12,5,Khulna Tigers,Fortune Barishal,Afif Hossain,WG Bosisto,Rishad Hossain
2535,1,12,6,Khulna Tigers,Fortune Barishal,WG Bosisto,Afif Hossain,Rishad Hossain
2535,1,13,1,Khulna Tigers,Fortune Barishal,Afif Hossain,WG Bosisto,Ebadat Hossain
2535,1,13,2,Khulna Tigers,Fortune Barishal,WG Bosisto,Afif Hossain,Ebadat Hossain
2535,1,13,3,Khulna Tigers,Fortune Barishal,WG Bosisto,Afif Hossain,Ebadat Hossain
2535,1,13,4,Khulna Tigers,Fortune Barishal,WG Bosisto,Afif Hossain,Ebadat Hossain
2535,1,13,5,Khulna Tigers,Fortune Barishal,Afif Hossain,WG Bosisto,Ebadat Hossain
2535,1,13,6,Khulna Tigers,Fortune Barishal,Afif Hossain,WG Bosisto,Ebadat Hossain
2535,1,14,1,Khulna Tigers,Fortune Barishal,Afif Hossain,WG Bosisto,Rishad Hossain
2535,1,14,2,Khulna Tigers,Fortune Barishal,WG Bosisto,Afif Hossain,Rishad Hossain
2535,1,14,3,Khulna Tigers,Fortune Barishal,Afif Hossain,WG Bosisto,Rishad Hossain
2535,1,14,4,Khulna Tigers,Fortune Barishal,Afif Hossain,WG Bosisto,Rishad Hossain
2535,1,14,5,Khulna Tigers,Fortune Barishal,Afif Hossain,WG Bosisto,Rishad Hossain
2535,1,14,6,Khulna Tigers,Fortune Barishal,Afif Hossain,WG Bosisto,Rishad Hossain
2535,1,15,1,Khulna Tigers,Fortune Barishal,Afif Hossain,WG Bosisto,Faheem Ashraf
2535,1,15,2,Khulna Tigers,Fortune Barishal,Afif Hossain,WG Bosisto,Faheem Ashraf
2535,1,15,3,Khulna Tigers,Fortune Barishal,Afif Hossain,WG Bosisto,Faheem Ashraf
2535,1,15,4,Khulna Tigers,Fortune Barishal,Mohammad Nawaz,WG Bosisto,Faheem Ashraf
2535,1,15,5,Khulna Tigers,Fortune Barishal,Mohammad Nawaz,WG Bosisto,Faheem Ashraf
2535,1,15,6,Khulna Tigers,Fortune Barishal,WG Bosisto,Mohammad Nawaz,Faheem Ashraf
2535,1,16,1,Khulna Tigers,Fortune Barishal,WG Bosisto,Mohammad Nawaz,Rishad Hossain
2535,1,16,2,Khulna Tigers,Fortune Barishal,WG Bosisto,Mohammad Nawaz,Rishad Hossain
2535,1,16,3,Khulna Tigers,Fortune Barishal,WG Bosisto,Mohammad Nawaz,Rishad Hossain
2535,1,16,4,Khulna Tigers,Fortune Barishal,Mohammad Nawaz,WG Bosisto,Rishad Hossain
2535,1,16,5,Khulna Tigers,Fortune Barishal,WG Bosisto,Mohammad Nawaz,Rishad Hossain
2535,1,16,6,Khulna Tigers,Fortune Barishal,WG Bosisto,Mohammad Nawaz,Rishad Hossain
2535,1,17,1,Khulna Tigers,Fortune Barishal,Mohammad Nawaz,WG Bosisto,JK Fuller
2535,1,17,2,Khulna Tigers,Fortune Barishal,Mohammad Nawaz,WG Bosisto,JK Fuller
2535,1,17,3,Khulna Tigers,Fortune Barishal,Mohammad Nawaz,WG Bosisto,JK Fuller
2535,1,17,4,Khulna Tigers,Fortune Barishal,Mahidul Islam Ankon,WG Bosisto,JK Fuller
2535,1,17,5,Khulna Tigers,Fortune Barishal,Mahidul Islam Ankon,WG Bosisto,JK Fuller
2535,1,17,6,Khulna Tigers,Fortune Barishal,Mahidul Islam Ankon,WG Bosisto,JK Fuller
2535,1,17,7,Khulna Tigers,Fortune Barishal,Mahidul Islam Ankon,WG Bosisto,JK Fuller
2535,1,18,1,Khulna Tigers,Fortune Barishal,WG Bosisto,Mahidul Islam Ankon,Faheem Ashraf
2535,1,18,2,Khulna Tigers,Fortune Barishal,WG Bosisto,Mahidul Islam Ankon,Faheem Ashraf
2535,1,18,3,Khulna Tigers,Fortune Barishal,WG Bosisto,Mahidul Islam Ankon,Faheem Ashraf
2535,1,18,4,Khulna Tigers,Fortune Barishal,Mahidul Islam Ankon,WG Bosisto,Faheem Ashraf
2535,1,18,5,Khulna Tigers,Fortune Barishal,Mahidul Islam Ankon,WG Bosisto,Faheem Ashraf
2535,1,18,6,Khulna Tigers,Fortune Barishal,Mahidul Islam Ankon,WG Bosisto,Faheem Ashraf
2535,1,19,1,Khulna Tigers,Fortune Barishal,Mahidul Islam Ankon,WG Bosisto,Ebadat Hossain
2535,1,19,2,Khulna Tigers,Fortune Barishal,Mahidul Islam Ankon,WG Bosisto,Ebadat Hossain
2535,1,19,3,Khulna Tigers,Fortune Barishal,Mahidul Islam Ankon,WG Bosisto,Ebadat Hossain
2535,1,19,4,Khulna Tigers,Fortune Barishal,Mahidul Islam Ankon,WG Bosisto,Ebadat Hossain
2535,1,19,5,Khulna Tigers,Fortune Barishal,Mahidul Islam Ankon,WG Bosisto,Ebadat Hossain
2535,1,19,6,Khulna Tigers,Fortune Barishal,Mahidul Islam Ankon,WG Bosisto,Ebadat Hossain
2535,1,19,7,Khulna Tigers,Fortune Barishal,WG Bosisto,Mahidul Islam Ankon,Ebadat Hossain
2535,2,0,1,Fortune Barishal,Khulna Tigers,Towhid Hridoy,Tamim Iqbal,Mehedi Hasan Miraz
2535,2,0,2,Fortune Barishal,Khulna Tigers,Towhid Hridoy,Tamim Iqbal,Mehedi Hasan Miraz
2535,2,0,3,Fortune Barishal,Khulna Tigers,Towhid Hridoy,Tamim Iqbal,Mehedi Hasan Miraz
2535,2,0,4,Fortune Barishal,Khulna Tigers,Towhid Hridoy,Tamim Iqbal,Mehedi Hasan Miraz
2535,2,0,5,Fortune Barishal,Khulna Tigers,Tamim Iqbal,Towhid Hridoy,Mehedi Hasan Miraz
2535,2,0,6,Fortune Barishal,Khulna Tigers,Tamim Iqbal,Towhid Hridoy,Mehedi Hasan Miraz
2535,2,1,1,Fortune Barishal,Khulna Tigers,Towhid Hridoy,Tamim Iqbal,Abu Hider
2535,2,1,2,Fortune Barishal,Khulna Tigers,Towhid Hridoy,Tamim Iqbal,Abu Hider
2535,2,1,3,Fortune Barishal,Khulna Tigers,Towhid Hridoy,Tamim Iqbal,Abu Hider
2535,2,1,4,Fortune Barishal,Khulna Tigers,DJ Malan,Tamim Iqbal,Abu Hider
2535,2,1,5,Fortune Barishal,Khulna Tigers,Tamim Iqbal,DJ Malan,Abu Hider
2535,2,1,6,Fortune Barishal,Khulna Tigers,Tamim Iqbal,DJ Malan,Abu Hider
2535,2,2,1,Fortune Barishal,Khulna Tigers,DJ Malan,Tamim Iqbal,Mehedi Hasan Miraz
2535,2,2,2,Fortune Barishal,Khulna Tigers,DJ Malan,Tamim Iqbal,Mehedi Hasan Miraz
2535,2,2,3,Fortune Barishal,Khulna Tigers,DJ Malan,Tamim Iqbal,Mehedi Hasan Miraz
2535,2,2,4,Fortune Barishal,Khulna Tigers,DJ Malan,Tamim Iqbal,Mehedi Hasan Miraz
2535,2,2,5,Fortune Barishal,Khulna Tigers,DJ Malan,Tamim Iqbal,Mehedi Hasan Miraz
2535,2,2,6,Fortune Barishal,Khulna Tigers,DJ Malan,Tamim Iqbal,Mehedi Hasan Miraz
2535,2,3,1,Fortune Barishal,Khulna Tigers,Tamim Iqbal,DJ Malan,Abu Hider
2535,2,3,2,Fortune Barishal,Khulna Tigers,DJ Malan,Tamim Iqbal,Abu Hider
2535,2,3,3,Fortune Barishal,Khulna Tigers,DJ Malan,Tamim Iqbal,Abu Hider
2535,2,3,4,Fortune Barishal,Khulna Tigers,Tamim Iqbal,DJ Malan,Abu Hider
2535,2,3,5,Fortune Barishal,Khulna Tigers,DJ Malan,Tamim Iqbal,Abu Hider
2535,2,3,6,Fortune Barishal,Khulna Tigers,DJ Malan,Tamim Iqbal,Abu Hider
2535,2,3,7,Fortune Barishal,Khulna Tigers,DJ Malan,Tamim Iqbal,Abu Hider
2535,2,4,1,Fortune Barishal,Khulna Tigers,Tamim Iqbal,DJ Malan,Hasan Mahmud
2535,2,4,2,Fortune Barishal,Khulna Tigers,DJ Malan,Tamim Iqbal,Hasan Mahmud
2535,2,4,3,Fortune Barishal,Khulna Tigers,DJ Malan,Tamim Iqbal,Hasan Mahmud
2535,2,4,4,Fortune Barishal,Khulna Tigers,DJ Malan,Tamim Iqbal,Hasan Mahmud
2535,2,4,5,Fortune Barishal,Khulna Tigers,DJ Malan,Tamim Iqbal,Hasan Mahmud
2535,2,4,6,Fortune Barishal,Khulna Tigers,DJ Malan,Tamim Iqbal,Hasan Mahmud
2535,2,5,1,Fortune Barishal,Khulna Tigers,Tamim Iqbal,DJ Malan,Mehedi Hasan Miraz
2535,2,5,2,Fortune Barishal,Khulna Tigers,Tamim Iqbal,DJ Malan,Mehedi Hasan Miraz
2535,2,5,3,Fortune Barishal,Khulna Tigers,Tamim Iqbal,DJ Malan,Mehedi Hasan Miraz
2535,2,5,4,Fortune Barishal,Khulna Tigers,Tamim Iqbal,DJ Malan,Mehedi Hasan Miraz
2535,2,5,5,Fortune Barishal,Khulna Tigers,DJ Malan,Tamim Iqbal,Mehedi Hasan Miraz
2535,2,5,6,Fortune Barishal,Khulna Tigers,Tamim Iqbal,DJ Malan,Mehedi Hasan Miraz
2535,2,6,1,Fortune Barishal,Khulna Tigers,Tamim Iqbal,DJ Malan,WG Bosisto
2535,2,6,2,Fortune Barishal,Khulna Tigers,DJ Malan,Tamim Iqbal,WG Bosisto
2535,2,6,3,Fortune Barishal,Khulna Tigers,Tamim Iqbal,DJ Malan,WG Bosisto
2535,2,6,4,Fortune Barishal,Khulna Tigers,DJ Malan,Tamim Iqbal,WG Bosisto
2535,2,6,5,Fortune Barishal,Khulna Tigers,Tamim Iqbal,DJ Malan,WG Bosisto
2535,2,6,6,Fortune Barishal,Khulna Tigers,DJ Malan,Tamim Iqbal,WG Bosisto
2535,2,7,1,Fortune Barishal,Khulna Tigers,Tamim Iqbal,DJ Malan,Mehedi Hasan Miraz
2535,2,7,2,Fortune Barishal,Khulna Tigers,DJ Malan,Tamim Iqbal,Mehedi Hasan Miraz
2535,2,7,3,Fortune Barishal,Khulna Tigers,DJ Malan,Tamim Iqbal,Mehedi Hasan Miraz
2535,2,7,4,Fortune Barishal,Khulna Tigers,DJ Malan,Tamim Iqbal,Mehedi Hasan Miraz
2535,2,7,5,Fortune Barishal,Khulna Tigers,DJ Malan,Tamim Iqbal,Mehedi Hasan Miraz
2535,2,7,6,Fortune Barishal,Khulna Tigers,Tamim Iqbal,DJ Malan,Mehedi Hasan Miraz
2535,2,8,1,Fortune Barishal,Khulna Tigers,Tamim Iqbal,DJ Malan,Salman Irshad
2535,2,8,2,Fortune Barishal,Khulna Tigers,Tamim Iqbal,DJ Malan,Salman Irshad
2535,2,8,3,Fortune Barishal,Khulna Tigers,DJ Malan,Tamim Iqbal,Salman Irshad
2535,2,8,4,Fortune Barishal,Khulna Tigers,DJ Malan,Tamim Iqbal,Salman Irshad
2535,2,8,5,Fortune Barishal,Khulna Tigers,Tamim Iqbal,DJ Malan,Salman Irshad
2535,2,8,6,Fortune Barishal,Khulna Tigers,Tamim Iqbal,DJ Malan,Salman Irshad
2535,2,9,1,Fortune Barishal,Khulna Tigers,DJ Malan,Tamim Iqbal,Hasan Mahmud
2535,2,9,2,Fortune Barishal,Khulna Tigers,Tamim Iqbal,DJ Malan,Hasan Mahmud
2535,2,9,3,Fortune Barishal,Khulna Tigers,DJ Malan,Tamim Iqbal,Hasan Mahmud
2535,2,9,4,Fortune Barishal,Khulna Tigers,DJ Malan,Tamim Iqbal,Hasan Mahmud
2535,2,9,5,Fortune Barishal,Khulna Tigers,DJ Malan,Tamim Iqbal,Hasan Mahmud
2535,2,9,6,Fortune Barishal,Khulna Tigers,DJ Malan,Tamim Iqbal,Hasan Mahmud
2535,2,10,1,Fortune Barishal,Khulna Tigers,Tamim Iqbal,DJ Malan,Salman Irshad
2535,2,10,2,Fortune Barishal,Khulna Tigers,DJ Malan,Tamim Iqbal,Salman Irshad
2535,2,10,3,Fortune Barishal,Khulna Tigers,DJ Malan,Tamim Iqbal,Salman Irshad
2535,2,10,4,Fortune Barishal,Khulna Tigers,Tamim Iqbal,DJ Malan,Salman Irshad
2535,2,10,5,Fortune Barishal,Khulna Tigers,Tamim Iqbal,DJ Malan,Salman Irshad
2535,2,10,6,Fortune Barishal,Khulna Tigers,Mushfiqur Rahim,DJ Malan,Salman Irshad
2535,2,11,1,Fortune Barishal,Khulna Tigers,DJ Malan,Mushfiqur Rahim,Nasum Ahmed
2535,2,11,2,Fortune Barishal,Khulna Tigers,DJ Malan,Mushfiqur Rahim,Nasum Ahmed
2535,2,11,3,Fortune Barishal,Khulna Tigers,Mushfiqur Rahim,DJ Malan,Nasum Ahmed
2535,2,11,4,Fortune Barishal,Khulna Tigers,Mushfiqur Rahim,DJ Malan,Nasum Ahmed
2535,2,11,5,Fortune Barishal,Khulna Tigers,DJ Malan,Mushfiqur Rahim,Nasum Ahmed
2535,2,11,6,Fortune Barishal,Khulna Tigers,Mushfiqur Rahim,DJ Malan,Nasum Ahmed
2535,2,12,1,Fortune Barishal,Khulna Tigers,Mushfiqur Rahim,DJ Malan,Afif Hossain
2535,2,12,2,Fortune Barishal,Khulna Tigers,Mushfiqur Rahim,DJ Malan,Afif Hossain
2535,2,12,3,Fortune Barishal,Khulna Tigers,DJ Malan,Mushfiqur Rahim,Afif Hossain
2535,2,12,4,Fortune Barishal,Khulna Tigers,Mahmudullah,Mushfiqur Rahim,Afif Hossain
2535,2,12,5,Fortune Barishal,Khulna Tigers,Mahmudullah,Mushfiqur Rahim,Afif Hossain
2535,2,12,6,Fortune Barishal,Khulna Tigers,Mushfiqur Rahim,Mahmudullah,Afif Hossain
2535,2,13,1,Fortune Barishal,Khulna Tigers,Mushfiqur Rahim,Mahmudullah,Mohammad Nawaz
2535,2,13,2,Fortune Barishal,Khulna Tigers,Mushfiqur Rahim,Mahmudullah,Mohammad Nawaz
2535,2,13,3,Fortune Barishal,Khulna Tigers,Mushfiqur Rahim,Mahmudullah,Mohammad Nawaz
2535,2,13,4,Fortune Barishal,Khulna Tigers,Mahmudullah,Mushfiqur Rahim,Mohammad Nawaz
2535,2,13,5,Fortune Barishal,Khulna Tigers,Mahmudullah,Mushfiqur Rahim,Mohammad Nawaz
2535,2,13,6,Fortune Barishal,Khulna Tigers,Mushfiqur Rahim,Mahmudullah,Mohammad Nawaz
2535,2,14,1,Fortune Barishal,Khulna Tigers,Mushfiqur Rahim,Mahmudullah,Nasum Ahmed
2535,2,14,2,Fortune Barishal,Khulna Tigers,Mahmudullah,Mushfiqur Rahim,Nasum Ahmed
2535,2,14,3,Fortune Barishal,Khulna Tigers,Mushfiqur Rahim,Mahmudullah,Nasum Ahmed
2535,2,14,4,Fortune Barishal,Khulna Tigers,Mahmudullah,Mushfiqur Rahim,Nasum Ahmed
2535,2,14,5,Fortune Barishal,Khulna Tigers,Mushfiqur Rahim,Mahmudullah,Nasum Ahmed
2535,2,14,6,Fortune Barishal,Khulna Tigers,Mahmudullah,Mushfiqur Rahim,Nasum Ahmed
2535,2,15,1,Fortune Barishal,Khulna Tigers,Mahmudullah,Mushfiqur Rahim,Mohammad Nawaz
2535,2,15,2,Fortune Barishal,Khulna Tigers,Mahmudullah,Mushfiqur Rahim,Mohammad Nawaz
2535,2,15,3,Fortune Barishal,Khulna Tigers,Mahmudullah,Mushfiqur Rahim,Mohammad Nawaz
2535,2,15,4,Fortune Barishal,Khulna Tigers,Mahmudullah,Mushfiqur Rahim,Mohammad Nawaz
2535,2,15,5,Fortune Barishal,Khulna Tigers,Mushfiqur Rahim,Mahmudullah,Mohammad Nawaz
2535,2,15,6,Fortune Barishal,Khulna Tigers,Mahmudullah,Mushfiqur Rahim,Mohammad Nawaz
2535,2,16,1,Fortune Barishal,Khulna Tigers,Mahmudullah,Mushfiqur Rahim,Salman Irshad
2535,2,16,2,Fortune Barishal,Khulna Tigers,Mushfiqur Rahim,Mahmudullah,Salman Irshad
2535,2,16,3,Fortune Barishal,Khulna Tigers,Mushfiqur Rahim,Faheem Ashraf,Abu Hider
2535,2,16,4,Fortune Barishal,Khulna Tigers,Mohammad Nabi,Faheem Ashraf,Abu Hider
2535,2,16,5,Fortune Barishal,Khulna Tigers,Faheem Ashraf,Mohammad Nabi,Abu Hider
2535,2,16,6,Fortune Barishal,Khulna Tigers,Faheem Ashraf,Mohammad Nabi,Abu Hider
2535,2,17,1,Fortune Barishal,Khulna Tigers,Mohammad Nabi,Faheem Ashraf,Hasan Mahmud
2535,2,17,2,Fortune Barishal,Khulna Tigers,Mohammad Nabi,Faheem Ashraf,Hasan Mahmud
2535,2,17,3,Fortune Barishal,Khulna Tigers,Mohammad Nabi,Faheem Ashraf,Hasan Mahmud
2535,2,17,4,Fortune Barishal,Khulna Tigers,Faheem Ashraf,Mohammad Nabi,Hasan Mahmud
2535,2,17,5,Fortune Barishal,Khulna Tigers,Mohammad Nabi,Faheem Ashraf,Hasan Mahmud
2535,2,17,6,Fortune Barishal,Khulna Tigers,Mohammad Nabi,Faheem Ashraf,Hasan Mahmud
2535,2,17,7,Fortune Barishal,Khulna Tigers,Faheem Ashraf,Mohammad Nabi,Hasan Mahmud
2535,2,17,8,Fortune Barishal,Khulna Tigers,Mohammad Nabi,Faheem Ashraf,Hasan Mahmud
2535,2,18,1,Fortune Barishal,Khulna Tigers,Faheem Ashraf,Mohammad Nabi,Nasum Ahmed
2535,2,18,2,Fortune Barishal,Khulna Tigers,Faheem Ashraf,Mohammad Nabi,Nasum Ahmed
2535,2,18,3,Fortune Barishal,Khulna Tigers,Mohammad Nabi,Faheem Ashraf,Nasum Ahmed
2535,2,18,4,Fortune Barishal,Khulna Tigers,Mohammad Nabi,Faheem Ashraf,Nasum Ahmed
2535,2,18,5,Fortune Barishal,Khulna Tigers,Mohammad Nabi,Faheem Ashraf,Nasum Ahmed
2535,2,18,6,Fortune Barishal,Khulna Tigers,Mohammad Nabi,Faheem Ashraf,Nasum Ahmed
2535,2,19,1,Fortune Barishal,Khulna Tigers,Mohammad Nabi,Faheem Ashraf,Hasan Mahmud
