MATCHID,INNINGSNO,OVERNO,BALL_NO,TEAMBATTING,TEAM_BOWLING,STRIKER,NON_STRIKER,BOWLER
2507,1,0,1,Chittagong Kings,Durbar Rajshahi,Parvez Hossain Emon,Usman Khan,Taskin Ahmed
2507,1,0,2,Chittagong Kings,Durbar Rajshahi,Parvez Hossain Emon,Usman Khan,Taskin Ahmed
2507,1,0,3,Chittagong Kings,Durbar Rajshahi,Parvez Hossain Emon,Usman Khan,Taskin Ahmed
2507,1,0,4,Chittagong Kings,Durbar Rajshahi,G Clark,Usman Khan,Taskin Ahmed
2507,1,0,5,Chittagong Kings,Durbar Rajshahi,G Clark,Usman Khan,Taskin Ahmed
2507,1,0,6,Chittagong Kings,Durbar Rajshahi,G Clark,Usman Khan,Taskin Ahmed
2507,1,0,7,Chittagong Kings,Durbar Rajshahi,G Clark,Usman Khan,Taskin Ahmed
2507,1,1,1,Chittagong Kings,Durbar Rajshahi,Usman Khan,G Clark,Sohag Gazi
2507,1,1,2,Chittagong Kings,Durbar Rajshahi,Usman Khan,G Clark,Sohag Gazi
2507,1,1,3,Chittagong Kings,Durbar Rajshahi,Usman Khan,G Clark,Sohag Gazi
2507,1,1,4,Chittagong Kings,Durbar Rajshahi,Usman Khan,G Clark,Sohag Gazi
2507,1,1,5,Chittagong Kings,Durbar Rajshahi,G Clark,Usman Khan,Sohag Gazi
2507,1,1,6,Chittagong Kings,Durbar Rajshahi,G Clark,Usman Khan,Sohag Gazi
2507,1,2,1,Chittagong Kings,Durbar Rajshahi,G Clark,Usman Khan,Taskin Ahmed
2507,1,2,2,Chittagong Kings,Durbar Rajshahi,Usman Khan,G Clark,Taskin Ahmed
2507,1,2,3,Chittagong Kings,Durbar Rajshahi,Usman Khan,G Clark,Taskin Ahmed
2507,1,2,4,Chittagong Kings,Durbar Rajshahi,Usman Khan,G Clark,Taskin Ahmed
2507,1,2,5,Chittagong Kings,Durbar Rajshahi,Usman Khan,G Clark,Taskin Ahmed
2507,1,2,6,Chittagong Kings,Durbar Rajshahi,G Clark,Usman Khan,Taskin Ahmed
2507,1,3,1,Chittagong Kings,Durbar Rajshahi,Usman Khan,G Clark,Hasan Murad
2507,1,3,2,Chittagong Kings,Durbar Rajshahi,Usman Khan,G Clark,Hasan Murad
2507,1,3,3,Chittagong Kings,Durbar Rajshahi,Usman Khan,G Clark,Hasan Murad
2507,1,3,4,Chittagong Kings,Durbar Rajshahi,Usman Khan,G Clark,Hasan Murad
2507,1,3,5,Chittagong Kings,Durbar Rajshahi,Usman Khan,G Clark,Hasan Murad
2507,1,3,6,Chittagong Kings,Durbar Rajshahi,G Clark,Usman Khan,Hasan Murad
2507,1,4,1,Chittagong Kings,Durbar Rajshahi,Usman Khan,G Clark,Mohor Sheikh
2507,1,4,2,Chittagong Kings,Durbar Rajshahi,Usman Khan,G Clark,Mohor Sheikh
2507,1,4,3,Chittagong Kings,Durbar Rajshahi,Usman Khan,G Clark,Mohor Sheikh
2507,1,4,4,Chittagong Kings,Durbar Rajshahi,Usman Khan,G Clark,Mohor Sheikh
2507,1,4,5,Chittagong Kings,Durbar Rajshahi,Usman Khan,G Clark,Mohor Sheikh
2507,1,4,6,Chittagong Kings,Durbar Rajshahi,Usman Khan,G Clark,Mohor Sheikh
2507,1,5,1,Chittagong Kings,Durbar Rajshahi,G Clark,Usman Khan,Shafiul Islam
2507,1,5,2,Chittagong Kings,Durbar Rajshahi,G Clark,Usman Khan,Shafiul Islam
2507,1,5,3,Chittagong Kings,Durbar Rajshahi,G Clark,Usman Khan,Shafiul Islam
2507,1,5,4,Chittagong Kings,Durbar Rajshahi,G Clark,Usman Khan,Shafiul Islam
2507,1,5,5,Chittagong Kings,Durbar Rajshahi,G Clark,Usman Khan,Shafiul Islam
2507,1,5,6,Chittagong Kings,Durbar Rajshahi,G Clark,Usman Khan,Shafiul Islam
2507,1,6,1,Chittagong Kings,Durbar Rajshahi,Usman Khan,G Clark,RP Burl
2507,1,6,2,Chittagong Kings,Durbar Rajshahi,Usman Khan,G Clark,RP Burl
2507,1,6,3,Chittagong Kings,Durbar Rajshahi,G Clark,Usman Khan,RP Burl
2507,1,6,4,Chittagong Kings,Durbar Rajshahi,Usman Khan,G Clark,RP Burl
2507,1,6,5,Chittagong Kings,Durbar Rajshahi,Usman Khan,G Clark,RP Burl
2507,1,6,6,Chittagong Kings,Durbar Rajshahi,G Clark,Usman Khan,RP Burl
2507,1,7,1,Chittagong Kings,Durbar Rajshahi,Usman Khan,G Clark,Hasan Murad
2507,1,7,2,Chittagong Kings,Durbar Rajshahi,Usman Khan,G Clark,Hasan Murad
2507,1,7,3,Chittagong Kings,Durbar Rajshahi,G Clark,Usman Khan,Hasan Murad
2507,1,7,4,Chittagong Kings,Durbar Rajshahi,Usman Khan,G Clark,Hasan Murad
2507,1,7,5,Chittagong Kings,Durbar Rajshahi,Usman Khan,G Clark,Hasan Murad
2507,1,7,6,Chittagong Kings,Durbar Rajshahi,G Clark,Usman Khan,Hasan Murad
2507,1,8,1,Chittagong Kings,Durbar Rajshahi,Usman Khan,G Clark,RP Burl
2507,1,8,2,Chittagong Kings,Durbar Rajshahi,Usman Khan,G Clark,RP Burl
2507,1,8,3,Chittagong Kings,Durbar Rajshahi,Usman Khan,G Clark,RP Burl
2507,1,8,4,Chittagong Kings,Durbar Rajshahi,Usman Khan,G Clark,RP Burl
2507,1,8,5,Chittagong Kings,Durbar Rajshahi,Usman Khan,G Clark,RP Burl
2507,1,8,6,Chittagong Kings,Durbar Rajshahi,Usman Khan,G Clark,RP Burl
2507,1,9,1,Chittagong Kings,Durbar Rajshahi,Usman Khan,G Clark,Hasan Murad
2507,1,9,2,Chittagong Kings,Durbar Rajshahi,Usman Khan,G Clark,Hasan Murad
2507,1,9,3,Chittagong Kings,Durbar Rajshahi,Usman Khan,G Clark,Hasan Murad
2507,1,9,4,Chittagong Kings,Durbar Rajshahi,G Clark,Usman Khan,Hasan Murad
2507,1,9,5,Chittagong Kings,Durbar Rajshahi,G Clark,Usman Khan,Hasan Murad
2507,1,9,6,Chittagong Kings,Durbar Rajshahi,G Clark,Usman Khan,Hasan Murad
2507,1,10,1,Chittagong Kings,Durbar Rajshahi,Usman Khan,G Clark,Sohag Gazi
2507,1,10,2,Chittagong Kings,Durbar Rajshahi,G Clark,Usman Khan,Sohag Gazi
2507,1,10,3,Chittagong Kings,Durbar Rajshahi,G Clark,Usman Khan,Sohag Gazi
2507,1,10,4,Chittagong Kings,Durbar Rajshahi,Usman Khan,G Clark,Sohag Gazi
2507,1,10,5,Chittagong Kings,Durbar Rajshahi,G Clark,Usman Khan,Sohag Gazi
2507,1,10,6,Chittagong Kings,Durbar Rajshahi,Mohammad Mithun,Usman Khan,Sohag Gazi
2507,1,11,1,Chittagong Kings,Durbar Rajshahi,Mohammad Mithun,Usman Khan,Hasan Murad
2507,1,11,2,Chittagong Kings,Durbar Rajshahi,Usman Khan,Mohammad Mithun,Hasan Murad
2507,1,11,3,Chittagong Kings,Durbar Rajshahi,Usman Khan,Mohammad Mithun,Hasan Murad
2507,1,11,4,Chittagong Kings,Durbar Rajshahi,Usman Khan,Mohammad Mithun,Hasan Murad
2507,1,11,5,Chittagong Kings,Durbar Rajshahi,Usman Khan,Mohammad Mithun,Hasan Murad
2507,1,11,6,Chittagong Kings,Durbar Rajshahi,Mohammad Mithun,Usman Khan,Hasan Murad
2507,1,12,1,Chittagong Kings,Durbar Rajshahi,Mohammad Mithun,Usman Khan,Sabbir Hossain
2507,1,12,2,Chittagong Kings,Durbar Rajshahi,Mohammad Mithun,Usman Khan,Sabbir Hossain
2507,1,12,3,Chittagong Kings,Durbar Rajshahi,Mohammad Mithun,Usman Khan,Sabbir Hossain
2507,1,12,4,Chittagong Kings,Durbar Rajshahi,Usman Khan,Mohammad Mithun,Sabbir Hossain
2507,1,12,5,Chittagong Kings,Durbar Rajshahi,Usman Khan,Mohammad Mithun,Sabbir Hossain
2507,1,12,6,Chittagong Kings,Durbar Rajshahi,Mohammad Mithun,Usman Khan,Sabbir Hossain
2507,1,13,1,Chittagong Kings,Durbar Rajshahi,Mohammad Mithun,Usman Khan,Sohag Gazi
2507,1,13,2,Chittagong Kings,Durbar Rajshahi,Mohammad Mithun,Usman Khan,Sohag Gazi
2507,1,13,3,Chittagong Kings,Durbar Rajshahi,Usman Khan,Mohammad Mithun,Sohag Gazi
2507,1,13,4,Chittagong Kings,Durbar Rajshahi,Usman Khan,Mohammad Mithun,Sohag Gazi
2507,1,13,5,Chittagong Kings,Durbar Rajshahi,Usman Khan,Mohammad Mithun,Sohag Gazi
2507,1,13,6,Chittagong Kings,Durbar Rajshahi,Usman Khan,Mohammad Mithun,Sohag Gazi
2507,1,14,1,Chittagong Kings,Durbar Rajshahi,Usman Khan,Mohammad Mithun,Mohor Sheikh
2507,1,14,2,Chittagong Kings,Durbar Rajshahi,Mohammad Mithun,Usman Khan,Mohor Sheikh
2507,1,14,3,Chittagong Kings,Durbar Rajshahi,Mohammad Mithun,Usman Khan,Mohor Sheikh
2507,1,14,4,Chittagong Kings,Durbar Rajshahi,Usman Khan,Mohammad Mithun,Mohor Sheikh
2507,1,14,5,Chittagong Kings,Durbar Rajshahi,Usman Khan,Mohammad Mithun,Mohor Sheikh
2507,1,14,6,Chittagong Kings,Durbar Rajshahi,Mohammad Mithun,Usman Khan,Mohor Sheikh
2507,1,15,1,Chittagong Kings,Durbar Rajshahi,Usman Khan,Mohammad Mithun,RP Burl
2507,1,15,2,Chittagong Kings,Durbar Rajshahi,Usman Khan,Mohammad Mithun,RP Burl
2507,1,15,3,Chittagong Kings,Durbar Rajshahi,Mohammad Mithun,Usman Khan,RP Burl
2507,1,15,4,Chittagong Kings,Durbar Rajshahi,Mohammad Mithun,Usman Khan,RP Burl
2507,1,15,5,Chittagong Kings,Durbar Rajshahi,Usman Khan,Mohammad Mithun,RP Burl
2507,1,15,6,Chittagong Kings,Durbar Rajshahi,Mohammad Mithun,Usman Khan,RP Burl
2507,1,16,1,Chittagong Kings,Durbar Rajshahi,Usman Khan,Shamim Hossain,Taskin Ahmed
2507,1,16,2,Chittagong Kings,Durbar Rajshahi,Shamim Hossain,Usman Khan,Taskin Ahmed
2507,1,16,3,Chittagong Kings,Durbar Rajshahi,Usman Khan,Shamim Hossain,Taskin Ahmed
2507,1,16,4,Chittagong Kings,Durbar Rajshahi,Usman Khan,Shamim Hossain,Taskin Ahmed
2507,1,16,5,Chittagong Kings,Durbar Rajshahi,Shamim Hossain,Usman Khan,Taskin Ahmed
2507,1,16,6,Chittagong Kings,Durbar Rajshahi,Usman Khan,Shamim Hossain,Taskin Ahmed
2507,1,17,1,Chittagong Kings,Durbar Rajshahi,Shamim Hossain,Usman Khan,Shafiul Islam
2507,1,17,2,Chittagong Kings,Durbar Rajshahi,Haider Ali,Usman Khan,Shafiul Islam
2507,1,17,3,Chittagong Kings,Durbar Rajshahi,Usman Khan,Haider Ali,Shafiul Islam
2507,1,17,4,Chittagong Kings,Durbar Rajshahi,Usman Khan,Haider Ali,Shafiul Islam
2507,1,17,5,Chittagong Kings,Durbar Rajshahi,Usman Khan,Haider Ali,Shafiul Islam
2507,1,17,6,Chittagong Kings,Durbar Rajshahi,Usman Khan,Haider Ali,Shafiul Islam
2507,1,17,7,Chittagong Kings,Durbar Rajshahi,Haider Ali,Usman Khan,Shafiul Islam
2507,1,18,1,Chittagong Kings,Durbar Rajshahi,Usman Khan,Haider Ali,Taskin Ahmed
2507,1,18,2,Chittagong Kings,Durbar Rajshahi,Mohammad Wasim,Haider Ali,Taskin Ahmed
2507,1,18,3,Chittagong Kings,Durbar Rajshahi,Haider Ali,Mohammad Wasim,Taskin Ahmed
2507,1,18,4,Chittagong Kings,Durbar Rajshahi,Haider Ali,Mohammad Wasim,Taskin Ahmed
2507,1,18,5,Chittagong Kings,Durbar Rajshahi,Haider Ali,Mohammad Wasim,Taskin Ahmed
2507,1,18,6,Chittagong Kings,Durbar Rajshahi,Mohammad Wasim,Haider Ali,Taskin Ahmed
2507,1,19,1,Chittagong Kings,Durbar Rajshahi,Mohammad Wasim,Haider Ali,Shafiul Islam
2507,1,19,2,Chittagong Kings,Durbar Rajshahi,Mohammad Wasim,Haider Ali,Shafiul Islam
2507,1,19,3,Chittagong Kings,Durbar Rajshahi,Haider Ali,Mohammad Wasim,Shafiul Islam
2507,1,19,4,Chittagong Kings,Durbar Rajshahi,Mohammad Wasim,Haider Ali,Shafiul Islam
2507,1,19,5,Chittagong Kings,Durbar Rajshahi,Haider Ali,Mohammad Wasim,Shafiul Islam
2507,1,19,6,Chittagong Kings,Durbar Rajshahi,Haider Ali,Mohammad Wasim,Shafiul Islam
2507,2,0,1,Durbar Rajshahi,Chittagong Kings,Mohammad Haris,Sabbir Hossain,Shoriful Islam
2507,2,0,2,Durbar Rajshahi,Chittagong Kings,Sabbir Hossain,Mohammad Haris,Shoriful Islam
2507,2,0,3,Durbar Rajshahi,Chittagong Kings,Sabbir Hossain,Mohammad Haris,Shoriful Islam
2507,2,0,4,Durbar Rajshahi,Chittagong Kings,Sabbir Hossain,Mohammad Haris,Shoriful Islam
2507,2,0,5,Durbar Rajshahi,Chittagong Kings,Sabbir Hossain,Mohammad Haris,Shoriful Islam
2507,2,0,6,Durbar Rajshahi,Chittagong Kings,Sabbir Hossain,Mohammad Haris,Shoriful Islam
2507,2,1,1,Durbar Rajshahi,Chittagong Kings,Mohammad Haris,Anamul Haque,Arafat Sunny
2507,2,1,2,Durbar Rajshahi,Chittagong Kings,Mohammad Haris,Anamul Haque,Arafat Sunny
2507,2,1,3,Durbar Rajshahi,Chittagong Kings,Mohammad Haris,Anamul Haque,Arafat Sunny
2507,2,1,4,Durbar Rajshahi,Chittagong Kings,Anamul Haque,Mohammad Haris,Arafat Sunny
2507,2,1,5,Durbar Rajshahi,Chittagong Kings,Mohammad Haris,Anamul Haque,Arafat Sunny
2507,2,1,6,Durbar Rajshahi,Chittagong Kings,Mohammad Haris,Anamul Haque,Arafat Sunny
2507,2,2,1,Durbar Rajshahi,Chittagong Kings,Anamul Haque,Mohammad Haris,Shoriful Islam
2507,2,2,2,Durbar Rajshahi,Chittagong Kings,Anamul Haque,Mohammad Haris,Shoriful Islam
2507,2,2,3,Durbar Rajshahi,Chittagong Kings,Anamul Haque,Mohammad Haris,Shoriful Islam
2507,2,2,4,Durbar Rajshahi,Chittagong Kings,Anamul Haque,Mohammad Haris,Shoriful Islam
2507,2,2,5,Durbar Rajshahi,Chittagong Kings,Mohammad Haris,Anamul Haque,Shoriful Islam
2507,2,2,6,Durbar Rajshahi,Chittagong Kings,Mohammad Haris,Anamul Haque,Shoriful Islam
2507,2,3,1,Durbar Rajshahi,Chittagong Kings,Anamul Haque,Mohammad Haris,Al Islam
2507,2,3,2,Durbar Rajshahi,Chittagong Kings,Mohammad Haris,Anamul Haque,Al Islam
2507,2,3,3,Durbar Rajshahi,Chittagong Kings,Anamul Haque,Mohammad Haris,Al Islam
2507,2,3,4,Durbar Rajshahi,Chittagong Kings,Anamul Haque,Mohammad Haris,Al Islam
2507,2,3,5,Durbar Rajshahi,Chittagong Kings,Mohammad Haris,Anamul Haque,Al Islam
2507,2,3,6,Durbar Rajshahi,Chittagong Kings,Mohammad Haris,Anamul Haque,Al Islam
2507,2,4,1,Durbar Rajshahi,Chittagong Kings,Anamul Haque,Mohammad Haris,Arafat Sunny
2507,2,4,2,Durbar Rajshahi,Chittagong Kings,Yasir Ali Chowdhury,Mohammad Haris,Arafat Sunny
2507,2,4,3,Durbar Rajshahi,Chittagong Kings,Yasir Ali Chowdhury,Mohammad Haris,Arafat Sunny
2507,2,4,4,Durbar Rajshahi,Chittagong Kings,Mohammad Haris,Yasir Ali Chowdhury,Arafat Sunny
2507,2,4,5,Durbar Rajshahi,Chittagong Kings,Mohammad Haris,Yasir Ali Chowdhury,Arafat Sunny
2507,2,4,6,Durbar Rajshahi,Chittagong Kings,Yasir Ali Chowdhury,Mohammad Haris,Arafat Sunny
2507,2,4,7,Durbar Rajshahi,Chittagong Kings,Mohammad Haris,Yasir Ali Chowdhury,Arafat Sunny
2507,2,5,1,Durbar Rajshahi,Chittagong Kings,Mohammad Haris,Yasir Ali Chowdhury,Mohammad Wasim
2507,2,5,2,Durbar Rajshahi,Chittagong Kings,Akbar Ali,Yasir Ali Chowdhury,Mohammad Wasim
2507,2,5,3,Durbar Rajshahi,Chittagong Kings,Akbar Ali,Yasir Ali Chowdhury,Mohammad Wasim
2507,2,5,4,Durbar Rajshahi,Chittagong Kings,Akbar Ali,Yasir Ali Chowdhury,Mohammad Wasim
2507,2,5,5,Durbar Rajshahi,Chittagong Kings,Akbar Ali,Yasir Ali Chowdhury,Mohammad Wasim
2507,2,5,6,Durbar Rajshahi,Chittagong Kings,Akbar Ali,Yasir Ali Chowdhury,Mohammad Wasim
2507,2,6,1,Durbar Rajshahi,Chittagong Kings,Yasir Ali Chowdhury,Akbar Ali,Khaled Ahmed
2507,2,6,2,Durbar Rajshahi,Chittagong Kings,Akbar Ali,Yasir Ali Chowdhury,Khaled Ahmed
2507,2,6,3,Durbar Rajshahi,Chittagong Kings,Yasir Ali Chowdhury,Akbar Ali,Khaled Ahmed
2507,2,6,4,Durbar Rajshahi,Chittagong Kings,Yasir Ali Chowdhury,Akbar Ali,Khaled Ahmed
2507,2,6,5,Durbar Rajshahi,Chittagong Kings,Yasir Ali Chowdhury,Akbar Ali,Khaled Ahmed
2507,2,6,6,Durbar Rajshahi,Chittagong Kings,Yasir Ali Chowdhury,Akbar Ali,Khaled Ahmed
2507,2,7,1,Durbar Rajshahi,Chittagong Kings,Akbar Ali,Yasir Ali Chowdhury,Mohammad Wasim
2507,2,7,2,Durbar Rajshahi,Chittagong Kings,Akbar Ali,Yasir Ali Chowdhury,Mohammad Wasim
2507,2,7,3,Durbar Rajshahi,Chittagong Kings,Akbar Ali,Yasir Ali Chowdhury,Mohammad Wasim
2507,2,7,4,Durbar Rajshahi,Chittagong Kings,Yasir Ali Chowdhury,Akbar Ali,Mohammad Wasim
2507,2,7,5,Durbar Rajshahi,Chittagong Kings,Yasir Ali Chowdhury,Akbar Ali,Mohammad Wasim
2507,2,7,6,Durbar Rajshahi,Chittagong Kings,Akbar Ali,Yasir Ali Chowdhury,Mohammad Wasim
2507,2,8,1,Durbar Rajshahi,Chittagong Kings,Yasir Ali Chowdhury,Akbar Ali,Arafat Sunny
2507,2,8,2,Durbar Rajshahi,Chittagong Kings,Akbar Ali,Yasir Ali Chowdhury,Arafat Sunny
2507,2,8,3,Durbar Rajshahi,Chittagong Kings,Akbar Ali,Yasir Ali Chowdhury,Arafat Sunny
2507,2,8,4,Durbar Rajshahi,Chittagong Kings,RP Burl,Yasir Ali Chowdhury,Arafat Sunny
2507,2,8,5,Durbar Rajshahi,Chittagong Kings,Yasir Ali Chowdhury,RP Burl,Arafat Sunny
2507,2,8,6,Durbar Rajshahi,Chittagong Kings,Yasir Ali Chowdhury,RP Burl,Arafat Sunny
2507,2,9,1,Durbar Rajshahi,Chittagong Kings,RP Burl,Yasir Ali Chowdhury,Khaled Ahmed
2507,2,9,2,Durbar Rajshahi,Chittagong Kings,RP Burl,Yasir Ali Chowdhury,Khaled Ahmed
2507,2,9,3,Durbar Rajshahi,Chittagong Kings,RP Burl,Yasir Ali Chowdhury,Khaled Ahmed
2507,2,9,4,Durbar Rajshahi,Chittagong Kings,RP Burl,Yasir Ali Chowdhury,Khaled Ahmed
2507,2,9,5,Durbar Rajshahi,Chittagong Kings,RP Burl,Yasir Ali Chowdhury,Khaled Ahmed
2507,2,9,6,Durbar Rajshahi,Chittagong Kings,RP Burl,Yasir Ali Chowdhury,Khaled Ahmed
2507,2,10,1,Durbar Rajshahi,Chittagong Kings,Yasir Ali Chowdhury,RP Burl,Al Islam
2507,2,10,2,Durbar Rajshahi,Chittagong Kings,Yasir Ali Chowdhury,RP Burl,Al Islam
2507,2,10,3,Durbar Rajshahi,Chittagong Kings,Yasir Ali Chowdhury,RP Burl,Al Islam
2507,2,10,4,Durbar Rajshahi,Chittagong Kings,Sohag Gazi,RP Burl,Al Islam
2507,2,10,5,Durbar Rajshahi,Chittagong Kings,RP Burl,Sohag Gazi,Al Islam
2507,2,10,6,Durbar Rajshahi,Chittagong Kings,Sohag Gazi,RP Burl,Al Islam
2507,2,11,1,Durbar Rajshahi,Chittagong Kings,RP Burl,Sohag Gazi,Shoriful Islam
2507,2,11,2,Durbar Rajshahi,Chittagong Kings,Taskin Ahmed,Sohag Gazi,Shoriful Islam
2507,2,11,3,Durbar Rajshahi,Chittagong Kings,Sohag Gazi,Taskin Ahmed,Shoriful Islam
2507,2,11,4,Durbar Rajshahi,Chittagong Kings,Sohag Gazi,Taskin Ahmed,Shoriful Islam
2507,2,11,5,Durbar Rajshahi,Chittagong Kings,Sohag Gazi,Taskin Ahmed,Shoriful Islam
2507,2,11,6,Durbar Rajshahi,Chittagong Kings,Taskin Ahmed,Sohag Gazi,Shoriful Islam
2507,2,11,7,Durbar Rajshahi,Chittagong Kings,Taskin Ahmed,Sohag Gazi,Shoriful Islam
2507,2,12,1,Durbar Rajshahi,Chittagong Kings,Sohag Gazi,Taskin Ahmed,Al Islam
2507,2,12,2,Durbar Rajshahi,Chittagong Kings,Sohag Gazi,Taskin Ahmed,Al Islam
2507,2,12,3,Durbar Rajshahi,Chittagong Kings,Sohag Gazi,Taskin Ahmed,Al Islam
2507,2,12,4,Durbar Rajshahi,Chittagong Kings,Sohag Gazi,Taskin Ahmed,Al Islam
2507,2,12,5,Durbar Rajshahi,Chittagong Kings,Sohag Gazi,Taskin Ahmed,Al Islam
2507,2,12,6,Durbar Rajshahi,Chittagong Kings,Taskin Ahmed,Sohag Gazi,Al Islam
2507,2,13,1,Durbar Rajshahi,Chittagong Kings,Sohag Gazi,Shafiul Islam,Khaled Ahmed
2507,2,13,2,Durbar Rajshahi,Chittagong Kings,Shafiul Islam,Sohag Gazi,Khaled Ahmed
2507,2,13,3,Durbar Rajshahi,Chittagong Kings,Shafiul Islam,Sohag Gazi,Khaled Ahmed
2507,2,13,4,Durbar Rajshahi,Chittagong Kings,Shafiul Islam,Sohag Gazi,Khaled Ahmed
2507,2,13,5,Durbar Rajshahi,Chittagong Kings,Shafiul Islam,Sohag Gazi,Khaled Ahmed
2507,2,13,6,Durbar Rajshahi,Chittagong Kings,Sohag Gazi,Shafiul Islam,Khaled Ahmed
2507,2,14,1,Durbar Rajshahi,Chittagong Kings,Sohag Gazi,Shafiul Islam,Al Islam
2507,2,14,2,Durbar Rajshahi,Chittagong Kings,Sohag Gazi,Shafiul Islam,Al Islam
2507,2,14,3,Durbar Rajshahi,Chittagong Kings,Sohag Gazi,Shafiul Islam,Al Islam
2507,2,14,4,Durbar Rajshahi,Chittagong Kings,Shafiul Islam,Sohag Gazi,Al Islam
2507,2,14,5,Durbar Rajshahi,Chittagong Kings,Shafiul Islam,Sohag Gazi,Al Islam
2507,2,14,6,Durbar Rajshahi,Chittagong Kings,Hasan Murad,Sohag Gazi,Al Islam
2507,2,15,1,Durbar Rajshahi,Chittagong Kings,Sohag Gazi,Hasan Murad,Mohammad Wasim
2507,2,15,2,Durbar Rajshahi,Chittagong Kings,Sohag Gazi,Hasan Murad,Mohammad Wasim
2507,2,15,3,Durbar Rajshahi,Chittagong Kings,Hasan Murad,Sohag Gazi,Mohammad Wasim
2507,2,15,4,Durbar Rajshahi,Chittagong Kings,Hasan Murad,Sohag Gazi,Mohammad Wasim
2507,2,15,5,Durbar Rajshahi,Chittagong Kings,Sohag Gazi,Hasan Murad,Mohammad Wasim
2507,2,15,6,Durbar Rajshahi,Chittagong Kings,Sohag Gazi,Hasan Murad,Mohammad Wasim
2507,2,16,1,Durbar Rajshahi,Chittagong Kings,Hasan Murad,Sohag Gazi,Arafat Sunny
2507,2,16,2,Durbar Rajshahi,Chittagong Kings,Mohor Sheikh,Sohag Gazi,Arafat Sunny
2507,2,16,3,Durbar Rajshahi,Chittagong Kings,Mohor Sheikh,Sohag Gazi,Arafat Sunny
2507,2,16,4,Durbar Rajshahi,Chittagong Kings,Mohor Sheikh,Sohag Gazi,Arafat Sunny
2507,2,16,5,Durbar Rajshahi,Chittagong Kings,Mohor Sheikh,Sohag Gazi,Arafat Sunny
2507,2,16,6,Durbar Rajshahi,Chittagong Kings,Mohor Sheikh,Sohag Gazi,Arafat Sunny
2507,2,17,1,Durbar Rajshahi,Chittagong Kings,Sohag Gazi,Mohor Sheikh,Mohammad Wasim
