MATCHID,INNINGSNO,OVERNO,BALL_NO,TEAMBATTING,TEAMBOWLING,STRIKER,NON_STRIKER,BOWLER
2542,1,0,1,Chittagong Kings,Fortune Barishal,Khawaja Nafay,Parvez Hossain Emon,Mohammad Imran
2542,1,0,2,Chittagong Kings,Fortune Barishal,Khawaja Nafay,Parvez Hossain Emon,Mohammad Imran
2542,1,0,3,Chittagong Kings,Fortune Barishal,Khawaja Nafay,Parvez Hossain Emon,Mohammad Imran
2542,1,0,4,Chittagong Kings,Fortune Barishal,Khawaja Nafay,Parvez Hossain Emon,Mohammad Imran
2542,1,0,5,Chittagong Kings,Fortune Barishal,Khawaja Nafay,Parvez Hossain Emon,Mohammad Imran
2542,1,0,6,Chittagong Kings,Fortune Barishal,Khawaja Nafay,Parvez Hossain Emon,Mohammad Imran
2542,1,1,1,Chittagong Kings,Fortune Barishal,Parvez Hossain Emon,Khawaja Nafay,Taijul Islam
2542,1,1,2,Chittagong Kings,Fortune Barishal,Parvez Hossain Emon,Khawaja Nafay,Taijul Islam
2542,1,1,3,Chittagong Kings,Fortune Barishal,Parvez Hossain Emon,Khawaja Nafay,Taijul Islam
2542,1,1,4,Chittagong Kings,Fortune Barishal,Parvez Hossain Emon,Khawaja Nafay,Taijul Islam
2542,1,1,5,Chittagong Kings,Fortune Barishal,Khawaja Nafay,Parvez Hossain Emon,Taijul Islam
2542,1,1,6,Chittagong Kings,Fortune Barishal,Khawaja Nafay,Parvez Hossain Emon,Taijul Islam
2542,1,2,1,Chittagong Kings,Fortune Barishal,Parvez Hossain Emon,Khawaja Nafay,Ebadat Hossain
2542,1,2,2,Chittagong Kings,Fortune Barishal,Parvez Hossain Emon,Khawaja Nafay,Ebadat Hossain
2542,1,2,3,Chittagong Kings,Fortune Barishal,Parvez Hossain Emon,Khawaja Nafay,Ebadat Hossain
2542,1,2,4,Chittagong Kings,Fortune Barishal,Parvez Hossain Emon,Khawaja Nafay,Ebadat Hossain
2542,1,2,5,Chittagong Kings,Fortune Barishal,Parvez Hossain Emon,Khawaja Nafay,Ebadat Hossain
2542,1,2,6,Chittagong Kings,Fortune Barishal,Parvez Hossain Emon,Khawaja Nafay,Ebadat Hossain
2542,1,3,1,Chittagong Kings,Fortune Barishal,Khawaja Nafay,Parvez Hossain Emon,Mohammad Imran
2542,1,3,2,Chittagong Kings,Fortune Barishal,Khawaja Nafay,Parvez Hossain Emon,Mohammad Imran
2542,1,3,3,Chittagong Kings,Fortune Barishal,Khawaja Nafay,Parvez Hossain Emon,Mohammad Imran
2542,1,3,4,Chittagong Kings,Fortune Barishal,Khawaja Nafay,Parvez Hossain Emon,Mohammad Imran
2542,1,3,5,Chittagong Kings,Fortune Barishal,Khawaja Nafay,Parvez Hossain Emon,Mohammad Imran
2542,1,3,6,Chittagong Kings,Fortune Barishal,Khawaja Nafay,Parvez Hossain Emon,Mohammad Imran
2542,1,4,1,Chittagong Kings,Fortune Barishal,Parvez Hossain Emon,Khawaja Nafay,Mohammad Nabi
2542,1,4,2,Chittagong Kings,Fortune Barishal,Parvez Hossain Emon,Khawaja Nafay,Mohammad Nabi
2542,1,4,3,Chittagong Kings,Fortune Barishal,Parvez Hossain Emon,Khawaja Nafay,Mohammad Nabi
2542,1,4,4,Chittagong Kings,Fortune Barishal,Parvez Hossain Emon,Khawaja Nafay,Mohammad Nabi
2542,1,4,5,Chittagong Kings,Fortune Barishal,Parvez Hossain Emon,Khawaja Nafay,Mohammad Nabi
2542,1,4,6,Chittagong Kings,Fortune Barishal,Khawaja Nafay,Parvez Hossain Emon,Mohammad Nabi
2542,1,5,1,Chittagong Kings,Fortune Barishal,Parvez Hossain Emon,Khawaja Nafay,Ebadat Hossain
2542,1,5,2,Chittagong Kings,Fortune Barishal,Khawaja Nafay,Parvez Hossain Emon,Ebadat Hossain
2542,1,5,3,Chittagong Kings,Fortune Barishal,Parvez Hossain Emon,Khawaja Nafay,Ebadat Hossain
2542,1,5,4,Chittagong Kings,Fortune Barishal,Parvez Hossain Emon,Khawaja Nafay,Ebadat Hossain
2542,1,5,5,Chittagong Kings,Fortune Barishal,Parvez Hossain Emon,Khawaja Nafay,Ebadat Hossain
2542,1,5,6,Chittagong Kings,Fortune Barishal,Parvez Hossain Emon,Khawaja Nafay,Ebadat Hossain
2542,1,6,1,Chittagong Kings,Fortune Barishal,Parvez Hossain Emon,Khawaja Nafay,Mohammad Nabi
2542,1,6,2,Chittagong Kings,Fortune Barishal,Khawaja Nafay,Parvez Hossain Emon,Mohammad Nabi
2542,1,6,3,Chittagong Kings,Fortune Barishal,Khawaja Nafay,Parvez Hossain Emon,Mohammad Nabi
2542,1,6,4,Chittagong Kings,Fortune Barishal,Parvez Hossain Emon,Khawaja Nafay,Mohammad Nabi
2542,1,6,5,Chittagong Kings,Fortune Barishal,Khawaja Nafay,Parvez Hossain Emon,Mohammad Nabi
2542,1,6,6,Chittagong Kings,Fortune Barishal,G Clark,Parvez Hossain Emon,Mohammad Nabi
2542,1,7,1,Chittagong Kings,Fortune Barishal,Parvez Hossain Emon,G Clark,JK Fuller
2542,1,7,2,Chittagong Kings,Fortune Barishal,G Clark,Parvez Hossain Emon,JK Fuller
2542,1,7,3,Chittagong Kings,Fortune Barishal,Parvez Hossain Emon,G Clark,JK Fuller
2542,1,7,4,Chittagong Kings,Fortune Barishal,Parvez Hossain Emon,G Clark,JK Fuller
2542,1,7,5,Chittagong Kings,Fortune Barishal,G Clark,Parvez Hossain Emon,JK Fuller
2542,1,7,6,Chittagong Kings,Fortune Barishal,G Clark,Parvez Hossain Emon,JK Fuller
2542,1,8,1,Chittagong Kings,Fortune Barishal,Parvez Hossain Emon,G Clark,Mohammad Nabi
2542,1,8,2,Chittagong Kings,Fortune Barishal,Parvez Hossain Emon,G Clark,Mohammad Nabi
2542,1,8,3,Chittagong Kings,Fortune Barishal,G Clark,Parvez Hossain Emon,Mohammad Nabi
2542,1,8,4,Chittagong Kings,Fortune Barishal,G Clark,Parvez Hossain Emon,Mohammad Nabi
2542,1,8,5,Chittagong Kings,Fortune Barishal,Parvez Hossain Emon,G Clark,Mohammad Nabi
2542,1,8,6,Chittagong Kings,Fortune Barishal,Parvez Hossain Emon,G Clark,Mohammad Nabi
2542,1,9,1,Chittagong Kings,Fortune Barishal,Parvez Hossain Emon,G Clark,Taijul Islam
2542,1,9,2,Chittagong Kings,Fortune Barishal,Parvez Hossain Emon,G Clark,Taijul Islam
2542,1,9,3,Chittagong Kings,Fortune Barishal,Parvez Hossain Emon,G Clark,Taijul Islam
2542,1,9,4,Chittagong Kings,Fortune Barishal,Parvez Hossain Emon,G Clark,Taijul Islam
2542,1,9,5,Chittagong Kings,Fortune Barishal,G Clark,Parvez Hossain Emon,Taijul Islam
2542,1,9,6,Chittagong Kings,Fortune Barishal,G Clark,Parvez Hossain Emon,Taijul Islam
2542,1,10,1,Chittagong Kings,Fortune Barishal,G Clark,Parvez Hossain Emon,JK Fuller
2542,1,10,2,Chittagong Kings,Fortune Barishal,Parvez Hossain Emon,G Clark,JK Fuller
2542,1,10,3,Chittagong Kings,Fortune Barishal,Parvez Hossain Emon,G Clark,JK Fuller
2542,1,10,4,Chittagong Kings,Fortune Barishal,G Clark,Parvez Hossain Emon,JK Fuller
2542,1,10,5,Chittagong Kings,Fortune Barishal,Parvez Hossain Emon,G Clark,JK Fuller
2542,1,10,6,Chittagong Kings,Fortune Barishal,G Clark,Parvez Hossain Emon,JK Fuller
2542,1,11,1,Chittagong Kings,Fortune Barishal,G Clark,Parvez Hossain Emon,Rishad Hossain
2542,1,11,2,Chittagong Kings,Fortune Barishal,G Clark,Parvez Hossain Emon,Rishad Hossain
2542,1,11,3,Chittagong Kings,Fortune Barishal,G Clark,Parvez Hossain Emon,Rishad Hossain
2542,1,11,4,Chittagong Kings,Fortune Barishal,Parvez Hossain Emon,G Clark,Rishad Hossain
2542,1,11,5,Chittagong Kings,Fortune Barishal,G Clark,Parvez Hossain Emon,Rishad Hossain
2542,1,11,6,Chittagong Kings,Fortune Barishal,Parvez Hossain Emon,G Clark,Rishad Hossain
2542,1,12,1,Chittagong Kings,Fortune Barishal,G Clark,Parvez Hossain Emon,Ebadat Hossain
2542,1,12,2,Chittagong Kings,Fortune Barishal,Parvez Hossain Emon,G Clark,Ebadat Hossain
2542,1,12,3,Chittagong Kings,Fortune Barishal,Parvez Hossain Emon,G Clark,Ebadat Hossain
2542,1,12,4,Chittagong Kings,Fortune Barishal,G Clark,Parvez Hossain Emon,Ebadat Hossain
2542,1,12,5,Chittagong Kings,Fortune Barishal,G Clark,Parvez Hossain Emon,Ebadat Hossain
2542,1,12,6,Chittagong Kings,Fortune Barishal,Parvez Hossain Emon,G Clark,Ebadat Hossain
2542,1,12,7,Chittagong Kings,Fortune Barishal,Haider Ali,G Clark,Ebadat Hossain
2542,1,12,8,Chittagong Kings,Fortune Barishal,Haider Ali,G Clark,Ebadat Hossain
2542,1,13,1,Chittagong Kings,Fortune Barishal,Haider Ali,G Clark,Taijul Islam
2542,1,13,2,Chittagong Kings,Fortune Barishal,G Clark,Haider Ali,Taijul Islam
2542,1,13,3,Chittagong Kings,Fortune Barishal,G Clark,Haider Ali,Taijul Islam
2542,1,13,4,Chittagong Kings,Fortune Barishal,Haider Ali,G Clark,Taijul Islam
2542,1,13,5,Chittagong Kings,Fortune Barishal,G Clark,Haider Ali,Taijul Islam
2542,1,13,6,Chittagong Kings,Fortune Barishal,G Clark,Haider Ali,Taijul Islam
2542,1,14,1,Chittagong Kings,Fortune Barishal,Haider Ali,Mohammad Mithun,Rishad Hossain
2542,1,14,2,Chittagong Kings,Fortune Barishal,Haider Ali,Mohammad Mithun,Rishad Hossain
2542,1,14,3,Chittagong Kings,Fortune Barishal,Haider Ali,Mohammad Mithun,Rishad Hossain
2542,1,14,4,Chittagong Kings,Fortune Barishal,Haider Ali,Mohammad Mithun,Rishad Hossain
2542,1,14,5,Chittagong Kings,Fortune Barishal,Mohammad Mithun,Haider Ali,Rishad Hossain
2542,1,14,6,Chittagong Kings,Fortune Barishal,Mohammad Mithun,Haider Ali,Rishad Hossain
2542,1,15,1,Chittagong Kings,Fortune Barishal,Haider Ali,Mohammad Mithun,Mohammad Imran
2542,1,15,2,Chittagong Kings,Fortune Barishal,Haider Ali,Mohammad Mithun,Mohammad Imran
2542,1,15,3,Chittagong Kings,Fortune Barishal,Haider Ali,Mohammad Mithun,Mohammad Imran
2542,1,15,4,Chittagong Kings,Fortune Barishal,Haider Ali,Mohammad Mithun,Mohammad Imran
2542,1,15,5,Chittagong Kings,Fortune Barishal,Haider Ali,Mohammad Mithun,Mohammad Imran
2542,1,15,6,Chittagong Kings,Fortune Barishal,Haider Ali,Mohammad Mithun,Mohammad Imran
2542,1,16,1,Chittagong Kings,Fortune Barishal,Haider Ali,Mohammad Mithun,Taijul Islam
2542,1,16,2,Chittagong Kings,Fortune Barishal,Mohammad Mithun,Haider Ali,Taijul Islam
2542,1,16,3,Chittagong Kings,Fortune Barishal,Haider Ali,Mohammad Mithun,Taijul Islam
2542,1,16,4,Chittagong Kings,Fortune Barishal,Haider Ali,Mohammad Mithun,Taijul Islam
2542,1,16,5,Chittagong Kings,Fortune Barishal,Mohammad Mithun,Haider Ali,Taijul Islam
2542,1,16,6,Chittagong Kings,Fortune Barishal,Shamim Hossain,Haider Ali,Taijul Islam
2542,1,17,1,Chittagong Kings,Fortune Barishal,Shamim Hossain,Haider Ali,Ebadat Hossain
2542,1,17,2,Chittagong Kings,Fortune Barishal,Haider Ali,Shamim Hossain,Ebadat Hossain
2542,1,17,3,Chittagong Kings,Fortune Barishal,Shamim Hossain,Haider Ali,Ebadat Hossain
2542,1,17,4,Chittagong Kings,Fortune Barishal,Shamim Hossain,Haider Ali,Ebadat Hossain
2542,1,17,5,Chittagong Kings,Fortune Barishal,Haider Ali,Shamim Hossain,Ebadat Hossain
2542,1,17,6,Chittagong Kings,Fortune Barishal,Haider Ali,Shamim Hossain,Ebadat Hossain
2542,1,18,1,Chittagong Kings,Fortune Barishal,Shamim Hossain,Haider Ali,JK Fuller
2542,1,18,2,Chittagong Kings,Fortune Barishal,Shamim Hossain,Haider Ali,JK Fuller
2542,1,18,3,Chittagong Kings,Fortune Barishal,Shamim Hossain,Haider Ali,JK Fuller
2542,1,18,4,Chittagong Kings,Fortune Barishal,Shamim Hossain,Haider Ali,JK Fuller
2542,1,18,5,Chittagong Kings,Fortune Barishal,Shamim Hossain,Haider Ali,JK Fuller
2542,1,18,6,Chittagong Kings,Fortune Barishal,Shamim Hossain,Haider Ali,JK Fuller
2542,1,19,1,Chittagong Kings,Fortune Barishal,Haider Ali,Shamim Hossain,Mohammad Imran
2542,1,19,2,Chittagong Kings,Fortune Barishal,Haider Ali,Shamim Hossain,Mohammad Imran
2542,1,19,3,Chittagong Kings,Fortune Barishal,Haider Ali,Shamim Hossain,Mohammad Imran
2542,1,19,4,Chittagong Kings,Fortune Barishal,Shamim Hossain,Haider Ali,Mohammad Imran
2542,1,19,5,Chittagong Kings,Fortune Barishal,Shamim Hossain,Haider Ali,Mohammad Imran
2542,1,19,6,Chittagong Kings,Fortune Barishal,Haider Ali,Shamim Hossain,Mohammad Imran
2542,2,0,1,Fortune Barishal,Chittagong Kings,Tamim Iqbal,Towhid Hridoy,B Fernando
2542,2,0,2,Fortune Barishal,Chittagong Kings,Tamim Iqbal,Towhid Hridoy,B Fernando
2542,2,0,3,Fortune Barishal,Chittagong Kings,Tamim Iqbal,Towhid Hridoy,B Fernando
2542,2,0,4,Fortune Barishal,Chittagong Kings,Tamim Iqbal,Towhid Hridoy,B Fernando
2542,2,0,5,Fortune Barishal,Chittagong Kings,Tamim Iqbal,Towhid Hridoy,B Fernando
2542,2,0,6,Fortune Barishal,Chittagong Kings,Tamim Iqbal,Towhid Hridoy,B Fernando
2542,2,1,1,Fortune Barishal,Chittagong Kings,Towhid Hridoy,DJ Malan,Shoriful Islam
2542,2,1,2,Fortune Barishal,Chittagong Kings,Towhid Hridoy,DJ Malan,Shoriful Islam
2542,2,1,3,Fortune Barishal,Chittagong Kings,Towhid Hridoy,DJ Malan,Shoriful Islam
2542,2,1,4,Fortune Barishal,Chittagong Kings,Towhid Hridoy,DJ Malan,Shoriful Islam
2542,2,1,5,Fortune Barishal,Chittagong Kings,DJ Malan,Towhid Hridoy,Shoriful Islam
2542,2,1,6,Fortune Barishal,Chittagong Kings,Towhid Hridoy,DJ Malan,Shoriful Islam
2542,2,2,1,Fortune Barishal,Chittagong Kings,DJ Malan,Towhid Hridoy,B Fernando
2542,2,2,2,Fortune Barishal,Chittagong Kings,DJ Malan,Towhid Hridoy,B Fernando
2542,2,2,3,Fortune Barishal,Chittagong Kings,DJ Malan,Towhid Hridoy,B Fernando
2542,2,2,4,Fortune Barishal,Chittagong Kings,DJ Malan,Towhid Hridoy,B Fernando
2542,2,2,5,Fortune Barishal,Chittagong Kings,DJ Malan,Towhid Hridoy,B Fernando
2542,2,2,6,Fortune Barishal,Chittagong Kings,Towhid Hridoy,DJ Malan,B Fernando
2542,2,3,1,Fortune Barishal,Chittagong Kings,DJ Malan,Towhid Hridoy,Al Islam
2542,2,3,2,Fortune Barishal,Chittagong Kings,DJ Malan,Towhid Hridoy,Al Islam
2542,2,3,3,Fortune Barishal,Chittagong Kings,Towhid Hridoy,DJ Malan,Al Islam
2542,2,3,4,Fortune Barishal,Chittagong Kings,Towhid Hridoy,DJ Malan,Al Islam
2542,2,3,5,Fortune Barishal,Chittagong Kings,Towhid Hridoy,DJ Malan,Al Islam
2542,2,3,6,Fortune Barishal,Chittagong Kings,Towhid Hridoy,DJ Malan,Al Islam
2542,2,4,1,Fortune Barishal,Chittagong Kings,DJ Malan,Towhid Hridoy,Khaled Ahmed
2542,2,4,2,Fortune Barishal,Chittagong Kings,DJ Malan,Towhid Hridoy,Khaled Ahmed
2542,2,4,3,Fortune Barishal,Chittagong Kings,Towhid Hridoy,DJ Malan,Khaled Ahmed
2542,2,4,4,Fortune Barishal,Chittagong Kings,Mushfiqur Rahim,DJ Malan,Khaled Ahmed
2542,2,4,5,Fortune Barishal,Chittagong Kings,Mushfiqur Rahim,DJ Malan,Khaled Ahmed
2542,2,4,6,Fortune Barishal,Chittagong Kings,DJ Malan,Mushfiqur Rahim,Khaled Ahmed
2542,2,5,1,Fortune Barishal,Chittagong Kings,Mushfiqur Rahim,DJ Malan,Shoriful Islam
2542,2,5,2,Fortune Barishal,Chittagong Kings,Mushfiqur Rahim,DJ Malan,Shoriful Islam
2542,2,5,3,Fortune Barishal,Chittagong Kings,Mushfiqur Rahim,DJ Malan,Shoriful Islam
2542,2,5,4,Fortune Barishal,Chittagong Kings,Mushfiqur Rahim,DJ Malan,Shoriful Islam
2542,2,5,5,Fortune Barishal,Chittagong Kings,Mushfiqur Rahim,DJ Malan,Shoriful Islam
2542,2,5,6,Fortune Barishal,Chittagong Kings,Mushfiqur Rahim,DJ Malan,Shoriful Islam
2542,2,5,7,Fortune Barishal,Chittagong Kings,Mushfiqur Rahim,DJ Malan,Shoriful Islam
2542,2,6,1,Fortune Barishal,Chittagong Kings,Mushfiqur Rahim,DJ Malan,Arafat Sunny
2542,2,6,2,Fortune Barishal,Chittagong Kings,DJ Malan,Mushfiqur Rahim,Arafat Sunny
2542,2,6,3,Fortune Barishal,Chittagong Kings,DJ Malan,Mushfiqur Rahim,Arafat Sunny
2542,2,6,4,Fortune Barishal,Chittagong Kings,Mushfiqur Rahim,DJ Malan,Arafat Sunny
2542,2,6,5,Fortune Barishal,Chittagong Kings,DJ Malan,Mushfiqur Rahim,Arafat Sunny
2542,2,6,6,Fortune Barishal,Chittagong Kings,DJ Malan,Mushfiqur Rahim,Arafat Sunny
2542,2,7,1,Fortune Barishal,Chittagong Kings,Mushfiqur Rahim,DJ Malan,Al Islam
2542,2,7,2,Fortune Barishal,Chittagong Kings,Mushfiqur Rahim,DJ Malan,Al Islam
2542,2,7,3,Fortune Barishal,Chittagong Kings,DJ Malan,Mushfiqur Rahim,Al Islam
2542,2,7,4,Fortune Barishal,Chittagong Kings,Mushfiqur Rahim,DJ Malan,Al Islam
2542,2,7,5,Fortune Barishal,Chittagong Kings,Mushfiqur Rahim,DJ Malan,Al Islam
2542,2,7,6,Fortune Barishal,Chittagong Kings,Mushfiqur Rahim,DJ Malan,Al Islam
2542,2,8,1,Fortune Barishal,Chittagong Kings,Mushfiqur Rahim,DJ Malan,Khaled Ahmed
2542,2,8,2,Fortune Barishal,Chittagong Kings,DJ Malan,Mushfiqur Rahim,Khaled Ahmed
2542,2,8,3,Fortune Barishal,Chittagong Kings,DJ Malan,Mushfiqur Rahim,Khaled Ahmed
2542,2,8,4,Fortune Barishal,Chittagong Kings,DJ Malan,Mushfiqur Rahim,Khaled Ahmed
2542,2,8,5,Fortune Barishal,Chittagong Kings,DJ Malan,Mushfiqur Rahim,Khaled Ahmed
2542,2,8,6,Fortune Barishal,Chittagong Kings,Mushfiqur Rahim,DJ Malan,Khaled Ahmed
2542,2,8,7,Fortune Barishal,Chittagong Kings,Mushfiqur Rahim,DJ Malan,Khaled Ahmed
2542,2,9,1,Fortune Barishal,Chittagong Kings,Mushfiqur Rahim,DJ Malan,Al Islam
2542,2,9,2,Fortune Barishal,Chittagong Kings,Mushfiqur Rahim,DJ Malan,Al Islam
2542,2,9,3,Fortune Barishal,Chittagong Kings,Mushfiqur Rahim,DJ Malan,Al Islam
2542,2,9,4,Fortune Barishal,Chittagong Kings,Mushfiqur Rahim,DJ Malan,Al Islam
2542,2,9,5,Fortune Barishal,Chittagong Kings,Mahmudullah,DJ Malan,Al Islam
2542,2,9,6,Fortune Barishal,Chittagong Kings,DJ Malan,Mahmudullah,Al Islam
2542,2,10,1,Fortune Barishal,Chittagong Kings,Mahmudullah,DJ Malan,Arafat Sunny
2542,2,10,2,Fortune Barishal,Chittagong Kings,DJ Malan,Mahmudullah,Arafat Sunny
2542,2,10,3,Fortune Barishal,Chittagong Kings,DJ Malan,Mahmudullah,Arafat Sunny
2542,2,10,4,Fortune Barishal,Chittagong Kings,Mahmudullah,DJ Malan,Arafat Sunny
2542,2,10,5,Fortune Barishal,Chittagong Kings,Mahmudullah,DJ Malan,Arafat Sunny
2542,2,10,6,Fortune Barishal,Chittagong Kings,Mahmudullah,DJ Malan,Arafat Sunny
2542,2,10,7,Fortune Barishal,Chittagong Kings,Mahmudullah,DJ Malan,Arafat Sunny
2542,2,11,1,Fortune Barishal,Chittagong Kings,Mahmudullah,DJ Malan,Khaled Ahmed
2542,2,11,2,Fortune Barishal,Chittagong Kings,DJ Malan,Mahmudullah,Khaled Ahmed
2542,2,11,3,Fortune Barishal,Chittagong Kings,DJ Malan,Mahmudullah,Khaled Ahmed
2542,2,11,4,Fortune Barishal,Chittagong Kings,Mahmudullah,DJ Malan,Khaled Ahmed
2542,2,11,5,Fortune Barishal,Chittagong Kings,Mahmudullah,DJ Malan,Khaled Ahmed
2542,2,11,6,Fortune Barishal,Chittagong Kings,DJ Malan,Mahmudullah,Khaled Ahmed
2542,2,12,1,Fortune Barishal,Chittagong Kings,DJ Malan,Mahmudullah,Arafat Sunny
2542,2,12,2,Fortune Barishal,Chittagong Kings,DJ Malan,Mahmudullah,Arafat Sunny
2542,2,12,3,Fortune Barishal,Chittagong Kings,DJ Malan,Mahmudullah,Arafat Sunny
2542,2,12,4,Fortune Barishal,Chittagong Kings,DJ Malan,Mahmudullah,Arafat Sunny
2542,2,12,5,Fortune Barishal,Chittagong Kings,DJ Malan,Mahmudullah,Arafat Sunny
2542,2,12,6,Fortune Barishal,Chittagong Kings,DJ Malan,Mahmudullah,Arafat Sunny
2542,2,13,1,Fortune Barishal,Chittagong Kings,Mahmudullah,DJ Malan,Al Islam
2542,2,13,2,Fortune Barishal,Chittagong Kings,DJ Malan,Mahmudullah,Al Islam
2542,2,13,3,Fortune Barishal,Chittagong Kings,Mahmudullah,DJ Malan,Al Islam
2542,2,13,4,Fortune Barishal,Chittagong Kings,Mahmudullah,DJ Malan,Al Islam
2542,2,13,5,Fortune Barishal,Chittagong Kings,DJ Malan,Mahmudullah,Al Islam
2542,2,13,6,Fortune Barishal,Chittagong Kings,DJ Malan,Mahmudullah,Al Islam
2542,2,14,1,Fortune Barishal,Chittagong Kings,Mahmudullah,Mohammad Nabi,Arafat Sunny
2542,2,14,2,Fortune Barishal,Chittagong Kings,Mahmudullah,Mohammad Nabi,Arafat Sunny
2542,2,14,3,Fortune Barishal,Chittagong Kings,Mohammad Nabi,Mahmudullah,Arafat Sunny
2542,2,14,4,Fortune Barishal,Chittagong Kings,Mohammad Nabi,Mahmudullah,Arafat Sunny
2542,2,14,5,Fortune Barishal,Chittagong Kings,Rishad Hossain,Mahmudullah,Arafat Sunny
2542,2,14,6,Fortune Barishal,Chittagong Kings,Rishad Hossain,Mahmudullah,Arafat Sunny
2542,2,15,1,Fortune Barishal,Chittagong Kings,Rishad Hossain,Mahmudullah,Shoriful Islam
2542,2,15,2,Fortune Barishal,Chittagong Kings,Rishad Hossain,Mahmudullah,Shoriful Islam
2542,2,15,3,Fortune Barishal,Chittagong Kings,Mahmudullah,Rishad Hossain,Shoriful Islam
2542,2,15,4,Fortune Barishal,Chittagong Kings,Mahmudullah,Rishad Hossain,Shoriful Islam
2542,2,15,5,Fortune Barishal,Chittagong Kings,Mahmudullah,Rishad Hossain,Shoriful Islam
2542,2,15,6,Fortune Barishal,Chittagong Kings,Rishad Hossain,Mahmudullah,Shoriful Islam
2542,2,16,1,Fortune Barishal,Chittagong Kings,Mahmudullah,Rishad Hossain,B Fernando
2542,2,16,2,Fortune Barishal,Chittagong Kings,Mahmudullah,Rishad Hossain,B Fernando
2542,2,16,3,Fortune Barishal,Chittagong Kings,Rishad Hossain,Mahmudullah,B Fernando
2542,2,16,4,Fortune Barishal,Chittagong Kings,Rishad Hossain,Mahmudullah,B Fernando
2542,2,16,5,Fortune Barishal,Chittagong Kings,Rishad Hossain,Mahmudullah,B Fernando
2542,2,16,6,Fortune Barishal,Chittagong Kings,Rishad Hossain,Mahmudullah,B Fernando
2542,2,16,7,Fortune Barishal,Chittagong Kings,Rishad Hossain,Mahmudullah,B Fernando
2542,2,16,8,Fortune Barishal,Chittagong Kings,Rishad Hossain,Mahmudullah,B Fernando
2542,2,17,1,Fortune Barishal,Chittagong Kings,Mahmudullah,Rishad Hossain,Khaled Ahmed
2542,2,17,2,Fortune Barishal,Chittagong Kings,Rishad Hossain,Mahmudullah,Khaled Ahmed
2542,2,17,3,Fortune Barishal,Chittagong Kings,Mahmudullah,Rishad Hossain,Khaled Ahmed
2542,2,17,4,Fortune Barishal,Chittagong Kings,Mahmudullah,Rishad Hossain,Khaled Ahmed
2542,2,17,5,Fortune Barishal,Chittagong Kings,Mahmudullah,JK Fuller,Khaled Ahmed
2542,2,17,6,Fortune Barishal,Chittagong Kings,JK Fuller,Mahmudullah,Khaled Ahmed
2542,2,17,7,Fortune Barishal,Chittagong Kings,JK Fuller,Mahmudullah,Khaled Ahmed
2542,2,18,1,Fortune Barishal,Chittagong Kings,JK Fuller,Mahmudullah,Shoriful Islam
2542,2,18,2,Fortune Barishal,Chittagong Kings,JK Fuller,Mahmudullah,Shoriful Islam
2542,2,18,3,Fortune Barishal,Chittagong Kings,JK Fuller,Mahmudullah,Shoriful Islam
2542,2,18,4,Fortune Barishal,Chittagong Kings,JK Fuller,Mahmudullah,Shoriful Islam
2542,2,18,5,Fortune Barishal,Chittagong Kings,Mahmudullah,JK Fuller,Shoriful Islam
2542,2,18,6,Fortune Barishal,Chittagong Kings,Mahmudullah,JK Fuller,Shoriful Islam
2542,2,18,7,Fortune Barishal,Chittagong Kings,JK Fuller,Mahmudullah,Shoriful Islam
2542,2,18,8,Fortune Barishal,Chittagong Kings,JK Fuller,Mahmudullah,Shoriful Islam
2542,2,19,1,Fortune Barishal,Chittagong Kings,JK Fuller,Mahmudullah,B Fernando
2542,2,19,2,Fortune Barishal,Chittagong Kings,JK Fuller,Mahmudullah,B Fernando
2542,2,19,3,Fortune Barishal,Chittagong Kings,JK Fuller,Mahmudullah,B Fernando
2542,2,19,4,Fortune Barishal,Chittagong Kings,JK Fuller,Mahmudullah,B Fernando
2542,2,19,5,Fortune Barishal,Chittagong Kings,Taijul Islam,Mahmudullah,B Fernando
2542,2,19,6,Fortune Barishal,Chittagong Kings,Mahmudullah,Taijul Islam,B Fernando
2542,2,19,7,Fortune Barishal,Chittagong Kings,Mahmudullah,Taijul Islam,B Fernando
2542,2,19,8,Fortune Barishal,Chittagong Kings,Mahmudullah,Taijul Islam,B Fernando
