MATCHID,INNINGSNO,OVERNO,BALL_NO,TEAMBATTING,TEAMBOWLING,STRIKER,NON_STRIKER,BOWLER
2539,1,0,1,Khulna Tigers,Rangpur Riders,Mehedi Hasan Miraz,Mohammad Naim,Mohammad Saifuddin
2539,1,0,2,Khulna Tigers,Rangpur Riders,Mehedi Hasan Miraz,Mohammad Naim,Mohammad Saifuddin
2539,1,0,3,Khulna Tigers,Rangpur Riders,Mohammad Naim,Mehedi Hasan Miraz,Mohammad Saifuddin
2539,1,0,4,Khulna Tigers,Rangpur Riders,Mehedi Hasan Miraz,Mohammad Naim,Mohammad Saifuddin
2539,1,0,5,Khulna Tigers,Rangpur Riders,Mehedi Hasan Miraz,Mohammad Naim,Mohammad Saifuddin
2539,1,0,6,Khulna Tigers,Rangpur Riders,Mehedi Hasan Miraz,Mohammad Naim,Mohammad Saifuddin
2539,1,1,1,Khulna Tigers,Rangpur Riders,Mohammad Naim,Mehedi Hasan Miraz,Mahedi Hasan
2539,1,1,2,Khulna Tigers,Rangpur Riders,Mohammad Naim,Mehedi Hasan Miraz,Mahedi Hasan
2539,1,1,3,Khulna Tigers,Rangpur Riders,Mohammad Naim,Mehedi Hasan Miraz,Mahedi Hasan
2539,1,1,4,Khulna Tigers,Rangpur Riders,Mehedi Hasan Miraz,Mohammad Naim,Mahedi Hasan
2539,1,1,5,Khulna Tigers,Rangpur Riders,Mehedi Hasan Miraz,Mohammad Naim,Mahedi Hasan
2539,1,1,6,Khulna Tigers,Rangpur Riders,Mehedi Hasan Miraz,Mohammad Naim,Mahedi Hasan
2539,1,2,1,Khulna Tigers,Rangpur Riders,Mohammad Naim,Mehedi Hasan Miraz,Akif Javed
2539,1,2,2,Khulna Tigers,Rangpur Riders,Mehedi Hasan Miraz,Mohammad Naim,Akif Javed
2539,1,2,3,Khulna Tigers,Rangpur Riders,Mehedi Hasan Miraz,Mohammad Naim,Akif Javed
2539,1,2,4,Khulna Tigers,Rangpur Riders,Mohammad Naim,Mehedi Hasan Miraz,Akif Javed
2539,1,2,5,Khulna Tigers,Rangpur Riders,Mohammad Naim,Mehedi Hasan Miraz,Akif Javed
2539,1,2,6,Khulna Tigers,Rangpur Riders,Mohammad Naim,Mehedi Hasan Miraz,Akif Javed
2539,1,3,1,Khulna Tigers,Rangpur Riders,Mehedi Hasan Miraz,Mohammad Naim,Mahedi Hasan
2539,1,3,2,Khulna Tigers,Rangpur Riders,Mohammad Naim,Mehedi Hasan Miraz,Mahedi Hasan
2539,1,3,3,Khulna Tigers,Rangpur Riders,Mohammad Naim,Mehedi Hasan Miraz,Mahedi Hasan
2539,1,3,4,Khulna Tigers,Rangpur Riders,Mehedi Hasan Miraz,Mohammad Naim,Mahedi Hasan
2539,1,3,5,Khulna Tigers,Rangpur Riders,Mehedi Hasan Miraz,Mohammad Naim,Mahedi Hasan
2539,1,3,6,Khulna Tigers,Rangpur Riders,AI Ross,Mohammad Naim,Mahedi Hasan
2539,1,3,7,Khulna Tigers,Rangpur Riders,AI Ross,Mohammad Naim,Mahedi Hasan
2539,1,4,1,Khulna Tigers,Rangpur Riders,AI Ross,Mohammad Naim,Akif Javed
2539,1,4,2,Khulna Tigers,Rangpur Riders,AI Ross,Mohammad Naim,Akif Javed
2539,1,4,3,Khulna Tigers,Rangpur Riders,AI Ross,Mohammad Naim,Akif Javed
2539,1,4,4,Khulna Tigers,Rangpur Riders,Mohammad Naim,AI Ross,Akif Javed
2539,1,4,5,Khulna Tigers,Rangpur Riders,AI Ross,Mohammad Naim,Akif Javed
2539,1,4,6,Khulna Tigers,Rangpur Riders,AI Ross,Mohammad Naim,Akif Javed
2539,1,5,1,Khulna Tigers,Rangpur Riders,AI Ross,Mohammad Naim,Mahedi Hasan
2539,1,5,2,Khulna Tigers,Rangpur Riders,Mohammad Naim,AI Ross,Mahedi Hasan
2539,1,5,3,Khulna Tigers,Rangpur Riders,Mohammad Naim,AI Ross,Mahedi Hasan
2539,1,5,4,Khulna Tigers,Rangpur Riders,Mohammad Naim,AI Ross,Mahedi Hasan
2539,1,5,5,Khulna Tigers,Rangpur Riders,Mohammad Naim,AI Ross,Mahedi Hasan
2539,1,5,6,Khulna Tigers,Rangpur Riders,AI Ross,Mohammad Naim,Mahedi Hasan
2539,1,6,1,Khulna Tigers,Rangpur Riders,AI Ross,Mohammad Naim,Nahid Rana
2539,1,6,2,Khulna Tigers,Rangpur Riders,Mohammad Naim,AI Ross,Nahid Rana
2539,1,6,3,Khulna Tigers,Rangpur Riders,Mohammad Naim,AI Ross,Nahid Rana
2539,1,6,4,Khulna Tigers,Rangpur Riders,AI Ross,Mohammad Naim,Nahid Rana
2539,1,6,5,Khulna Tigers,Rangpur Riders,AI Ross,Mohammad Naim,Nahid Rana
2539,1,6,6,Khulna Tigers,Rangpur Riders,AI Ross,Mohammad Naim,Nahid Rana
2539,1,7,1,Khulna Tigers,Rangpur Riders,AI Ross,Mohammad Naim,Iftikhar Ahmed
2539,1,7,2,Khulna Tigers,Rangpur Riders,Mohammad Naim,AI Ross,Iftikhar Ahmed
2539,1,7,3,Khulna Tigers,Rangpur Riders,WG Bosisto,Mohammad Naim,Iftikhar Ahmed
2539,1,7,4,Khulna Tigers,Rangpur Riders,WG Bosisto,Mohammad Naim,Iftikhar Ahmed
2539,1,7,5,Khulna Tigers,Rangpur Riders,Mohammad Naim,WG Bosisto,Iftikhar Ahmed
2539,1,7,6,Khulna Tigers,Rangpur Riders,WG Bosisto,Mohammad Naim,Iftikhar Ahmed
2539,1,8,1,Khulna Tigers,Rangpur Riders,Mohammad Naim,WG Bosisto,Nahid Rana
2539,1,8,2,Khulna Tigers,Rangpur Riders,WG Bosisto,Mohammad Naim,Nahid Rana
2539,1,8,3,Khulna Tigers,Rangpur Riders,WG Bosisto,Mohammad Naim,Nahid Rana
2539,1,8,4,Khulna Tigers,Rangpur Riders,WG Bosisto,Mohammad Naim,Nahid Rana
2539,1,8,5,Khulna Tigers,Rangpur Riders,WG Bosisto,Mohammad Naim,Nahid Rana
2539,1,8,6,Khulna Tigers,Rangpur Riders,Mohammad Naim,WG Bosisto,Nahid Rana
2539,1,9,1,Khulna Tigers,Rangpur Riders,Mohammad Naim,WG Bosisto,Iftikhar Ahmed
2539,1,9,2,Khulna Tigers,Rangpur Riders,Mohammad Naim,WG Bosisto,Iftikhar Ahmed
2539,1,9,3,Khulna Tigers,Rangpur Riders,WG Bosisto,Mohammad Naim,Iftikhar Ahmed
2539,1,9,4,Khulna Tigers,Rangpur Riders,WG Bosisto,Mohammad Naim,Iftikhar Ahmed
2539,1,9,5,Khulna Tigers,Rangpur Riders,WG Bosisto,Mohammad Naim,Iftikhar Ahmed
2539,1,9,6,Khulna Tigers,Rangpur Riders,WG Bosisto,Mohammad Naim,Iftikhar Ahmed
2539,1,10,1,Khulna Tigers,Rangpur Riders,Mohammad Naim,WG Bosisto,Rakibul Hasan
2539,1,10,2,Khulna Tigers,Rangpur Riders,Mohammad Naim,WG Bosisto,Rakibul Hasan
2539,1,10,3,Khulna Tigers,Rangpur Riders,Mohammad Naim,WG Bosisto,Rakibul Hasan
2539,1,10,4,Khulna Tigers,Rangpur Riders,Mohammad Naim,WG Bosisto,Rakibul Hasan
2539,1,10,5,Khulna Tigers,Rangpur Riders,Mohammad Naim,WG Bosisto,Rakibul Hasan
2539,1,10,6,Khulna Tigers,Rangpur Riders,Mohammad Naim,WG Bosisto,Rakibul Hasan
2539,1,10,7,Khulna Tigers,Rangpur Riders,WG Bosisto,Mohammad Naim,Rakibul Hasan
2539,1,11,1,Khulna Tigers,Rangpur Riders,Mohammad Naim,WG Bosisto,Iftikhar Ahmed
2539,1,11,2,Khulna Tigers,Rangpur Riders,Mohammad Naim,WG Bosisto,Iftikhar Ahmed
2539,1,11,3,Khulna Tigers,Rangpur Riders,Mohammad Naim,WG Bosisto,Iftikhar Ahmed
2539,1,11,4,Khulna Tigers,Rangpur Riders,Mohammad Naim,WG Bosisto,Iftikhar Ahmed
2539,1,11,5,Khulna Tigers,Rangpur Riders,Mohammad Naim,WG Bosisto,Iftikhar Ahmed
2539,1,11,6,Khulna Tigers,Rangpur Riders,Mohammad Naim,WG Bosisto,Iftikhar Ahmed
2539,1,12,1,Khulna Tigers,Rangpur Riders,Mohammad Naim,WG Bosisto,Nahid Rana
2539,1,12,2,Khulna Tigers,Rangpur Riders,Mohammad Naim,WG Bosisto,Nahid Rana
2539,1,12,3,Khulna Tigers,Rangpur Riders,Mohammad Naim,WG Bosisto,Nahid Rana
2539,1,12,4,Khulna Tigers,Rangpur Riders,WG Bosisto,Mohammad Naim,Nahid Rana
2539,1,12,5,Khulna Tigers,Rangpur Riders,Mohammad Naim,WG Bosisto,Nahid Rana
2539,1,12,6,Khulna Tigers,Rangpur Riders,WG Bosisto,Mohammad Naim,Nahid Rana
2539,1,13,1,Khulna Tigers,Rangpur Riders,Mohammad Naim,WG Bosisto,Mohammad Saifuddin
2539,1,13,2,Khulna Tigers,Rangpur Riders,Mohammad Naim,WG Bosisto,Mohammad Saifuddin
2539,1,13,3,Khulna Tigers,Rangpur Riders,WG Bosisto,Mohammad Naim,Mohammad Saifuddin
2539,1,13,4,Khulna Tigers,Rangpur Riders,Mohammad Naim,WG Bosisto,Mohammad Saifuddin
2539,1,13,5,Khulna Tigers,Rangpur Riders,WG Bosisto,Mohammad Naim,Mohammad Saifuddin
2539,1,13,6,Khulna Tigers,Rangpur Riders,Mohammad Naim,WG Bosisto,Mohammad Saifuddin
2539,1,13,7,Khulna Tigers,Rangpur Riders,WG Bosisto,Mohammad Naim,Mohammad Saifuddin
2539,1,13,8,Khulna Tigers,Rangpur Riders,WG Bosisto,Mohammad Naim,Mohammad Saifuddin
2539,1,14,1,Khulna Tigers,Rangpur Riders,Mohammad Naim,WG Bosisto,Akif Javed
2539,1,14,2,Khulna Tigers,Rangpur Riders,WG Bosisto,Mohammad Naim,Akif Javed
2539,1,14,3,Khulna Tigers,Rangpur Riders,Mohammad Naim,WG Bosisto,Akif Javed
2539,1,14,4,Khulna Tigers,Rangpur Riders,WG Bosisto,Mohammad Naim,Akif Javed
2539,1,14,5,Khulna Tigers,Rangpur Riders,WG Bosisto,Mohammad Naim,Akif Javed
2539,1,14,6,Khulna Tigers,Rangpur Riders,Mahidul Islam Ankon,Mohammad Naim,Akif Javed
2539,1,15,1,Khulna Tigers,Rangpur Riders,Mahidul Islam Ankon,Mohammad Naim,Mahedi Hasan
2539,1,15,2,Khulna Tigers,Rangpur Riders,Mahidul Islam Ankon,Mohammad Naim,Mahedi Hasan
2539,1,15,3,Khulna Tigers,Rangpur Riders,Mahidul Islam Ankon,Mohammad Naim,Mahedi Hasan
2539,1,15,4,Khulna Tigers,Rangpur Riders,Mohammad Naim,Mahidul Islam Ankon,Mahedi Hasan
2539,1,15,5,Khulna Tigers,Rangpur Riders,Mohammad Naim,Mahidul Islam Ankon,Mahedi Hasan
2539,1,15,6,Khulna Tigers,Rangpur Riders,Mohammad Naim,Mahidul Islam Ankon,Mahedi Hasan
2539,1,16,1,Khulna Tigers,Rangpur Riders,Mohammad Naim,Mahidul Islam Ankon,Nahid Rana
2539,1,16,2,Khulna Tigers,Rangpur Riders,Mahidul Islam Ankon,Mohammad Naim,Nahid Rana
2539,1,16,3,Khulna Tigers,Rangpur Riders,Mahidul Islam Ankon,Mohammad Naim,Nahid Rana
2539,1,16,4,Khulna Tigers,Rangpur Riders,Mohammad Naim,Mahidul Islam Ankon,Nahid Rana
2539,1,16,5,Khulna Tigers,Rangpur Riders,Mohammad Naim,Mahidul Islam Ankon,Nahid Rana
2539,1,16,6,Khulna Tigers,Rangpur Riders,Mahidul Islam Ankon,Mohammad Naim,Nahid Rana
2539,1,17,1,Khulna Tigers,Rangpur Riders,Mahidul Islam Ankon,Mohammad Naim,Mohammad Saifuddin
2539,1,17,2,Khulna Tigers,Rangpur Riders,Mohammad Naim,Mahidul Islam Ankon,Mohammad Saifuddin
2539,1,17,3,Khulna Tigers,Rangpur Riders,Mohammad Naim,Mahidul Islam Ankon,Mohammad Saifuddin
2539,1,17,4,Khulna Tigers,Rangpur Riders,Mohammad Naim,Mahidul Islam Ankon,Mohammad Saifuddin
2539,1,17,5,Khulna Tigers,Rangpur Riders,Mahidul Islam Ankon,Mohammad Naim,Mohammad Saifuddin
2539,1,17,6,Khulna Tigers,Rangpur Riders,Mohammad Naim,Mahidul Islam Ankon,Mohammad Saifuddin
2539,1,17,7,Khulna Tigers,Rangpur Riders,Mohammad Naim,Mahidul Islam Ankon,Mohammad Saifuddin
2539,1,17,8,Khulna Tigers,Rangpur Riders,Mohammad Naim,Mahidul Islam Ankon,Mohammad Saifuddin
2539,1,17,9,Khulna Tigers,Rangpur Riders,Mohammad Naim,Mahidul Islam Ankon,Mohammad Saifuddin
2539,1,17,10,Khulna Tigers,Rangpur Riders,Mohammad Naim,Mahidul Islam Ankon,Mohammad Saifuddin
2539,1,18,1,Khulna Tigers,Rangpur Riders,Mohammad Naim,Mahidul Islam Ankon,Akif Javed
2539,1,18,2,Khulna Tigers,Rangpur Riders,Mahidul Islam Ankon,Mohammad Naim,Akif Javed
2539,1,18,3,Khulna Tigers,Rangpur Riders,Mahidul Islam Ankon,Mohammad Naim,Akif Javed
2539,1,18,4,Khulna Tigers,Rangpur Riders,Mahidul Islam Ankon,Mohammad Naim,Akif Javed
2539,1,18,5,Khulna Tigers,Rangpur Riders,Mohammad Naim,Mahidul Islam Ankon,Akif Javed
2539,1,18,6,Khulna Tigers,Rangpur Riders,Mohammad Naim,Mahidul Islam Ankon,Akif Javed
2539,1,18,7,Khulna Tigers,Rangpur Riders,Mahidul Islam Ankon,Mohammad Naim,Akif Javed
2539,1,19,1,Khulna Tigers,Rangpur Riders,Mohammad Naim,Mahidul Islam Ankon,Iftikhar Ahmed
2539,1,19,2,Khulna Tigers,Rangpur Riders,Mohammad Naim,Mahidul Islam Ankon,Iftikhar Ahmed
2539,1,19,3,Khulna Tigers,Rangpur Riders,Mahidul Islam Ankon,Mohammad Naim,Iftikhar Ahmed
2539,1,19,4,Khulna Tigers,Rangpur Riders,Mahidul Islam Ankon,Mohammad Naim,Iftikhar Ahmed
2539,1,19,5,Khulna Tigers,Rangpur Riders,Abu Hider,Mohammad Naim,Iftikhar Ahmed
2539,1,19,6,Khulna Tigers,Rangpur Riders,Mohammad Naim,Abu Hider,Iftikhar Ahmed
2539,2,0,1,Rangpur Riders,Khulna Tigers,Towfiq Khan,Soumya Sarkar,Abu Hider
2539,2,0,2,Rangpur Riders,Khulna Tigers,Towfiq Khan,Soumya Sarkar,Abu Hider
2539,2,0,3,Rangpur Riders,Khulna Tigers,Towfiq Khan,Soumya Sarkar,Abu Hider
2539,2,0,4,Rangpur Riders,Khulna Tigers,Soumya Sarkar,Towfiq Khan,Abu Hider
2539,2,0,5,Rangpur Riders,Khulna Tigers,Towfiq Khan,Soumya Sarkar,Abu Hider
2539,2,0,6,Rangpur Riders,Khulna Tigers,Towfiq Khan,Soumya Sarkar,Abu Hider
2539,2,1,1,Rangpur Riders,Khulna Tigers,Soumya Sarkar,Towfiq Khan,Nasum Ahmed
2539,2,1,2,Rangpur Riders,Khulna Tigers,Soumya Sarkar,Towfiq Khan,Nasum Ahmed
2539,2,1,3,Rangpur Riders,Khulna Tigers,Towfiq Khan,Soumya Sarkar,Nasum Ahmed
2539,2,1,4,Rangpur Riders,Khulna Tigers,Towfiq Khan,Soumya Sarkar,Nasum Ahmed
2539,2,1,5,Rangpur Riders,Khulna Tigers,Towfiq Khan,Soumya Sarkar,Nasum Ahmed
2539,2,1,6,Rangpur Riders,Khulna Tigers,Saif Hassan,Soumya Sarkar,Nasum Ahmed
2539,2,2,1,Rangpur Riders,Khulna Tigers,Soumya Sarkar,Saif Hassan,Hasan Mahmud
2539,2,2,2,Rangpur Riders,Khulna Tigers,Soumya Sarkar,Saif Hassan,Hasan Mahmud
2539,2,2,3,Rangpur Riders,Khulna Tigers,Soumya Sarkar,Saif Hassan,Hasan Mahmud
2539,2,2,4,Rangpur Riders,Khulna Tigers,Saif Hassan,Soumya Sarkar,Hasan Mahmud
2539,2,2,5,Rangpur Riders,Khulna Tigers,Saif Hassan,Soumya Sarkar,Hasan Mahmud
2539,2,2,6,Rangpur Riders,Khulna Tigers,Saif Hassan,Soumya Sarkar,Hasan Mahmud
2539,2,3,1,Rangpur Riders,Khulna Tigers,Saif Hassan,Soumya Sarkar,Nasum Ahmed
2539,2,3,2,Rangpur Riders,Khulna Tigers,Soumya Sarkar,Saif Hassan,Nasum Ahmed
2539,2,3,3,Rangpur Riders,Khulna Tigers,Soumya Sarkar,Saif Hassan,Nasum Ahmed
2539,2,3,4,Rangpur Riders,Khulna Tigers,Soumya Sarkar,Saif Hassan,Nasum Ahmed
2539,2,3,5,Rangpur Riders,Khulna Tigers,Soumya Sarkar,Saif Hassan,Nasum Ahmed
2539,2,3,6,Rangpur Riders,Khulna Tigers,Soumya Sarkar,Saif Hassan,Nasum Ahmed
2539,2,4,1,Rangpur Riders,Khulna Tigers,Saif Hassan,Soumya Sarkar,Hasan Mahmud
2539,2,4,2,Rangpur Riders,Khulna Tigers,Soumya Sarkar,Saif Hassan,Hasan Mahmud
2539,2,4,3,Rangpur Riders,Khulna Tigers,Saif Hassan,Soumya Sarkar,Hasan Mahmud
2539,2,4,4,Rangpur Riders,Khulna Tigers,Saif Hassan,Soumya Sarkar,Hasan Mahmud
2539,2,4,5,Rangpur Riders,Khulna Tigers,Soumya Sarkar,Saif Hassan,Hasan Mahmud
2539,2,4,6,Rangpur Riders,Khulna Tigers,Saif Hassan,Soumya Sarkar,Hasan Mahmud
2539,2,5,1,Rangpur Riders,Khulna Tigers,Iftikhar Ahmed,Soumya Sarkar,Mehedi Hasan Miraz
2539,2,5,2,Rangpur Riders,Khulna Tigers,Iftikhar Ahmed,Soumya Sarkar,Mehedi Hasan Miraz
2539,2,5,3,Rangpur Riders,Khulna Tigers,Iftikhar Ahmed,Soumya Sarkar,Mehedi Hasan Miraz
2539,2,5,4,Rangpur Riders,Khulna Tigers,Iftikhar Ahmed,Soumya Sarkar,Mehedi Hasan Miraz
2539,2,5,5,Rangpur Riders,Khulna Tigers,Iftikhar Ahmed,Soumya Sarkar,Mehedi Hasan Miraz
2539,2,5,6,Rangpur Riders,Khulna Tigers,Iftikhar Ahmed,Soumya Sarkar,Mehedi Hasan Miraz
2539,2,6,1,Rangpur Riders,Khulna Tigers,Iftikhar Ahmed,Soumya Sarkar,Musfik Hasan
2539,2,6,2,Rangpur Riders,Khulna Tigers,Soumya Sarkar,Iftikhar Ahmed,Musfik Hasan
2539,2,6,3,Rangpur Riders,Khulna Tigers,Soumya Sarkar,Iftikhar Ahmed,Musfik Hasan
2539,2,6,4,Rangpur Riders,Khulna Tigers,Soumya Sarkar,Iftikhar Ahmed,Musfik Hasan
2539,2,6,5,Rangpur Riders,Khulna Tigers,Iftikhar Ahmed,Soumya Sarkar,Musfik Hasan
2539,2,6,6,Rangpur Riders,Khulna Tigers,Iftikhar Ahmed,Soumya Sarkar,Musfik Hasan
2539,2,6,7,Rangpur Riders,Khulna Tigers,Soumya Sarkar,Iftikhar Ahmed,Musfik Hasan
2539,2,7,1,Rangpur Riders,Khulna Tigers,Iftikhar Ahmed,Soumya Sarkar,Mehedi Hasan Miraz
2539,2,7,2,Rangpur Riders,Khulna Tigers,Soumya Sarkar,Iftikhar Ahmed,Mehedi Hasan Miraz
2539,2,7,3,Rangpur Riders,Khulna Tigers,Iftikhar Ahmed,Soumya Sarkar,Mehedi Hasan Miraz
2539,2,7,4,Rangpur Riders,Khulna Tigers,Soumya Sarkar,Iftikhar Ahmed,Mehedi Hasan Miraz
2539,2,7,5,Rangpur Riders,Khulna Tigers,Soumya Sarkar,Iftikhar Ahmed,Mehedi Hasan Miraz
2539,2,7,6,Rangpur Riders,Khulna Tigers,Soumya Sarkar,Iftikhar Ahmed,Mehedi Hasan Miraz
2539,2,8,1,Rangpur Riders,Khulna Tigers,Iftikhar Ahmed,Soumya Sarkar,Musfik Hasan
2539,2,8,2,Rangpur Riders,Khulna Tigers,Iftikhar Ahmed,Soumya Sarkar,Musfik Hasan
2539,2,8,3,Rangpur Riders,Khulna Tigers,Iftikhar Ahmed,Soumya Sarkar,Musfik Hasan
2539,2,8,4,Rangpur Riders,Khulna Tigers,Iftikhar Ahmed,Soumya Sarkar,Musfik Hasan
2539,2,8,5,Rangpur Riders,Khulna Tigers,Mahedi Hasan,Soumya Sarkar,Musfik Hasan
2539,2,8,6,Rangpur Riders,Khulna Tigers,Mahedi Hasan,Soumya Sarkar,Musfik Hasan
2539,2,9,1,Rangpur Riders,Khulna Tigers,Mahedi Hasan,Soumya Sarkar,Mehedi Hasan Miraz
2539,2,9,2,Rangpur Riders,Khulna Tigers,Soumya Sarkar,Mahedi Hasan,Mehedi Hasan Miraz
2539,2,9,3,Rangpur Riders,Khulna Tigers,Mahedi Hasan,Soumya Sarkar,Mehedi Hasan Miraz
2539,2,9,4,Rangpur Riders,Khulna Tigers,Soumya Sarkar,Mahedi Hasan,Mehedi Hasan Miraz
2539,2,9,5,Rangpur Riders,Khulna Tigers,Soumya Sarkar,Mahedi Hasan,Mehedi Hasan Miraz
2539,2,9,6,Rangpur Riders,Khulna Tigers,Mahedi Hasan,Soumya Sarkar,Mehedi Hasan Miraz
2539,2,10,1,Rangpur Riders,Khulna Tigers,Mahedi Hasan,Soumya Sarkar,Abu Hider
2539,2,10,2,Rangpur Riders,Khulna Tigers,Mahedi Hasan,Soumya Sarkar,Abu Hider
2539,2,10,3,Rangpur Riders,Khulna Tigers,Mahedi Hasan,Soumya Sarkar,Abu Hider
2539,2,10,4,Rangpur Riders,Khulna Tigers,Mahedi Hasan,Soumya Sarkar,Abu Hider
2539,2,10,5,Rangpur Riders,Khulna Tigers,Soumya Sarkar,Mahedi Hasan,Abu Hider
2539,2,10,6,Rangpur Riders,Khulna Tigers,Mahedi Hasan,Soumya Sarkar,Abu Hider
2539,2,11,1,Rangpur Riders,Khulna Tigers,Soumya Sarkar,Mahedi Hasan,Mehedi Hasan Miraz
2539,2,11,2,Rangpur Riders,Khulna Tigers,Soumya Sarkar,Mahedi Hasan,Mehedi Hasan Miraz
2539,2,11,3,Rangpur Riders,Khulna Tigers,Soumya Sarkar,Mahedi Hasan,Mehedi Hasan Miraz
2539,2,11,4,Rangpur Riders,Khulna Tigers,Mahedi Hasan,Soumya Sarkar,Mehedi Hasan Miraz
2539,2,11,5,Rangpur Riders,Khulna Tigers,Soumya Sarkar,Mahedi Hasan,Mehedi Hasan Miraz
2539,2,11,6,Rangpur Riders,Khulna Tigers,Soumya Sarkar,Mahedi Hasan,Mehedi Hasan Miraz
2539,2,12,1,Rangpur Riders,Khulna Tigers,Mahedi Hasan,Soumya Sarkar,Mohammad Nawaz
2539,2,12,2,Rangpur Riders,Khulna Tigers,Mahedi Hasan,Soumya Sarkar,Mohammad Nawaz
2539,2,12,3,Rangpur Riders,Khulna Tigers,Mahedi Hasan,Soumya Sarkar,Mohammad Nawaz
2539,2,12,4,Rangpur Riders,Khulna Tigers,Nurul Hasan,Soumya Sarkar,Mohammad Nawaz
2539,2,12,5,Rangpur Riders,Khulna Tigers,Nurul Hasan,Soumya Sarkar,Mohammad Nawaz
2539,2,12,6,Rangpur Riders,Khulna Tigers,Mohammad Saifuddin,Soumya Sarkar,Mohammad Nawaz
2539,2,13,1,Rangpur Riders,Khulna Tigers,Soumya Sarkar,Mohammad Saifuddin,Abu Hider
2539,2,13,2,Rangpur Riders,Khulna Tigers,Mohammad Saifuddin,Soumya Sarkar,Abu Hider
2539,2,13,3,Rangpur Riders,Khulna Tigers,Mohammad Saifuddin,Soumya Sarkar,Abu Hider
2539,2,13,4,Rangpur Riders,Khulna Tigers,Soumya Sarkar,Mohammad Saifuddin,Abu Hider
2539,2,13,5,Rangpur Riders,Khulna Tigers,Soumya Sarkar,Mohammad Saifuddin,Abu Hider
2539,2,13,6,Rangpur Riders,Khulna Tigers,Soumya Sarkar,Mohammad Saifuddin,Abu Hider
2539,2,14,1,Rangpur Riders,Khulna Tigers,Soumya Sarkar,Mohammad Saifuddin,Afif Hossain
2539,2,14,2,Rangpur Riders,Khulna Tigers,Soumya Sarkar,Mohammad Saifuddin,Afif Hossain
2539,2,14,3,Rangpur Riders,Khulna Tigers,Soumya Sarkar,Mohammad Saifuddin,Afif Hossain
2539,2,14,4,Rangpur Riders,Khulna Tigers,Mohammad Saifuddin,Soumya Sarkar,Afif Hossain
2539,2,14,5,Rangpur Riders,Khulna Tigers,Soumya Sarkar,Mohammad Saifuddin,Afif Hossain
2539,2,14,6,Rangpur Riders,Khulna Tigers,Mohammad Saifuddin,Soumya Sarkar,Afif Hossain
2539,2,14,7,Rangpur Riders,Khulna Tigers,Mohammad Saifuddin,Soumya Sarkar,Afif Hossain
2539,2,15,1,Rangpur Riders,Khulna Tigers,Soumya Sarkar,Mohammad Saifuddin,Hasan Mahmud
2539,2,15,2,Rangpur Riders,Khulna Tigers,Soumya Sarkar,Mohammad Saifuddin,Hasan Mahmud
2539,2,15,3,Rangpur Riders,Khulna Tigers,Mohammad Saifuddin,Soumya Sarkar,Hasan Mahmud
2539,2,15,4,Rangpur Riders,Khulna Tigers,Soumya Sarkar,Mohammad Saifuddin,Hasan Mahmud
2539,2,15,5,Rangpur Riders,Khulna Tigers,Mohammad Saifuddin,Soumya Sarkar,Hasan Mahmud
2539,2,15,6,Rangpur Riders,Khulna Tigers,Soumya Sarkar,Mohammad Saifuddin,Hasan Mahmud
2539,2,16,1,Rangpur Riders,Khulna Tigers,Soumya Sarkar,Mohammad Saifuddin,Musfik Hasan
2539,2,16,2,Rangpur Riders,Khulna Tigers,Soumya Sarkar,Mohammad Saifuddin,Musfik Hasan
2539,2,16,3,Rangpur Riders,Khulna Tigers,Mohammad Saifuddin,Soumya Sarkar,Musfik Hasan
2539,2,16,4,Rangpur Riders,Khulna Tigers,Mohammad Saifuddin,Soumya Sarkar,Musfik Hasan
2539,2,16,5,Rangpur Riders,Khulna Tigers,Mohammad Saifuddin,Soumya Sarkar,Musfik Hasan
2539,2,16,6,Rangpur Riders,Khulna Tigers,Azizul Hakim,Soumya Sarkar,Musfik Hasan
2539,2,16,7,Rangpur Riders,Khulna Tigers,Rakibul Hasan,Soumya Sarkar,Musfik Hasan
2539,2,17,1,Rangpur Riders,Khulna Tigers,Rakibul Hasan,Soumya Sarkar,Abu Hider
2539,2,17,2,Rangpur Riders,Khulna Tigers,Rakibul Hasan,Soumya Sarkar,Abu Hider
2539,2,17,3,Rangpur Riders,Khulna Tigers,Rakibul Hasan,Soumya Sarkar,Abu Hider
2539,2,17,4,Rangpur Riders,Khulna Tigers,Rakibul Hasan,Soumya Sarkar,Abu Hider
2539,2,17,5,Rangpur Riders,Khulna Tigers,Soumya Sarkar,Rakibul Hasan,Abu Hider
2539,2,17,6,Rangpur Riders,Khulna Tigers,Soumya Sarkar,Rakibul Hasan,Abu Hider
2539,2,17,7,Rangpur Riders,Khulna Tigers,Rakibul Hasan,Soumya Sarkar,Abu Hider
2539,2,17,8,Rangpur Riders,Khulna Tigers,Rakibul Hasan,Soumya Sarkar,Abu Hider
2539,2,18,1,Rangpur Riders,Khulna Tigers,Soumya Sarkar,Rakibul Hasan,Musfik Hasan
2539,2,18,2,Rangpur Riders,Khulna Tigers,Soumya Sarkar,Rakibul Hasan,Musfik Hasan
2539,2,18,3,Rangpur Riders,Khulna Tigers,Soumya Sarkar,Rakibul Hasan,Musfik Hasan
2539,2,18,4,Rangpur Riders,Khulna Tigers,Akif Javed,Soumya Sarkar,Musfik Hasan
2539,2,18,5,Rangpur Riders,Khulna Tigers,Akif Javed,Soumya Sarkar,Musfik Hasan
2539,2,18,6,Rangpur Riders,Khulna Tigers,Akif Javed,Soumya Sarkar,Musfik Hasan
2539,2,19,1,Rangpur Riders,Khulna Tigers,Soumya Sarkar,Akif Javed,Hasan Mahmud
2539,2,19,2,Rangpur Riders,Khulna Tigers,Soumya Sarkar,Akif Javed,Hasan Mahmud
2539,2,19,3,Rangpur Riders,Khulna Tigers,Nahid Rana,Akif Javed,Hasan Mahmud
2539,2,19,4,Rangpur Riders,Khulna Tigers,Nahid Rana,Akif Javed,Hasan Mahmud
2539,2,19,5,Rangpur Riders,Khulna Tigers,Nahid Rana,Akif Javed,Hasan Mahmud
2539,2,19,6,Rangpur Riders,Khulna Tigers,Akif Javed,Nahid Rana,Hasan Mahmud
