MATCHID,INNINGSNO,OVERNO,BALL_NO,TEAMBATTING,TEAM_BOWLING,STRIKER,NON_STRIKER,BOWLER
2512,1,0,1,Sylhet Strikers,Fortune Barishal,Rony Talukdar,RRS Cornwall,KR Mayers
2512,1,0,2,Sylhet Strikers,Fortune Barishal,Rony Talukdar,RRS Cornwall,KR Mayers
2512,1,0,3,Sylhet Strikers,Fortune Barishal,Rony Talukdar,RRS Cornwall,KR Mayers
2512,1,0,4,Sylhet Strikers,Fortune Barishal,Zakir Hasan,RRS Cornwall,KR Mayers
2512,1,0,5,Sylhet Strikers,Fortune Barishal,Zakir Hasan,RRS Cornwall,KR Mayers
2512,1,0,6,Sylhet Strikers,Fortune Barishal,Zakir Hasan,RRS Cornwall,KR Mayers
2512,1,1,1,Sylhet Strikers,Fortune Barishal,RRS Cornwall,Zakir Hasan,Shaheen Shah Afridi
2512,1,1,2,Sylhet Strikers,Fortune Barishal,RRS Cornwall,Zakir Hasan,Shaheen Shah Afridi
2512,1,1,3,Sylhet Strikers,Fortune Barishal,RRS Cornwall,Zakir Hasan,Shaheen Shah Afridi
2512,1,1,4,Sylhet Strikers,Fortune Barishal,RRS Cornwall,Zakir Hasan,Shaheen Shah Afridi
2512,1,1,5,Sylhet Strikers,Fortune Barishal,RRS Cornwall,Zakir Hasan,Shaheen Shah Afridi
2512,1,1,6,Sylhet Strikers,Fortune Barishal,RRS Cornwall,Zakir Hasan,Shaheen Shah Afridi
2512,1,2,1,Sylhet Strikers,Fortune Barishal,Zakir Hasan,RRS Cornwall,KR Mayers
2512,1,2,2,Sylhet Strikers,Fortune Barishal,Zakir Hasan,RRS Cornwall,KR Mayers
2512,1,2,3,Sylhet Strikers,Fortune Barishal,RRS Cornwall,Zakir Hasan,KR Mayers
2512,1,2,4,Sylhet Strikers,Fortune Barishal,RRS Cornwall,Zakir Hasan,KR Mayers
2512,1,2,5,Sylhet Strikers,Fortune Barishal,RRS Cornwall,Zakir Hasan,KR Mayers
2512,1,2,6,Sylhet Strikers,Fortune Barishal,RRS Cornwall,Zakir Hasan,KR Mayers
2512,1,3,1,Sylhet Strikers,Fortune Barishal,Zakir Hasan,RRS Cornwall,Tanvir Islam
2512,1,3,2,Sylhet Strikers,Fortune Barishal,Zakir Hasan,RRS Cornwall,Tanvir Islam
2512,1,3,3,Sylhet Strikers,Fortune Barishal,Zakir Hasan,RRS Cornwall,Tanvir Islam
2512,1,3,4,Sylhet Strikers,Fortune Barishal,Zakir Hasan,RRS Cornwall,Tanvir Islam
2512,1,3,5,Sylhet Strikers,Fortune Barishal,Zakir Hasan,RRS Cornwall,Tanvir Islam
2512,1,3,6,Sylhet Strikers,Fortune Barishal,Zakir Hasan,RRS Cornwall,Tanvir Islam
2512,1,4,1,Sylhet Strikers,Fortune Barishal,RRS Cornwall,Zakir Hasan,Shaheen Shah Afridi
2512,1,4,2,Sylhet Strikers,Fortune Barishal,RRS Cornwall,Zakir Hasan,Shaheen Shah Afridi
2512,1,4,3,Sylhet Strikers,Fortune Barishal,HG Munsey,Zakir Hasan,Shaheen Shah Afridi
2512,1,4,4,Sylhet Strikers,Fortune Barishal,HG Munsey,Zakir Hasan,Shaheen Shah Afridi
2512,1,4,5,Sylhet Strikers,Fortune Barishal,HG Munsey,Zakir Hasan,Shaheen Shah Afridi
2512,1,4,6,Sylhet Strikers,Fortune Barishal,HG Munsey,Zakir Hasan,Shaheen Shah Afridi
2512,1,4,7,Sylhet Strikers,Fortune Barishal,HG Munsey,Zakir Hasan,Shaheen Shah Afridi
2512,1,5,1,Sylhet Strikers,Fortune Barishal,Zakir Hasan,HG Munsey,Faheem Ashraf
2512,1,5,2,Sylhet Strikers,Fortune Barishal,HG Munsey,Zakir Hasan,Faheem Ashraf
2512,1,5,3,Sylhet Strikers,Fortune Barishal,Zakir Hasan,HG Munsey,Faheem Ashraf
2512,1,5,4,Sylhet Strikers,Fortune Barishal,HG Munsey,Zakir Hasan,Faheem Ashraf
2512,1,5,5,Sylhet Strikers,Fortune Barishal,Zakir Hasan,HG Munsey,Faheem Ashraf
2512,1,5,6,Sylhet Strikers,Fortune Barishal,Zakir Hasan,HG Munsey,Faheem Ashraf
2512,1,6,1,Sylhet Strikers,Fortune Barishal,HG Munsey,Zakir Hasan,Mahmudullah
2512,1,6,2,Sylhet Strikers,Fortune Barishal,Zakir Hasan,HG Munsey,Mahmudullah
2512,1,6,3,Sylhet Strikers,Fortune Barishal,HG Munsey,Zakir Hasan,Mahmudullah
2512,1,6,4,Sylhet Strikers,Fortune Barishal,HG Munsey,Zakir Hasan,Mahmudullah
2512,1,6,5,Sylhet Strikers,Fortune Barishal,Zakir Hasan,HG Munsey,Mahmudullah
2512,1,6,6,Sylhet Strikers,Fortune Barishal,HG Munsey,Zakir Hasan,Mahmudullah
2512,1,7,1,Sylhet Strikers,Fortune Barishal,Zakir Hasan,HG Munsey,Faheem Ashraf
2512,1,7,2,Sylhet Strikers,Fortune Barishal,HG Munsey,Zakir Hasan,Faheem Ashraf
2512,1,7,3,Sylhet Strikers,Fortune Barishal,Zakir Hasan,HG Munsey,Faheem Ashraf
2512,1,7,4,Sylhet Strikers,Fortune Barishal,HG Munsey,Zakir Hasan,Faheem Ashraf
2512,1,7,5,Sylhet Strikers,Fortune Barishal,Zakir Hasan,HG Munsey,Faheem Ashraf
2512,1,7,6,Sylhet Strikers,Fortune Barishal,Zakir Hasan,HG Munsey,Faheem Ashraf
2512,1,8,1,Sylhet Strikers,Fortune Barishal,HG Munsey,Zakir Hasan,Jahandad Khan
2512,1,8,2,Sylhet Strikers,Fortune Barishal,Aaron Jones,Zakir Hasan,Jahandad Khan
2512,1,8,3,Sylhet Strikers,Fortune Barishal,Aaron Jones,Zakir Hasan,Jahandad Khan
2512,1,8,4,Sylhet Strikers,Fortune Barishal,Jaker Ali,Zakir Hasan,Jahandad Khan
2512,1,8,5,Sylhet Strikers,Fortune Barishal,Zakir Hasan,Jaker Ali,Jahandad Khan
2512,1,8,6,Sylhet Strikers,Fortune Barishal,Zakir Hasan,Jaker Ali,Jahandad Khan
2512,1,9,1,Sylhet Strikers,Fortune Barishal,Zakir Hasan,Jaker Ali,Rishad Hossain
2512,1,9,2,Sylhet Strikers,Fortune Barishal,Zakir Hasan,Jaker Ali,Rishad Hossain
2512,1,9,3,Sylhet Strikers,Fortune Barishal,Zakir Hasan,Jaker Ali,Rishad Hossain
2512,1,9,4,Sylhet Strikers,Fortune Barishal,Ariful Haque,Jaker Ali,Rishad Hossain
2512,1,9,5,Sylhet Strikers,Fortune Barishal,Jaker Ali,Ariful Haque,Rishad Hossain
2512,1,9,6,Sylhet Strikers,Fortune Barishal,Jaker Ali,Ariful Haque,Rishad Hossain
2512,1,10,1,Sylhet Strikers,Fortune Barishal,Ariful Haque,Jaker Ali,Jahandad Khan
2512,1,10,2,Sylhet Strikers,Fortune Barishal,Jaker Ali,Ariful Haque,Jahandad Khan
2512,1,10,3,Sylhet Strikers,Fortune Barishal,Tanzim Hasan Sakib,Ariful Haque,Jahandad Khan
2512,1,10,4,Sylhet Strikers,Fortune Barishal,Ariful Haque,Tanzim Hasan Sakib,Jahandad Khan
2512,1,10,5,Sylhet Strikers,Fortune Barishal,Ariful Haque,Tanzim Hasan Sakib,Jahandad Khan
2512,1,10,6,Sylhet Strikers,Fortune Barishal,Tanzim Hasan Sakib,Ariful Haque,Jahandad Khan
2512,1,11,1,Sylhet Strikers,Fortune Barishal,Ariful Haque,Tanzim Hasan Sakib,Rishad Hossain
2512,1,11,2,Sylhet Strikers,Fortune Barishal,Ariful Haque,Tanzim Hasan Sakib,Rishad Hossain
2512,1,11,3,Sylhet Strikers,Fortune Barishal,Tanzim Hasan Sakib,Ariful Haque,Rishad Hossain
2512,1,11,4,Sylhet Strikers,Fortune Barishal,Tanzim Hasan Sakib,Ariful Haque,Rishad Hossain
2512,1,11,5,Sylhet Strikers,Fortune Barishal,Tanzim Hasan Sakib,Ariful Haque,Rishad Hossain
2512,1,11,6,Sylhet Strikers,Fortune Barishal,Ruyel Miah,Ariful Haque,Rishad Hossain
2512,1,12,1,Sylhet Strikers,Fortune Barishal,Ariful Haque,Ruyel Miah,Shaheen Shah Afridi
2512,1,12,2,Sylhet Strikers,Fortune Barishal,Ruyel Miah,Ariful Haque,Shaheen Shah Afridi
2512,1,12,3,Sylhet Strikers,Fortune Barishal,Ruyel Miah,Ariful Haque,Shaheen Shah Afridi
2512,1,12,4,Sylhet Strikers,Fortune Barishal,Ruyel Miah,Ariful Haque,Shaheen Shah Afridi
2512,1,12,5,Sylhet Strikers,Fortune Barishal,Ruyel Miah,Ariful Haque,Shaheen Shah Afridi
2512,1,12,6,Sylhet Strikers,Fortune Barishal,Ariful Haque,Ruyel Miah,Shaheen Shah Afridi
2512,1,13,1,Sylhet Strikers,Fortune Barishal,Ruyel Miah,Ariful Haque,Rishad Hossain
2512,1,13,2,Sylhet Strikers,Fortune Barishal,Ruyel Miah,Ariful Haque,Rishad Hossain
2512,1,13,3,Sylhet Strikers,Fortune Barishal,Ruyel Miah,Ariful Haque,Rishad Hossain
2512,1,13,4,Sylhet Strikers,Fortune Barishal,Ruyel Miah,Ariful Haque,Rishad Hossain
2512,1,13,5,Sylhet Strikers,Fortune Barishal,Ruyel Miah,Ariful Haque,Rishad Hossain
2512,1,13,6,Sylhet Strikers,Fortune Barishal,RJW Topley,Ariful Haque,Rishad Hossain
2512,1,14,1,Sylhet Strikers,Fortune Barishal,Ariful Haque,RJW Topley,Jahandad Khan
2512,1,14,2,Sylhet Strikers,Fortune Barishal,Ariful Haque,RJW Topley,Jahandad Khan
2512,1,14,3,Sylhet Strikers,Fortune Barishal,Ariful Haque,RJW Topley,Jahandad Khan
2512,1,14,4,Sylhet Strikers,Fortune Barishal,Ariful Haque,RJW Topley,Jahandad Khan
2512,1,14,5,Sylhet Strikers,Fortune Barishal,Ariful Haque,RJW Topley,Jahandad Khan
2512,1,14,6,Sylhet Strikers,Fortune Barishal,RJW Topley,Ariful Haque,Jahandad Khan
2512,1,15,1,Sylhet Strikers,Fortune Barishal,Ariful Haque,RJW Topley,Rishad Hossain
2512,1,15,2,Sylhet Strikers,Fortune Barishal,Ariful Haque,RJW Topley,Rishad Hossain
2512,1,15,3,Sylhet Strikers,Fortune Barishal,Ariful Haque,RJW Topley,Rishad Hossain
2512,1,15,4,Sylhet Strikers,Fortune Barishal,Ariful Haque,RJW Topley,Rishad Hossain
2512,1,15,5,Sylhet Strikers,Fortune Barishal,Ariful Haque,RJW Topley,Rishad Hossain
2512,1,15,6,Sylhet Strikers,Fortune Barishal,Ariful Haque,RJW Topley,Rishad Hossain
2512,1,16,1,Sylhet Strikers,Fortune Barishal,Ariful Haque,RJW Topley,Faheem Ashraf
2512,1,16,2,Sylhet Strikers,Fortune Barishal,Ariful Haque,RJW Topley,Faheem Ashraf
2512,1,16,3,Sylhet Strikers,Fortune Barishal,Ariful Haque,RJW Topley,Faheem Ashraf
2512,1,16,4,Sylhet Strikers,Fortune Barishal,Ariful Haque,RJW Topley,Faheem Ashraf
2512,1,16,5,Sylhet Strikers,Fortune Barishal,Ariful Haque,RJW Topley,Faheem Ashraf
2512,1,16,6,Sylhet Strikers,Fortune Barishal,RJW Topley,Ariful Haque,Faheem Ashraf
2512,1,17,1,Sylhet Strikers,Fortune Barishal,Ariful Haque,RJW Topley,Shaheen Shah Afridi
2512,1,17,2,Sylhet Strikers,Fortune Barishal,Ariful Haque,RJW Topley,Shaheen Shah Afridi
2512,1,17,3,Sylhet Strikers,Fortune Barishal,Ariful Haque,RJW Topley,Shaheen Shah Afridi
2512,1,17,4,Sylhet Strikers,Fortune Barishal,RJW Topley,Ariful Haque,Shaheen Shah Afridi
2512,1,17,5,Sylhet Strikers,Fortune Barishal,Ariful Haque,RJW Topley,Shaheen Shah Afridi
2512,1,17,6,Sylhet Strikers,Fortune Barishal,RJW Topley,Ariful Haque,Shaheen Shah Afridi
2512,1,18,1,Sylhet Strikers,Fortune Barishal,Ariful Haque,RJW Topley,Faheem Ashraf
2512,1,18,2,Sylhet Strikers,Fortune Barishal,Al-Amin Hossain,RJW Topley,Faheem Ashraf
2512,2,0,1,Fortune Barishal,Sylhet Strikers,Tamim Iqbal,Nazmul Hossain Shanto,RRS Cornwall
2512,2,0,2,Fortune Barishal,Sylhet Strikers,KR Mayers,Nazmul Hossain Shanto,RRS Cornwall
2512,2,0,3,Fortune Barishal,Sylhet Strikers,KR Mayers,Nazmul Hossain Shanto,RRS Cornwall
2512,2,0,4,Fortune Barishal,Sylhet Strikers,KR Mayers,Nazmul Hossain Shanto,RRS Cornwall
2512,2,0,5,Fortune Barishal,Sylhet Strikers,KR Mayers,Nazmul Hossain Shanto,RRS Cornwall
2512,2,0,6,Fortune Barishal,Sylhet Strikers,KR Mayers,Nazmul Hossain Shanto,RRS Cornwall
2512,2,1,1,Fortune Barishal,Sylhet Strikers,KR Mayers,Nazmul Hossain Shanto,Tanzim Hasan Sakib
2512,2,1,2,Fortune Barishal,Sylhet Strikers,KR Mayers,Nazmul Hossain Shanto,Tanzim Hasan Sakib
2512,2,1,3,Fortune Barishal,Sylhet Strikers,Nazmul Hossain Shanto,KR Mayers,Tanzim Hasan Sakib
2512,2,1,4,Fortune Barishal,Sylhet Strikers,Nazmul Hossain Shanto,KR Mayers,Tanzim Hasan Sakib
2512,2,1,5,Fortune Barishal,Sylhet Strikers,Nazmul Hossain Shanto,KR Mayers,Tanzim Hasan Sakib
2512,2,1,6,Fortune Barishal,Sylhet Strikers,Towhid Hridoy,KR Mayers,Tanzim Hasan Sakib
2512,2,2,1,Fortune Barishal,Sylhet Strikers,KR Mayers,Towhid Hridoy,RRS Cornwall
2512,2,2,2,Fortune Barishal,Sylhet Strikers,KR Mayers,Towhid Hridoy,RRS Cornwall
2512,2,2,3,Fortune Barishal,Sylhet Strikers,KR Mayers,Towhid Hridoy,RRS Cornwall
2512,2,2,4,Fortune Barishal,Sylhet Strikers,KR Mayers,Towhid Hridoy,RRS Cornwall
2512,2,2,5,Fortune Barishal,Sylhet Strikers,Towhid Hridoy,KR Mayers,RRS Cornwall
2512,2,2,6,Fortune Barishal,Sylhet Strikers,Towhid Hridoy,KR Mayers,RRS Cornwall
2512,2,3,1,Fortune Barishal,Sylhet Strikers,KR Mayers,Towhid Hridoy,Tanzim Hasan Sakib
2512,2,3,2,Fortune Barishal,Sylhet Strikers,Towhid Hridoy,KR Mayers,Tanzim Hasan Sakib
2512,2,3,3,Fortune Barishal,Sylhet Strikers,Towhid Hridoy,KR Mayers,Tanzim Hasan Sakib
2512,2,3,4,Fortune Barishal,Sylhet Strikers,Towhid Hridoy,KR Mayers,Tanzim Hasan Sakib
2512,2,3,5,Fortune Barishal,Sylhet Strikers,Towhid Hridoy,KR Mayers,Tanzim Hasan Sakib
2512,2,3,6,Fortune Barishal,Sylhet Strikers,Towhid Hridoy,KR Mayers,Tanzim Hasan Sakib
2512,2,4,1,Fortune Barishal,Sylhet Strikers,KR Mayers,Towhid Hridoy,RJW Topley
2512,2,4,2,Fortune Barishal,Sylhet Strikers,KR Mayers,Towhid Hridoy,RJW Topley
2512,2,4,3,Fortune Barishal,Sylhet Strikers,Towhid Hridoy,KR Mayers,RJW Topley
2512,2,4,4,Fortune Barishal,Sylhet Strikers,Towhid Hridoy,KR Mayers,RJW Topley
2512,2,4,5,Fortune Barishal,Sylhet Strikers,Towhid Hridoy,KR Mayers,RJW Topley
2512,2,4,6,Fortune Barishal,Sylhet Strikers,Towhid Hridoy,KR Mayers,RJW Topley
2512,2,4,7,Fortune Barishal,Sylhet Strikers,KR Mayers,Towhid Hridoy,RJW Topley
2512,2,5,1,Fortune Barishal,Sylhet Strikers,Towhid Hridoy,KR Mayers,Al-Amin Hossain
2512,2,5,2,Fortune Barishal,Sylhet Strikers,Towhid Hridoy,KR Mayers,Al-Amin Hossain
2512,2,5,3,Fortune Barishal,Sylhet Strikers,Towhid Hridoy,KR Mayers,Al-Amin Hossain
2512,2,5,4,Fortune Barishal,Sylhet Strikers,Towhid Hridoy,KR Mayers,Al-Amin Hossain
2512,2,5,5,Fortune Barishal,Sylhet Strikers,Towhid Hridoy,KR Mayers,Al-Amin Hossain
2512,2,5,6,Fortune Barishal,Sylhet Strikers,KR Mayers,Towhid Hridoy,Al-Amin Hossain
2512,2,5,7,Fortune Barishal,Sylhet Strikers,KR Mayers,Towhid Hridoy,Al-Amin Hossain
2512,2,6,1,Fortune Barishal,Sylhet Strikers,Towhid Hridoy,KR Mayers,RJW Topley
2512,2,6,2,Fortune Barishal,Sylhet Strikers,Towhid Hridoy,KR Mayers,RJW Topley
2512,2,6,3,Fortune Barishal,Sylhet Strikers,Towhid Hridoy,KR Mayers,RJW Topley
2512,2,6,4,Fortune Barishal,Sylhet Strikers,KR Mayers,Towhid Hridoy,RJW Topley
2512,2,6,5,Fortune Barishal,Sylhet Strikers,KR Mayers,Towhid Hridoy,RJW Topley
2512,2,6,6,Fortune Barishal,Sylhet Strikers,KR Mayers,Towhid Hridoy,RJW Topley
2512,2,7,1,Fortune Barishal,Sylhet Strikers,KR Mayers,Towhid Hridoy,Tanzim Hasan Sakib
2512,2,7,2,Fortune Barishal,Sylhet Strikers,KR Mayers,Towhid Hridoy,Tanzim Hasan Sakib
2512,2,7,3,Fortune Barishal,Sylhet Strikers,KR Mayers,Towhid Hridoy,Tanzim Hasan Sakib
2512,2,7,4,Fortune Barishal,Sylhet Strikers,KR Mayers,Towhid Hridoy,Tanzim Hasan Sakib
2512,2,7,5,Fortune Barishal,Sylhet Strikers,Towhid Hridoy,KR Mayers,Tanzim Hasan Sakib
2512,2,7,6,Fortune Barishal,Sylhet Strikers,KR Mayers,Towhid Hridoy,Tanzim Hasan Sakib
2512,2,7,7,Fortune Barishal,Sylhet Strikers,KR Mayers,Towhid Hridoy,Tanzim Hasan Sakib
2512,2,8,1,Fortune Barishal,Sylhet Strikers,Towhid Hridoy,KR Mayers,Al-Amin Hossain
2512,2,8,2,Fortune Barishal,Sylhet Strikers,KR Mayers,Towhid Hridoy,Al-Amin Hossain
2512,2,8,3,Fortune Barishal,Sylhet Strikers,Towhid Hridoy,KR Mayers,Al-Amin Hossain
2512,2,8,4,Fortune Barishal,Sylhet Strikers,Towhid Hridoy,KR Mayers,Al-Amin Hossain
2512,2,8,5,Fortune Barishal,Sylhet Strikers,Towhid Hridoy,KR Mayers,Al-Amin Hossain
2512,2,8,6,Fortune Barishal,Sylhet Strikers,Towhid Hridoy,KR Mayers,Al-Amin Hossain
2512,2,9,1,Fortune Barishal,Sylhet Strikers,KR Mayers,Towhid Hridoy,Ruyel Miah
2512,2,9,2,Fortune Barishal,Sylhet Strikers,KR Mayers,Towhid Hridoy,Ruyel Miah
2512,2,9,3,Fortune Barishal,Sylhet Strikers,Towhid Hridoy,KR Mayers,Ruyel Miah
2512,2,9,4,Fortune Barishal,Sylhet Strikers,KR Mayers,Towhid Hridoy,Ruyel Miah
2512,2,9,5,Fortune Barishal,Sylhet Strikers,KR Mayers,Towhid Hridoy,Ruyel Miah
2512,2,9,6,Fortune Barishal,Sylhet Strikers,KR Mayers,Towhid Hridoy,Ruyel Miah
2512,2,9,7,Fortune Barishal,Sylhet Strikers,Towhid Hridoy,KR Mayers,Ruyel Miah
2512,2,10,1,Fortune Barishal,Sylhet Strikers,KR Mayers,Towhid Hridoy,Tanzim Hasan Sakib
2512,2,10,2,Fortune Barishal,Sylhet Strikers,KR Mayers,Towhid Hridoy,Tanzim Hasan Sakib
2512,2,10,3,Fortune Barishal,Sylhet Strikers,Towhid Hridoy,KR Mayers,Tanzim Hasan Sakib
2512,2,10,4,Fortune Barishal,Sylhet Strikers,Jahandad Khan,KR Mayers,Tanzim Hasan Sakib
