MATCHID,INNINGSNO,OVERNO,BALL_NO,TEAMBATTING,TEAM_BOWLING,STRIKER,NON_STRIKER,BOWLER
2511,1,0,1,Dhaka Capital,Rangpur Riders,Habibur Rahman,JJ Roy,Akif Javed
2511,1,0,2,Dhaka Capital,Rangpur Riders,Habibur Rahman,JJ Roy,Akif Javed
2511,1,0,3,Dhaka Capital,Rangpur Riders,Habibur Rahman,JJ Roy,Akif Javed
2511,1,0,4,Dhaka Capital,Rangpur Riders,Habibur Rahman,JJ Roy,Akif Javed
2511,1,0,5,Dhaka Capital,Rangpur Riders,Habibur Rahman,JJ Roy,Akif Javed
2511,1,0,6,Dhaka Capital,Rangpur Riders,Habibur Rahman,JJ Roy,Akif Javed
2511,1,0,7,Dhaka Capital,Rangpur Riders,Habibur Rahman,JJ Roy,Akif Javed
2511,1,1,1,Dhaka Capital,Rangpur Riders,JJ Roy,Habibur Rahman,Nahid Rana
2511,1,1,2,Dhaka Capital,Rangpur Riders,JJ Roy,Habibur Rahman,Nahid Rana
2511,1,1,3,Dhaka Capital,Rangpur Riders,JJ Roy,Habibur Rahman,Nahid Rana
2511,1,1,4,Dhaka Capital,Rangpur Riders,JJ Roy,Habibur Rahman,Nahid Rana
2511,1,1,5,Dhaka Capital,Rangpur Riders,JJ Roy,Habibur Rahman,Nahid Rana
2511,1,1,6,Dhaka Capital,Rangpur Riders,Habibur Rahman,JJ Roy,Nahid Rana
2511,1,1,7,Dhaka Capital,Rangpur Riders,JJ Roy,Habibur Rahman,Nahid Rana
2511,1,1,8,Dhaka Capital,Rangpur Riders,JJ Roy,Habibur Rahman,Nahid Rana
2511,1,1,9,Dhaka Capital,Rangpur Riders,Habibur Rahman,JJ Roy,Nahid Rana
2511,1,1,10,Dhaka Capital,Rangpur Riders,Habibur Rahman,JJ Roy,Nahid Rana
2511,1,2,1,Dhaka Capital,Rangpur Riders,Habibur Rahman,JJ Roy,Mohammad Saifuddin
2511,1,2,2,Dhaka Capital,Rangpur Riders,Habibur Rahman,JJ Roy,Mohammad Saifuddin
2511,1,2,3,Dhaka Capital,Rangpur Riders,JJ Roy,Habibur Rahman,Mohammad Saifuddin
2511,1,2,4,Dhaka Capital,Rangpur Riders,Habibur Rahman,JJ Roy,Mohammad Saifuddin
2511,1,2,5,Dhaka Capital,Rangpur Riders,Habibur Rahman,JJ Roy,Mohammad Saifuddin
2511,1,2,6,Dhaka Capital,Rangpur Riders,JJ Roy,Habibur Rahman,Mohammad Saifuddin
2511,1,3,1,Dhaka Capital,Rangpur Riders,Habibur Rahman,JJ Roy,Akif Javed
2511,1,3,2,Dhaka Capital,Rangpur Riders,Tanzid Hasan,JJ Roy,Akif Javed
2511,1,3,3,Dhaka Capital,Rangpur Riders,Tanzid Hasan,JJ Roy,Akif Javed
2511,1,3,4,Dhaka Capital,Rangpur Riders,Tanzid Hasan,JJ Roy,Akif Javed
2511,1,3,5,Dhaka Capital,Rangpur Riders,Tanzid Hasan,JJ Roy,Akif Javed
2511,1,3,6,Dhaka Capital,Rangpur Riders,Tanzid Hasan,JJ Roy,Akif Javed
2511,1,4,1,Dhaka Capital,Rangpur Riders,JJ Roy,Tanzid Hasan,Mohammad Saifuddin
2511,1,4,2,Dhaka Capital,Rangpur Riders,Tanzid Hasan,JJ Roy,Mohammad Saifuddin
2511,1,4,3,Dhaka Capital,Rangpur Riders,Tanzid Hasan,JJ Roy,Mohammad Saifuddin
2511,1,4,4,Dhaka Capital,Rangpur Riders,Tanzid Hasan,JJ Roy,Mohammad Saifuddin
2511,1,4,5,Dhaka Capital,Rangpur Riders,Tanzid Hasan,JJ Roy,Mohammad Saifuddin
2511,1,4,6,Dhaka Capital,Rangpur Riders,Tanzid Hasan,JJ Roy,Mohammad Saifuddin
2511,1,4,7,Dhaka Capital,Rangpur Riders,Tanzid Hasan,JJ Roy,Mohammad Saifuddin
2511,1,5,1,Dhaka Capital,Rangpur Riders,JJ Roy,Tanzid Hasan,Mahedi Hasan
2511,1,5,2,Dhaka Capital,Rangpur Riders,JJ Roy,Tanzid Hasan,Mahedi Hasan
2511,1,5,3,Dhaka Capital,Rangpur Riders,JJ Roy,Tanzid Hasan,Mahedi Hasan
2511,1,5,4,Dhaka Capital,Rangpur Riders,Tanzid Hasan,JJ Roy,Mahedi Hasan
2511,1,5,5,Dhaka Capital,Rangpur Riders,Tanzid Hasan,JJ Roy,Mahedi Hasan
2511,1,5,6,Dhaka Capital,Rangpur Riders,JJ Roy,Tanzid Hasan,Mahedi Hasan
2511,1,6,1,Dhaka Capital,Rangpur Riders,Tanzid Hasan,Liton Das,Iftikhar Ahmed
2511,1,6,2,Dhaka Capital,Rangpur Riders,Liton Das,Tanzid Hasan,Iftikhar Ahmed
2511,1,6,3,Dhaka Capital,Rangpur Riders,Liton Das,Tanzid Hasan,Iftikhar Ahmed
2511,1,6,4,Dhaka Capital,Rangpur Riders,Tanzid Hasan,Liton Das,Iftikhar Ahmed
2511,1,6,5,Dhaka Capital,Rangpur Riders,Tanzid Hasan,Liton Das,Iftikhar Ahmed
2511,1,6,6,Dhaka Capital,Rangpur Riders,Sabbir Rahman,Liton Das,Iftikhar Ahmed
2511,1,7,1,Dhaka Capital,Rangpur Riders,Liton Das,Sabbir Rahman,Mahedi Hasan
2511,1,7,2,Dhaka Capital,Rangpur Riders,Sabbir Rahman,Liton Das,Mahedi Hasan
2511,1,7,3,Dhaka Capital,Rangpur Riders,Liton Das,Sabbir Rahman,Mahedi Hasan
2511,1,7,4,Dhaka Capital,Rangpur Riders,Sabbir Rahman,Liton Das,Mahedi Hasan
2511,1,7,5,Dhaka Capital,Rangpur Riders,Sabbir Rahman,Liton Das,Mahedi Hasan
2511,1,7,6,Dhaka Capital,Rangpur Riders,Liton Das,Sabbir Rahman,Mahedi Hasan
2511,1,8,1,Dhaka Capital,Rangpur Riders,Sabbir Rahman,Liton Das,Khushdil Shah
2511,1,8,2,Dhaka Capital,Rangpur Riders,Liton Das,Sabbir Rahman,Khushdil Shah
2511,1,8,3,Dhaka Capital,Rangpur Riders,Sabbir Rahman,Liton Das,Khushdil Shah
2511,1,8,4,Dhaka Capital,Rangpur Riders,Liton Das,Sabbir Rahman,Khushdil Shah
2511,1,8,5,Dhaka Capital,Rangpur Riders,Sabbir Rahman,Liton Das,Khushdil Shah
2511,1,8,6,Dhaka Capital,Rangpur Riders,NLTC Perera,Liton Das,Khushdil Shah
2511,1,9,1,Dhaka Capital,Rangpur Riders,Liton Das,Mosaddek Hossain,Nahid Rana
2511,1,9,2,Dhaka Capital,Rangpur Riders,Liton Das,Mosaddek Hossain,Nahid Rana
2511,1,9,3,Dhaka Capital,Rangpur Riders,Liton Das,Mosaddek Hossain,Nahid Rana
2511,1,9,4,Dhaka Capital,Rangpur Riders,Liton Das,Mosaddek Hossain,Nahid Rana
2511,1,9,5,Dhaka Capital,Rangpur Riders,Liton Das,Mosaddek Hossain,Nahid Rana
2511,1,9,6,Dhaka Capital,Rangpur Riders,Liton Das,Mosaddek Hossain,Nahid Rana
2511,1,10,1,Dhaka Capital,Rangpur Riders,Mosaddek Hossain,Alauddin Babu,Khushdil Shah
2511,1,10,2,Dhaka Capital,Rangpur Riders,Mosaddek Hossain,Alauddin Babu,Khushdil Shah
2511,1,10,3,Dhaka Capital,Rangpur Riders,Mosaddek Hossain,Alauddin Babu,Khushdil Shah
2511,1,10,4,Dhaka Capital,Rangpur Riders,Alauddin Babu,Mosaddek Hossain,Khushdil Shah
2511,1,10,5,Dhaka Capital,Rangpur Riders,Mosaddek Hossain,Alauddin Babu,Khushdil Shah
2511,1,10,6,Dhaka Capital,Rangpur Riders,Alauddin Babu,Mosaddek Hossain,Khushdil Shah
2511,1,10,7,Dhaka Capital,Rangpur Riders,Mosaddek Hossain,Alauddin Babu,Khushdil Shah
2511,1,11,1,Dhaka Capital,Rangpur Riders,Alauddin Babu,Mosaddek Hossain,Akif Javed
2511,1,11,2,Dhaka Capital,Rangpur Riders,Alauddin Babu,Mosaddek Hossain,Akif Javed
2511,1,11,3,Dhaka Capital,Rangpur Riders,Alauddin Babu,Mosaddek Hossain,Akif Javed
2511,1,11,4,Dhaka Capital,Rangpur Riders,Mosaddek Hossain,Alauddin Babu,Akif Javed
2511,1,11,5,Dhaka Capital,Rangpur Riders,Alauddin Babu,Mosaddek Hossain,Akif Javed
2511,1,11,6,Dhaka Capital,Rangpur Riders,Mosaddek Hossain,Alauddin Babu,Akif Javed
2511,1,12,1,Dhaka Capital,Rangpur Riders,Mosaddek Hossain,Alauddin Babu,Kamrul Islam Rabbi
2511,1,12,2,Dhaka Capital,Rangpur Riders,Alauddin Babu,Mosaddek Hossain,Kamrul Islam Rabbi
2511,1,12,3,Dhaka Capital,Rangpur Riders,Alauddin Babu,Mosaddek Hossain,Kamrul Islam Rabbi
2511,1,12,4,Dhaka Capital,Rangpur Riders,Mosaddek Hossain,Alauddin Babu,Kamrul Islam Rabbi
2511,1,12,5,Dhaka Capital,Rangpur Riders,Alauddin Babu,Mosaddek Hossain,Kamrul Islam Rabbi
2511,1,12,6,Dhaka Capital,Rangpur Riders,Mosaddek Hossain,Alauddin Babu,Kamrul Islam Rabbi
2511,1,13,1,Dhaka Capital,Rangpur Riders,Alauddin Babu,Amir Hamza,Nahid Rana
2511,1,13,2,Dhaka Capital,Rangpur Riders,Alauddin Babu,Amir Hamza,Nahid Rana
2511,1,13,3,Dhaka Capital,Rangpur Riders,Amir Hamza,Alauddin Babu,Nahid Rana
2511,1,13,4,Dhaka Capital,Rangpur Riders,Amir Hamza,Alauddin Babu,Nahid Rana
2511,1,13,5,Dhaka Capital,Rangpur Riders,Amir Hamza,Alauddin Babu,Nahid Rana
2511,1,13,6,Dhaka Capital,Rangpur Riders,Amir Hamza,Alauddin Babu,Nahid Rana
2511,1,14,1,Dhaka Capital,Rangpur Riders,Alauddin Babu,Mukidul Islam,Kamrul Islam Rabbi
2511,1,14,2,Dhaka Capital,Rangpur Riders,Alauddin Babu,Mukidul Islam,Kamrul Islam Rabbi
2511,1,14,3,Dhaka Capital,Rangpur Riders,Mukidul Islam,Alauddin Babu,Kamrul Islam Rabbi
2511,1,14,4,Dhaka Capital,Rangpur Riders,Mukidul Islam,Alauddin Babu,Kamrul Islam Rabbi
2511,1,14,5,Dhaka Capital,Rangpur Riders,Mukidul Islam,Alauddin Babu,Kamrul Islam Rabbi
2511,1,14,6,Dhaka Capital,Rangpur Riders,Mukidul Islam,Alauddin Babu,Kamrul Islam Rabbi
2511,1,14,7,Dhaka Capital,Rangpur Riders,Mukidul Islam,Alauddin Babu,Kamrul Islam Rabbi
2511,1,14,8,Dhaka Capital,Rangpur Riders,Mukidul Islam,Alauddin Babu,Kamrul Islam Rabbi
2511,1,15,1,Dhaka Capital,Rangpur Riders,Alauddin Babu,Mukidul Islam,Nahid Rana
2511,1,15,2,Dhaka Capital,Rangpur Riders,Alauddin Babu,Mukidul Islam,Nahid Rana
2511,1,15,3,Dhaka Capital,Rangpur Riders,Alauddin Babu,Mukidul Islam,Nahid Rana
2511,1,15,4,Dhaka Capital,Rangpur Riders,Mustafizur Rahman,Mukidul Islam,Nahid Rana
2511,1,15,5,Dhaka Capital,Rangpur Riders,Mustafizur Rahman,Mukidul Islam,Nahid Rana
2511,1,15,6,Dhaka Capital,Rangpur Riders,Mukidul Islam,Mustafizur Rahman,Nahid Rana
2511,1,15,7,Dhaka Capital,Rangpur Riders,Mukidul Islam,Mustafizur Rahman,Nahid Rana
2511,1,16,1,Dhaka Capital,Rangpur Riders,Mustafizur Rahman,Mukidul Islam,Akif Javed
2511,1,16,2,Dhaka Capital,Rangpur Riders,Mustafizur Rahman,Mukidul Islam,Akif Javed
2511,1,16,3,Dhaka Capital,Rangpur Riders,Mustafizur Rahman,Mukidul Islam,Akif Javed
2511,2,0,1,Rangpur Riders,Dhaka Capital,Azizul Hakim,AD Hales,Amir Hamza
2511,2,0,2,Rangpur Riders,Dhaka Capital,AD Hales,Azizul Hakim,Amir Hamza
2511,2,0,3,Rangpur Riders,Dhaka Capital,Azizul Hakim,AD Hales,Amir Hamza
2511,2,0,4,Rangpur Riders,Dhaka Capital,Azizul Hakim,AD Hales,Amir Hamza
2511,2,0,5,Rangpur Riders,Dhaka Capital,Azizul Hakim,AD Hales,Amir Hamza
2511,2,0,6,Rangpur Riders,Dhaka Capital,Azizul Hakim,AD Hales,Amir Hamza
2511,2,0,7,Rangpur Riders,Dhaka Capital,AD Hales,Azizul Hakim,Amir Hamza
2511,2,0,8,Rangpur Riders,Dhaka Capital,AD Hales,Azizul Hakim,Amir Hamza
2511,2,1,1,Rangpur Riders,Dhaka Capital,AD Hales,Azizul Hakim,Mustafizur Rahman
2511,2,1,2,Rangpur Riders,Dhaka Capital,Azizul Hakim,AD Hales,Mustafizur Rahman
2511,2,1,3,Rangpur Riders,Dhaka Capital,Azizul Hakim,AD Hales,Mustafizur Rahman
2511,2,1,4,Rangpur Riders,Dhaka Capital,AD Hales,Azizul Hakim,Mustafizur Rahman
2511,2,1,5,Rangpur Riders,Dhaka Capital,AD Hales,Azizul Hakim,Mustafizur Rahman
2511,2,1,6,Rangpur Riders,Dhaka Capital,Azizul Hakim,AD Hales,Mustafizur Rahman
2511,2,2,1,Rangpur Riders,Dhaka Capital,AD Hales,Azizul Hakim,Mukidul Islam
2511,2,2,2,Rangpur Riders,Dhaka Capital,AD Hales,Azizul Hakim,Mukidul Islam
2511,2,2,3,Rangpur Riders,Dhaka Capital,Azizul Hakim,AD Hales,Mukidul Islam
2511,2,2,4,Rangpur Riders,Dhaka Capital,Azizul Hakim,AD Hales,Mukidul Islam
2511,2,2,5,Rangpur Riders,Dhaka Capital,Azizul Hakim,AD Hales,Mukidul Islam
2511,2,2,6,Rangpur Riders,Dhaka Capital,AD Hales,Azizul Hakim,Mukidul Islam
2511,2,3,1,Rangpur Riders,Dhaka Capital,Azizul Hakim,AD Hales,Mustafizur Rahman
2511,2,3,2,Rangpur Riders,Dhaka Capital,Azizul Hakim,AD Hales,Mustafizur Rahman
2511,2,3,3,Rangpur Riders,Dhaka Capital,Azizul Hakim,AD Hales,Mustafizur Rahman
2511,2,3,4,Rangpur Riders,Dhaka Capital,Azizul Hakim,AD Hales,Mustafizur Rahman
2511,2,3,5,Rangpur Riders,Dhaka Capital,Saif Hassan,AD Hales,Mustafizur Rahman
2511,2,3,6,Rangpur Riders,Dhaka Capital,Saif Hassan,AD Hales,Mustafizur Rahman
2511,2,4,1,Rangpur Riders,Dhaka Capital,AD Hales,Saif Hassan,Amir Hamza
2511,2,4,2,Rangpur Riders,Dhaka Capital,AD Hales,Saif Hassan,Amir Hamza
2511,2,4,3,Rangpur Riders,Dhaka Capital,Saif Hassan,AD Hales,Amir Hamza
2511,2,4,4,Rangpur Riders,Dhaka Capital,Saif Hassan,AD Hales,Amir Hamza
2511,2,4,5,Rangpur Riders,Dhaka Capital,AD Hales,Saif Hassan,Amir Hamza
2511,2,4,6,Rangpur Riders,Dhaka Capital,AD Hales,Saif Hassan,Amir Hamza
2511,2,5,1,Rangpur Riders,Dhaka Capital,AD Hales,Saif Hassan,Alauddin Babu
2511,2,5,2,Rangpur Riders,Dhaka Capital,AD Hales,Saif Hassan,Alauddin Babu
2511,2,5,3,Rangpur Riders,Dhaka Capital,AD Hales,Saif Hassan,Alauddin Babu
2511,2,5,4,Rangpur Riders,Dhaka Capital,AD Hales,Saif Hassan,Alauddin Babu
2511,2,5,5,Rangpur Riders,Dhaka Capital,Saif Hassan,AD Hales,Alauddin Babu
2511,2,5,6,Rangpur Riders,Dhaka Capital,AD Hales,Saif Hassan,Alauddin Babu
2511,2,6,1,Rangpur Riders,Dhaka Capital,Saif Hassan,AD Hales,Mukidul Islam
2511,2,6,2,Rangpur Riders,Dhaka Capital,AD Hales,Saif Hassan,Mukidul Islam
2511,2,6,3,Rangpur Riders,Dhaka Capital,Saif Hassan,AD Hales,Mukidul Islam
2511,2,6,4,Rangpur Riders,Dhaka Capital,Saif Hassan,AD Hales,Mukidul Islam
2511,2,6,5,Rangpur Riders,Dhaka Capital,AD Hales,Saif Hassan,Mukidul Islam
2511,2,6,6,Rangpur Riders,Dhaka Capital,AD Hales,Saif Hassan,Mukidul Islam
2511,2,7,1,Rangpur Riders,Dhaka Capital,Saif Hassan,AD Hales,Amir Hamza
2511,2,7,2,Rangpur Riders,Dhaka Capital,AD Hales,Saif Hassan,Amir Hamza
2511,2,7,3,Rangpur Riders,Dhaka Capital,AD Hales,Saif Hassan,Amir Hamza
2511,2,7,4,Rangpur Riders,Dhaka Capital,AD Hales,Saif Hassan,Amir Hamza
2511,2,7,5,Rangpur Riders,Dhaka Capital,Saif Hassan,AD Hales,Amir Hamza
2511,2,7,6,Rangpur Riders,Dhaka Capital,Saif Hassan,AD Hales,Amir Hamza
2511,2,8,1,Rangpur Riders,Dhaka Capital,Saif Hassan,AD Hales,Mosaddek Hossain
2511,2,8,2,Rangpur Riders,Dhaka Capital,AD Hales,Saif Hassan,Mosaddek Hossain
2511,2,8,3,Rangpur Riders,Dhaka Capital,AD Hales,Saif Hassan,Mosaddek Hossain
2511,2,8,4,Rangpur Riders,Dhaka Capital,AD Hales,Saif Hassan,Mosaddek Hossain
2511,2,8,5,Rangpur Riders,Dhaka Capital,Iftikhar Ahmed,Saif Hassan,Mosaddek Hossain
2511,2,8,6,Rangpur Riders,Dhaka Capital,Saif Hassan,Iftikhar Ahmed,Mosaddek Hossain
2511,2,8,7,Rangpur Riders,Dhaka Capital,Saif Hassan,Iftikhar Ahmed,Mosaddek Hossain
2511,2,9,1,Rangpur Riders,Dhaka Capital,Iftikhar Ahmed,Saif Hassan,Alauddin Babu
2511,2,9,2,Rangpur Riders,Dhaka Capital,Iftikhar Ahmed,Saif Hassan,Alauddin Babu
2511,2,9,3,Rangpur Riders,Dhaka Capital,Iftikhar Ahmed,Saif Hassan,Alauddin Babu
2511,2,9,4,Rangpur Riders,Dhaka Capital,Saif Hassan,Iftikhar Ahmed,Alauddin Babu
2511,2,9,5,Rangpur Riders,Dhaka Capital,Saif Hassan,Iftikhar Ahmed,Alauddin Babu
2511,2,9,6,Rangpur Riders,Dhaka Capital,Khushdil Shah,Iftikhar Ahmed,Alauddin Babu
2511,2,9,7,Rangpur Riders,Dhaka Capital,Khushdil Shah,Iftikhar Ahmed,Alauddin Babu
2511,2,9,8,Rangpur Riders,Dhaka Capital,Khushdil Shah,Iftikhar Ahmed,Alauddin Babu
2511,2,9,9,Rangpur Riders,Dhaka Capital,Khushdil Shah,Iftikhar Ahmed,Alauddin Babu
2511,2,10,1,Rangpur Riders,Dhaka Capital,Khushdil Shah,Iftikhar Ahmed,Mustafizur Rahman
2511,2,10,2,Rangpur Riders,Dhaka Capital,Khushdil Shah,Iftikhar Ahmed,Mustafizur Rahman
2511,2,10,3,Rangpur Riders,Dhaka Capital,Khushdil Shah,Iftikhar Ahmed,Mustafizur Rahman
2511,2,10,4,Rangpur Riders,Dhaka Capital,Iftikhar Ahmed,Khushdil Shah,Mustafizur Rahman
2511,2,10,5,Rangpur Riders,Dhaka Capital,Iftikhar Ahmed,Khushdil Shah,Mustafizur Rahman
2511,2,10,6,Rangpur Riders,Dhaka Capital,Iftikhar Ahmed,Khushdil Shah,Mustafizur Rahman
2511,2,11,1,Rangpur Riders,Dhaka Capital,Khushdil Shah,Iftikhar Ahmed,Mukidul Islam
2511,2,11,2,Rangpur Riders,Dhaka Capital,Khushdil Shah,Iftikhar Ahmed,Mukidul Islam
2511,2,11,3,Rangpur Riders,Dhaka Capital,Khushdil Shah,Iftikhar Ahmed,Mukidul Islam
2511,2,11,4,Rangpur Riders,Dhaka Capital,Iftikhar Ahmed,Khushdil Shah,Mukidul Islam
2511,2,11,5,Rangpur Riders,Dhaka Capital,Khushdil Shah,Iftikhar Ahmed,Mukidul Islam
2511,2,11,6,Rangpur Riders,Dhaka Capital,Iftikhar Ahmed,Khushdil Shah,Mukidul Islam
2511,2,12,1,Rangpur Riders,Dhaka Capital,Iftikhar Ahmed,Khushdil Shah,Mustafizur Rahman
2511,2,12,2,Rangpur Riders,Dhaka Capital,Khushdil Shah,Iftikhar Ahmed,Mustafizur Rahman
2511,2,12,3,Rangpur Riders,Dhaka Capital,Khushdil Shah,Iftikhar Ahmed,Mustafizur Rahman
2511,2,12,4,Rangpur Riders,Dhaka Capital,Iftikhar Ahmed,Khushdil Shah,Mustafizur Rahman
2511,2,12,5,Rangpur Riders,Dhaka Capital,Khushdil Shah,Iftikhar Ahmed,Mustafizur Rahman
2511,2,12,6,Rangpur Riders,Dhaka Capital,Khushdil Shah,Iftikhar Ahmed,Mustafizur Rahman
2511,2,13,1,Rangpur Riders,Dhaka Capital,Iftikhar Ahmed,Khushdil Shah,Mukidul Islam
2511,2,13,2,Rangpur Riders,Dhaka Capital,Khushdil Shah,Iftikhar Ahmed,Mukidul Islam
