MATCHID,INNINGSNO,OVERNO,BALL_NO,TEAMBATTING,TEAM_BOWLING,STRIKER,NON_STRIKER,BOWLER
2508,1,0,1,Khulna Tigers,Dhaka Capital,Mohammad Naim,WG Bosisto,Abu Jayed
2508,1,0,2,Khulna Tigers,Dhaka Capital,Mohammad Naim,WG Bosisto,Abu Jayed
2508,1,0,3,Khulna Tigers,Dhaka Capital,Mohammad Naim,WG Bosisto,Abu Jayed
2508,1,0,4,Khulna Tigers,Dhaka Capital,Mohammad Naim,WG Bosisto,Abu Jayed
2508,1,0,5,Khulna Tigers,Dhaka Capital,WG Bosisto,Mohammad Naim,Abu Jayed
2508,1,0,6,Khulna Tigers,Dhaka Capital,WG Bosisto,Mohammad Naim,Abu Jayed
2508,1,0,7,Khulna Tigers,Dhaka Capital,WG Bosisto,Mohammad Naim,Abu Jayed
2508,1,0,8,Khulna Tigers,Dhaka Capital,WG Bosisto,Mohammad Naim,Abu Jayed
2508,1,1,1,Khulna Tigers,Dhaka Capital,Mohammad Naim,WG Bosisto,Mustafizur Rahman
2508,1,1,2,Khulna Tigers,Dhaka Capital,Mohammad Naim,WG Bosisto,Mustafizur Rahman
2508,1,1,3,Khulna Tigers,Dhaka Capital,Mohammad Naim,WG Bosisto,Mustafizur Rahman
2508,1,1,4,Khulna Tigers,Dhaka Capital,WG Bosisto,Mohammad Naim,Mustafizur Rahman
2508,1,1,5,Khulna Tigers,Dhaka Capital,WG Bosisto,Mohammad Naim,Mustafizur Rahman
2508,1,1,6,Khulna Tigers,Dhaka Capital,WG Bosisto,Mohammad Naim,Mustafizur Rahman
2508,1,2,1,Khulna Tigers,Dhaka Capital,Mohammad Naim,WG Bosisto,Abu Jayed
2508,1,2,2,Khulna Tigers,Dhaka Capital,Mohammad Naim,WG Bosisto,Abu Jayed
2508,1,2,3,Khulna Tigers,Dhaka Capital,Mohammad Naim,WG Bosisto,Abu Jayed
2508,1,2,4,Khulna Tigers,Dhaka Capital,Mohammad Naim,WG Bosisto,Abu Jayed
2508,1,2,5,Khulna Tigers,Dhaka Capital,Mohammad Naim,WG Bosisto,Abu Jayed
2508,1,2,6,Khulna Tigers,Dhaka Capital,Mohammad Naim,WG Bosisto,Abu Jayed
2508,1,2,7,Khulna Tigers,Dhaka Capital,Mohammad Naim,WG Bosisto,Abu Jayed
2508,1,2,8,Khulna Tigers,Dhaka Capital,Mohammad Naim,WG Bosisto,Abu Jayed
2508,1,3,1,Khulna Tigers,Dhaka Capital,WG Bosisto,Mohammad Naim,Nazmul Islam
2508,1,3,2,Khulna Tigers,Dhaka Capital,WG Bosisto,Mohammad Naim,Nazmul Islam
2508,1,3,3,Khulna Tigers,Dhaka Capital,WG Bosisto,Mohammad Naim,Nazmul Islam
2508,1,3,4,Khulna Tigers,Dhaka Capital,WG Bosisto,Mohammad Naim,Nazmul Islam
2508,1,3,5,Khulna Tigers,Dhaka Capital,WG Bosisto,Mohammad Naim,Nazmul Islam
2508,1,3,6,Khulna Tigers,Dhaka Capital,WG Bosisto,Mohammad Naim,Nazmul Islam
2508,1,3,7,Khulna Tigers,Dhaka Capital,WG Bosisto,Mohammad Naim,Nazmul Islam
2508,1,4,1,Khulna Tigers,Dhaka Capital,Mohammad Naim,WG Bosisto,PC de Silva
2508,1,4,2,Khulna Tigers,Dhaka Capital,Mohammad Naim,WG Bosisto,PC de Silva
2508,1,4,3,Khulna Tigers,Dhaka Capital,Mohammad Naim,WG Bosisto,PC de Silva
2508,1,4,4,Khulna Tigers,Dhaka Capital,Mohammad Naim,WG Bosisto,PC de Silva
2508,1,4,5,Khulna Tigers,Dhaka Capital,Mohammad Naim,WG Bosisto,PC de Silva
2508,1,4,6,Khulna Tigers,Dhaka Capital,Afif Hossain,WG Bosisto,PC de Silva
2508,1,5,1,Khulna Tigers,Dhaka Capital,Afif Hossain,WG Bosisto,Shubham Ranjane
2508,1,5,2,Khulna Tigers,Dhaka Capital,Ibrahim Zadran,WG Bosisto,Shubham Ranjane
2508,1,5,3,Khulna Tigers,Dhaka Capital,WG Bosisto,Ibrahim Zadran,Shubham Ranjane
2508,1,5,4,Khulna Tigers,Dhaka Capital,Ibrahim Zadran,WG Bosisto,Shubham Ranjane
2508,1,5,5,Khulna Tigers,Dhaka Capital,Ibrahim Zadran,WG Bosisto,Shubham Ranjane
2508,1,5,6,Khulna Tigers,Dhaka Capital,Ibrahim Zadran,WG Bosisto,Shubham Ranjane
2508,1,6,1,Khulna Tigers,Dhaka Capital,Ibrahim Zadran,WG Bosisto,Nazmul Islam
2508,1,6,2,Khulna Tigers,Dhaka Capital,WG Bosisto,Ibrahim Zadran,Nazmul Islam
2508,1,6,3,Khulna Tigers,Dhaka Capital,Ibrahim Zadran,WG Bosisto,Nazmul Islam
2508,1,6,4,Khulna Tigers,Dhaka Capital,Mehedi Hasan Miraz,WG Bosisto,Nazmul Islam
2508,1,6,5,Khulna Tigers,Dhaka Capital,Mehedi Hasan Miraz,WG Bosisto,Nazmul Islam
2508,1,6,6,Khulna Tigers,Dhaka Capital,WG Bosisto,Mehedi Hasan Miraz,Nazmul Islam
2508,1,7,1,Khulna Tigers,Dhaka Capital,Mehedi Hasan Miraz,WG Bosisto,Mustafizur Rahman
2508,1,7,2,Khulna Tigers,Dhaka Capital,WG Bosisto,Mehedi Hasan Miraz,Mustafizur Rahman
2508,1,7,3,Khulna Tigers,Dhaka Capital,WG Bosisto,Mehedi Hasan Miraz,Mustafizur Rahman
2508,1,7,4,Khulna Tigers,Dhaka Capital,WG Bosisto,Mehedi Hasan Miraz,Mustafizur Rahman
2508,1,7,5,Khulna Tigers,Dhaka Capital,WG Bosisto,Mehedi Hasan Miraz,Mustafizur Rahman
2508,1,7,6,Khulna Tigers,Dhaka Capital,Mehedi Hasan Miraz,WG Bosisto,Mustafizur Rahman
2508,1,8,1,Khulna Tigers,Dhaka Capital,Mehedi Hasan Miraz,WG Bosisto,Alauddin Babu
2508,1,8,2,Khulna Tigers,Dhaka Capital,Mehedi Hasan Miraz,WG Bosisto,Alauddin Babu
2508,1,8,3,Khulna Tigers,Dhaka Capital,Mehedi Hasan Miraz,WG Bosisto,Alauddin Babu
2508,1,8,4,Khulna Tigers,Dhaka Capital,WG Bosisto,Mehedi Hasan Miraz,Alauddin Babu
2508,1,8,5,Khulna Tigers,Dhaka Capital,Mehedi Hasan Miraz,WG Bosisto,Alauddin Babu
2508,1,8,6,Khulna Tigers,Dhaka Capital,Mehedi Hasan Miraz,WG Bosisto,Alauddin Babu
2508,1,8,7,Khulna Tigers,Dhaka Capital,Mehedi Hasan Miraz,WG Bosisto,Alauddin Babu
2508,1,8,8,Khulna Tigers,Dhaka Capital,Mehedi Hasan Miraz,WG Bosisto,Alauddin Babu
2508,1,8,9,Khulna Tigers,Dhaka Capital,Mehedi Hasan Miraz,WG Bosisto,Alauddin Babu
2508,1,9,1,Khulna Tigers,Dhaka Capital,WG Bosisto,Mehedi Hasan Miraz,NLTC Perera
2508,1,9,2,Khulna Tigers,Dhaka Capital,Mehedi Hasan Miraz,WG Bosisto,NLTC Perera
2508,1,9,3,Khulna Tigers,Dhaka Capital,Mohammad Nawaz,WG Bosisto,NLTC Perera
2508,1,9,4,Khulna Tigers,Dhaka Capital,Mohammad Nawaz,WG Bosisto,NLTC Perera
2508,1,9,5,Khulna Tigers,Dhaka Capital,Mohammad Nawaz,WG Bosisto,NLTC Perera
2508,1,9,6,Khulna Tigers,Dhaka Capital,WG Bosisto,Mohammad Nawaz,NLTC Perera
2508,1,10,1,Khulna Tigers,Dhaka Capital,Mohammad Nawaz,WG Bosisto,Nazmul Islam
2508,1,10,2,Khulna Tigers,Dhaka Capital,WG Bosisto,Mohammad Nawaz,Nazmul Islam
2508,1,10,3,Khulna Tigers,Dhaka Capital,WG Bosisto,Mohammad Nawaz,Nazmul Islam
2508,1,10,4,Khulna Tigers,Dhaka Capital,Mohammad Nawaz,WG Bosisto,Nazmul Islam
2508,1,10,5,Khulna Tigers,Dhaka Capital,Mohammad Nawaz,WG Bosisto,Nazmul Islam
2508,1,10,6,Khulna Tigers,Dhaka Capital,WG Bosisto,Mohammad Nawaz,Nazmul Islam
2508,1,11,1,Khulna Tigers,Dhaka Capital,Mohammad Nawaz,WG Bosisto,Alauddin Babu
2508,1,11,2,Khulna Tigers,Dhaka Capital,Mohammad Nawaz,WG Bosisto,Alauddin Babu
2508,1,11,3,Khulna Tigers,Dhaka Capital,Mahidul Islam Ankon,WG Bosisto,Alauddin Babu
2508,1,11,4,Khulna Tigers,Dhaka Capital,Mahidul Islam Ankon,WG Bosisto,Alauddin Babu
2508,1,11,5,Khulna Tigers,Dhaka Capital,WG Bosisto,Mahidul Islam Ankon,Alauddin Babu
2508,1,11,6,Khulna Tigers,Dhaka Capital,WG Bosisto,Mahidul Islam Ankon,Alauddin Babu
2508,1,12,1,Khulna Tigers,Dhaka Capital,Mahidul Islam Ankon,WG Bosisto,PC de Silva
2508,1,12,2,Khulna Tigers,Dhaka Capital,Mahidul Islam Ankon,WG Bosisto,PC de Silva
2508,1,12,3,Khulna Tigers,Dhaka Capital,Mahidul Islam Ankon,WG Bosisto,PC de Silva
2508,1,12,4,Khulna Tigers,Dhaka Capital,WG Bosisto,Mahidul Islam Ankon,PC de Silva
2508,1,12,5,Khulna Tigers,Dhaka Capital,Ziaur Rahman,Mahidul Islam Ankon,PC de Silva
2508,1,12,6,Khulna Tigers,Dhaka Capital,Ziaur Rahman,Mahidul Islam Ankon,PC de Silva
2508,1,12,7,Khulna Tigers,Dhaka Capital,Ziaur Rahman,Mahidul Islam Ankon,PC de Silva
2508,1,12,8,Khulna Tigers,Dhaka Capital,Mahidul Islam Ankon,Ziaur Rahman,PC de Silva
2508,1,13,1,Khulna Tigers,Dhaka Capital,Mahidul Islam Ankon,Ziaur Rahman,Shubham Ranjane
2508,1,13,2,Khulna Tigers,Dhaka Capital,Ziaur Rahman,Mahidul Islam Ankon,Shubham Ranjane
2508,1,13,3,Khulna Tigers,Dhaka Capital,Mahidul Islam Ankon,Ziaur Rahman,Shubham Ranjane
2508,1,13,4,Khulna Tigers,Dhaka Capital,Ziaur Rahman,Mahidul Islam Ankon,Shubham Ranjane
2508,1,13,5,Khulna Tigers,Dhaka Capital,Mahidul Islam Ankon,Ziaur Rahman,Shubham Ranjane
2508,1,13,6,Khulna Tigers,Dhaka Capital,Ziaur Rahman,Mahidul Islam Ankon,Shubham Ranjane
2508,1,14,1,Khulna Tigers,Dhaka Capital,Mahidul Islam Ankon,Ziaur Rahman,Alauddin Babu
2508,1,14,2,Khulna Tigers,Dhaka Capital,Mahidul Islam Ankon,Ziaur Rahman,Alauddin Babu
2508,1,14,3,Khulna Tigers,Dhaka Capital,Ziaur Rahman,Mahidul Islam Ankon,Alauddin Babu
2508,1,14,4,Khulna Tigers,Dhaka Capital,Ziaur Rahman,Mahidul Islam Ankon,Alauddin Babu
2508,1,14,5,Khulna Tigers,Dhaka Capital,Mahidul Islam Ankon,Ziaur Rahman,Alauddin Babu
2508,1,14,6,Khulna Tigers,Dhaka Capital,Mahidul Islam Ankon,Ziaur Rahman,Alauddin Babu
2508,1,15,1,Khulna Tigers,Dhaka Capital,Mahidul Islam Ankon,Ziaur Rahman,Mustafizur Rahman
2508,1,15,2,Khulna Tigers,Dhaka Capital,Mahidul Islam Ankon,Ziaur Rahman,Mustafizur Rahman
2508,1,15,3,Khulna Tigers,Dhaka Capital,Ziaur Rahman,Mahidul Islam Ankon,Mustafizur Rahman
2508,1,15,4,Khulna Tigers,Dhaka Capital,Ziaur Rahman,Mahidul Islam Ankon,Mustafizur Rahman
2508,1,15,5,Khulna Tigers,Dhaka Capital,Mahidul Islam Ankon,Ziaur Rahman,Mustafizur Rahman
2508,1,15,6,Khulna Tigers,Dhaka Capital,Ziaur Rahman,Mahidul Islam Ankon,Mustafizur Rahman
2508,1,16,1,Khulna Tigers,Dhaka Capital,Mahidul Islam Ankon,Ziaur Rahman,Abu Jayed
2508,1,16,2,Khulna Tigers,Dhaka Capital,Ziaur Rahman,Mahidul Islam Ankon,Abu Jayed
2508,1,16,3,Khulna Tigers,Dhaka Capital,Ziaur Rahman,Mahidul Islam Ankon,Abu Jayed
2508,1,16,4,Khulna Tigers,Dhaka Capital,Ziaur Rahman,Mahidul Islam Ankon,Abu Jayed
2508,1,16,5,Khulna Tigers,Dhaka Capital,Mahidul Islam Ankon,Ziaur Rahman,Abu Jayed
2508,1,16,6,Khulna Tigers,Dhaka Capital,Mahidul Islam Ankon,Ziaur Rahman,Abu Jayed
2508,1,17,1,Khulna Tigers,Dhaka Capital,Ziaur Rahman,Mahidul Islam Ankon,Mustafizur Rahman
2508,1,17,2,Khulna Tigers,Dhaka Capital,Ziaur Rahman,Mahidul Islam Ankon,Mustafizur Rahman
2508,1,17,3,Khulna Tigers,Dhaka Capital,Ziaur Rahman,Mahidul Islam Ankon,Mustafizur Rahman
2508,1,17,4,Khulna Tigers,Dhaka Capital,Abu Hider,Mahidul Islam Ankon,Mustafizur Rahman
2508,1,17,5,Khulna Tigers,Dhaka Capital,Abu Hider,Mahidul Islam Ankon,Mustafizur Rahman
2508,1,17,6,Khulna Tigers,Dhaka Capital,Mahidul Islam Ankon,Abu Hider,Mustafizur Rahman
2508,1,18,1,Khulna Tigers,Dhaka Capital,Mahidul Islam Ankon,Abu Hider,Abu Jayed
2508,1,18,2,Khulna Tigers,Dhaka Capital,Mahidul Islam Ankon,Abu Hider,Abu Jayed
2508,1,18,3,Khulna Tigers,Dhaka Capital,Nasum Ahmed,Abu Hider,Abu Jayed
2508,1,18,4,Khulna Tigers,Dhaka Capital,Abu Hider,Nasum Ahmed,Abu Jayed
2508,1,18,5,Khulna Tigers,Dhaka Capital,Nasum Ahmed,Abu Hider,Abu Jayed
2508,1,18,6,Khulna Tigers,Dhaka Capital,Nasum Ahmed,Abu Hider,Abu Jayed
2508,1,19,1,Khulna Tigers,Dhaka Capital,Abu Hider,Nasum Ahmed,Shubham Ranjane
2508,1,19,2,Khulna Tigers,Dhaka Capital,Abu Hider,Nasum Ahmed,Shubham Ranjane
2508,1,19,3,Khulna Tigers,Dhaka Capital,Abu Hider,Nasum Ahmed,Shubham Ranjane
2508,1,19,4,Khulna Tigers,Dhaka Capital,Abu Hider,Nasum Ahmed,Shubham Ranjane
2508,1,19,5,Khulna Tigers,Dhaka Capital,Abu Hider,Nasum Ahmed,Shubham Ranjane
2508,1,19,6,Khulna Tigers,Dhaka Capital,Nasum Ahmed,Abu Hider,Shubham Ranjane
2508,2,0,1,Dhaka Capital,Khulna Tigers,Tanzid Hasan,Liton Das,Nasum Ahmed
2508,2,0,2,Dhaka Capital,Khulna Tigers,Tanzid Hasan,Liton Das,Nasum Ahmed
2508,2,0,3,Dhaka Capital,Khulna Tigers,Tanzid Hasan,Liton Das,Nasum Ahmed
2508,2,0,4,Dhaka Capital,Khulna Tigers,Liton Das,Tanzid Hasan,Nasum Ahmed
2508,2,0,5,Dhaka Capital,Khulna Tigers,Tanzid Hasan,Liton Das,Nasum Ahmed
2508,2,0,6,Dhaka Capital,Khulna Tigers,Tanzid Hasan,Liton Das,Nasum Ahmed
2508,2,0,7,Dhaka Capital,Khulna Tigers,Tanzid Hasan,Liton Das,Nasum Ahmed
2508,2,1,1,Dhaka Capital,Khulna Tigers,Liton Das,Tanzid Hasan,Hasan Mahmud
2508,2,1,2,Dhaka Capital,Khulna Tigers,Tanzid Hasan,Liton Das,Hasan Mahmud
2508,2,1,3,Dhaka Capital,Khulna Tigers,Tanzid Hasan,Liton Das,Hasan Mahmud
2508,2,1,4,Dhaka Capital,Khulna Tigers,Tanzid Hasan,Liton Das,Hasan Mahmud
2508,2,1,5,Dhaka Capital,Khulna Tigers,Tanzid Hasan,Liton Das,Hasan Mahmud
2508,2,1,6,Dhaka Capital,Khulna Tigers,Tanzid Hasan,Liton Das,Hasan Mahmud
2508,2,1,7,Dhaka Capital,Khulna Tigers,Tanzid Hasan,Liton Das,Hasan Mahmud
2508,2,2,1,Dhaka Capital,Khulna Tigers,Liton Das,Tanzid Hasan,Mehedi Hasan Miraz
2508,2,2,2,Dhaka Capital,Khulna Tigers,SS Eskinazi,Tanzid Hasan,Mehedi Hasan Miraz
2508,2,2,3,Dhaka Capital,Khulna Tigers,Shahadat Hossain,Tanzid Hasan,Mehedi Hasan Miraz
2508,2,2,4,Dhaka Capital,Khulna Tigers,Shahadat Hossain,Tanzid Hasan,Mehedi Hasan Miraz
2508,2,2,5,Dhaka Capital,Khulna Tigers,Shahadat Hossain,Tanzid Hasan,Mehedi Hasan Miraz
2508,2,2,6,Dhaka Capital,Khulna Tigers,Shahadat Hossain,Tanzid Hasan,Mehedi Hasan Miraz
2508,2,3,1,Dhaka Capital,Khulna Tigers,Shahadat Hossain,Tanzid Hasan,Abu Hider
2508,2,3,2,Dhaka Capital,Khulna Tigers,Tanzid Hasan,Shahadat Hossain,Abu Hider
2508,2,3,3,Dhaka Capital,Khulna Tigers,Tanzid Hasan,Shahadat Hossain,Abu Hider
2508,2,3,4,Dhaka Capital,Khulna Tigers,Tanzid Hasan,Shahadat Hossain,Abu Hider
2508,2,3,5,Dhaka Capital,Khulna Tigers,Tanzid Hasan,Shahadat Hossain,Abu Hider
2508,2,3,6,Dhaka Capital,Khulna Tigers,Tanzid Hasan,Shahadat Hossain,Abu Hider
2508,2,4,1,Dhaka Capital,Khulna Tigers,Shahadat Hossain,Shubham Ranjane,Nasum Ahmed
2508,2,4,2,Dhaka Capital,Khulna Tigers,Shahadat Hossain,Shubham Ranjane,Nasum Ahmed
2508,2,4,3,Dhaka Capital,Khulna Tigers,Shubham Ranjane,Shahadat Hossain,Nasum Ahmed
2508,2,4,4,Dhaka Capital,Khulna Tigers,Shubham Ranjane,Shahadat Hossain,Nasum Ahmed
2508,2,4,5,Dhaka Capital,Khulna Tigers,Shubham Ranjane,Shahadat Hossain,Nasum Ahmed
2508,2,4,6,Dhaka Capital,Khulna Tigers,Shubham Ranjane,Shahadat Hossain,Nasum Ahmed
2508,2,5,1,Dhaka Capital,Khulna Tigers,Shahadat Hossain,Shubham Ranjane,Abu Hider
2508,2,5,2,Dhaka Capital,Khulna Tigers,NLTC Perera,Shubham Ranjane,Abu Hider
2508,2,5,3,Dhaka Capital,Khulna Tigers,NLTC Perera,Shubham Ranjane,Abu Hider
2508,2,5,4,Dhaka Capital,Khulna Tigers,NLTC Perera,Shubham Ranjane,Abu Hider
2508,2,5,5,Dhaka Capital,Khulna Tigers,NLTC Perera,Shubham Ranjane,Abu Hider
2508,2,5,6,Dhaka Capital,Khulna Tigers,Shubham Ranjane,NLTC Perera,Abu Hider
2508,2,6,1,Dhaka Capital,Khulna Tigers,NLTC Perera,Shubham Ranjane,Mehedi Hasan Miraz
2508,2,6,2,Dhaka Capital,Khulna Tigers,NLTC Perera,Shubham Ranjane,Mehedi Hasan Miraz
2508,2,6,3,Dhaka Capital,Khulna Tigers,NLTC Perera,Shubham Ranjane,Mehedi Hasan Miraz
2508,2,6,4,Dhaka Capital,Khulna Tigers,NLTC Perera,Shubham Ranjane,Mehedi Hasan Miraz
2508,2,6,5,Dhaka Capital,Khulna Tigers,NLTC Perera,Shubham Ranjane,Mehedi Hasan Miraz
2508,2,6,6,Dhaka Capital,Khulna Tigers,NLTC Perera,Shubham Ranjane,Mehedi Hasan Miraz
2508,2,7,1,Dhaka Capital,Khulna Tigers,Shubham Ranjane,NLTC Perera,Hasan Mahmud
2508,2,7,2,Dhaka Capital,Khulna Tigers,Shubham Ranjane,NLTC Perera,Hasan Mahmud
2508,2,7,3,Dhaka Capital,Khulna Tigers,NLTC Perera,Shubham Ranjane,Hasan Mahmud
2508,2,7,4,Dhaka Capital,Khulna Tigers,Shubham Ranjane,NLTC Perera,Hasan Mahmud
2508,2,7,5,Dhaka Capital,Khulna Tigers,Shubham Ranjane,NLTC Perera,Hasan Mahmud
2508,2,7,6,Dhaka Capital,Khulna Tigers,NLTC Perera,Shubham Ranjane,Hasan Mahmud
2508,2,8,1,Dhaka Capital,Khulna Tigers,NLTC Perera,Shubham Ranjane,Mehedi Hasan Miraz
2508,2,8,2,Dhaka Capital,Khulna Tigers,NLTC Perera,Shubham Ranjane,Mehedi Hasan Miraz
2508,2,8,3,Dhaka Capital,Khulna Tigers,NLTC Perera,Shubham Ranjane,Mehedi Hasan Miraz
2508,2,8,4,Dhaka Capital,Khulna Tigers,NLTC Perera,Shubham Ranjane,Mehedi Hasan Miraz
2508,2,8,5,Dhaka Capital,Khulna Tigers,Shubham Ranjane,NLTC Perera,Mehedi Hasan Miraz
2508,2,8,6,Dhaka Capital,Khulna Tigers,Alauddin Babu,NLTC Perera,Mehedi Hasan Miraz
2508,2,9,1,Dhaka Capital,Khulna Tigers,NLTC Perera,Alauddin Babu,Ziaur Rahman
2508,2,9,2,Dhaka Capital,Khulna Tigers,Alauddin Babu,NLTC Perera,Ziaur Rahman
2508,2,9,3,Dhaka Capital,Khulna Tigers,Alauddin Babu,NLTC Perera,Ziaur Rahman
2508,2,9,4,Dhaka Capital,Khulna Tigers,PC de Silva,NLTC Perera,Ziaur Rahman
2508,2,9,5,Dhaka Capital,Khulna Tigers,PC de Silva,NLTC Perera,Ziaur Rahman
2508,2,9,6,Dhaka Capital,Khulna Tigers,NLTC Perera,PC de Silva,Ziaur Rahman
2508,2,9,7,Dhaka Capital,Khulna Tigers,NLTC Perera,PC de Silva,Ziaur Rahman
2508,2,10,1,Dhaka Capital,Khulna Tigers,NLTC Perera,PC de Silva,WG Bosisto
2508,2,10,2,Dhaka Capital,Khulna Tigers,PC de Silva,NLTC Perera,WG Bosisto
2508,2,10,3,Dhaka Capital,Khulna Tigers,NLTC Perera,PC de Silva,WG Bosisto
2508,2,10,4,Dhaka Capital,Khulna Tigers,NLTC Perera,PC de Silva,WG Bosisto
2508,2,10,5,Dhaka Capital,Khulna Tigers,NLTC Perera,PC de Silva,WG Bosisto
2508,2,10,6,Dhaka Capital,Khulna Tigers,PC de Silva,NLTC Perera,WG Bosisto
2508,2,11,1,Dhaka Capital,Khulna Tigers,PC de Silva,NLTC Perera,Ziaur Rahman
2508,2,11,2,Dhaka Capital,Khulna Tigers,PC de Silva,NLTC Perera,Ziaur Rahman
2508,2,11,3,Dhaka Capital,Khulna Tigers,NLTC Perera,PC de Silva,Ziaur Rahman
2508,2,11,4,Dhaka Capital,Khulna Tigers,NLTC Perera,PC de Silva,Ziaur Rahman
2508,2,11,5,Dhaka Capital,Khulna Tigers,NLTC Perera,PC de Silva,Ziaur Rahman
2508,2,11,6,Dhaka Capital,Khulna Tigers,NLTC Perera,PC de Silva,Ziaur Rahman
2508,2,12,1,Dhaka Capital,Khulna Tigers,NLTC Perera,PC de Silva,Mehedi Hasan Miraz
2508,2,12,2,Dhaka Capital,Khulna Tigers,NLTC Perera,PC de Silva,Mehedi Hasan Miraz
2508,2,12,3,Dhaka Capital,Khulna Tigers,PC de Silva,NLTC Perera,Mehedi Hasan Miraz
2508,2,12,4,Dhaka Capital,Khulna Tigers,NLTC Perera,PC de Silva,Mehedi Hasan Miraz
2508,2,12,5,Dhaka Capital,Khulna Tigers,NLTC Perera,PC de Silva,Mehedi Hasan Miraz
2508,2,12,6,Dhaka Capital,Khulna Tigers,PC de Silva,NLTC Perera,Mehedi Hasan Miraz
2508,2,13,1,Dhaka Capital,Khulna Tigers,PC de Silva,NLTC Perera,Hasan Mahmud
2508,2,13,2,Dhaka Capital,Khulna Tigers,PC de Silva,NLTC Perera,Hasan Mahmud
2508,2,13,3,Dhaka Capital,Khulna Tigers,PC de Silva,NLTC Perera,Hasan Mahmud
2508,2,13,4,Dhaka Capital,Khulna Tigers,PC de Silva,NLTC Perera,Hasan Mahmud
2508,2,13,5,Dhaka Capital,Khulna Tigers,NLTC Perera,PC de Silva,Hasan Mahmud
2508,2,13,6,Dhaka Capital,Khulna Tigers,NLTC Perera,PC de Silva,Hasan Mahmud
2508,2,13,7,Dhaka Capital,Khulna Tigers,PC de Silva,NLTC Perera,Hasan Mahmud
2508,2,14,1,Dhaka Capital,Khulna Tigers,NLTC Perera,PC de Silva,Abu Hider
2508,2,14,2,Dhaka Capital,Khulna Tigers,NLTC Perera,PC de Silva,Abu Hider
2508,2,14,3,Dhaka Capital,Khulna Tigers,NLTC Perera,PC de Silva,Abu Hider
2508,2,14,4,Dhaka Capital,Khulna Tigers,NLTC Perera,PC de Silva,Abu Hider
2508,2,14,5,Dhaka Capital,Khulna Tigers,NLTC Perera,PC de Silva,Abu Hider
2508,2,14,6,Dhaka Capital,Khulna Tigers,NLTC Perera,PC de Silva,Abu Hider
2508,2,15,1,Dhaka Capital,Khulna Tigers,NLTC Perera,PC de Silva,Ziaur Rahman
2508,2,15,2,Dhaka Capital,Khulna Tigers,NLTC Perera,PC de Silva,Ziaur Rahman
2508,2,15,3,Dhaka Capital,Khulna Tigers,PC de Silva,NLTC Perera,Ziaur Rahman
2508,2,15,4,Dhaka Capital,Khulna Tigers,NLTC Perera,PC de Silva,Ziaur Rahman
2508,2,15,5,Dhaka Capital,Khulna Tigers,NLTC Perera,PC de Silva,Ziaur Rahman
2508,2,15,6,Dhaka Capital,Khulna Tigers,PC de Silva,NLTC Perera,Ziaur Rahman
2508,2,15,7,Dhaka Capital,Khulna Tigers,PC de Silva,NLTC Perera,Ziaur Rahman
2508,2,16,1,Dhaka Capital,Khulna Tigers,NLTC Perera,PC de Silva,Abu Hider
2508,2,16,2,Dhaka Capital,Khulna Tigers,NLTC Perera,PC de Silva,Abu Hider
2508,2,16,3,Dhaka Capital,Khulna Tigers,PC de Silva,NLTC Perera,Abu Hider
2508,2,16,4,Dhaka Capital,Khulna Tigers,NLTC Perera,PC de Silva,Abu Hider
2508,2,16,5,Dhaka Capital,Khulna Tigers,NLTC Perera,PC de Silva,Abu Hider
2508,2,16,6,Dhaka Capital,Khulna Tigers,NLTC Perera,PC de Silva,Abu Hider
2508,2,17,1,Dhaka Capital,Khulna Tigers,PC de Silva,NLTC Perera,Ziaur Rahman
2508,2,17,2,Dhaka Capital,Khulna Tigers,NLTC Perera,PC de Silva,Ziaur Rahman
2508,2,17,3,Dhaka Capital,Khulna Tigers,PC de Silva,NLTC Perera,Ziaur Rahman
2508,2,17,4,Dhaka Capital,Khulna Tigers,PC de Silva,NLTC Perera,Ziaur Rahman
2508,2,17,5,Dhaka Capital,Khulna Tigers,NLTC Perera,PC de Silva,Ziaur Rahman
2508,2,17,6,Dhaka Capital,Khulna Tigers,NLTC Perera,PC de Silva,Ziaur Rahman
2508,2,17,7,Dhaka Capital,Khulna Tigers,NLTC Perera,PC de Silva,Ziaur Rahman
2508,2,17,8,Dhaka Capital,Khulna Tigers,NLTC Perera,PC de Silva,Ziaur Rahman
2508,2,18,1,Dhaka Capital,Khulna Tigers,NLTC Perera,PC de Silva,Hasan Mahmud
2508,2,18,2,Dhaka Capital,Khulna Tigers,NLTC Perera,PC de Silva,Hasan Mahmud
2508,2,18,3,Dhaka Capital,Khulna Tigers,NLTC Perera,PC de Silva,Hasan Mahmud
2508,2,18,4,Dhaka Capital,Khulna Tigers,NLTC Perera,PC de Silva,Hasan Mahmud
2508,2,18,5,Dhaka Capital,Khulna Tigers,NLTC Perera,PC de Silva,Hasan Mahmud
2508,2,18,6,Dhaka Capital,Khulna Tigers,NLTC Perera,PC de Silva,Hasan Mahmud
2508,2,19,1,Dhaka Capital,Khulna Tigers,NLTC Perera,PC de Silva,WG Bosisto
2508,2,19,2,Dhaka Capital,Khulna Tigers,PC de Silva,NLTC Perera,WG Bosisto
2508,2,19,3,Dhaka Capital,Khulna Tigers,NLTC Perera,PC de Silva,WG Bosisto
2508,2,19,4,Dhaka Capital,Khulna Tigers,NLTC Perera,PC de Silva,WG Bosisto
2508,2,19,5,Dhaka Capital,Khulna Tigers,NLTC Perera,PC de Silva,WG Bosisto
2508,2,19,6,Dhaka Capital,Khulna Tigers,NLTC Perera,PC de Silva,WG Bosisto
