MATCHID,INNINGSNO,OVERNO,BALL_NO,TEAMBATTING,TEAM_BOWLING,STRIKER,NON_STRIKER,BOWLER
2505,1,0,1,Dhaka Capital,Durbar Rajshahi,Liton Das,Tanzid Hasan,Jishan Alam
2505,1,0,2,Dhaka Capital,Durbar Rajshahi,Liton Das,Tanzid Hasan,Jishan Alam
2505,1,0,3,Dhaka Capital,Durbar Rajshahi,Liton Das,Tanzid Hasan,Jishan Alam
2505,1,0,4,Dhaka Capital,Durbar Rajshahi,Tanzid Hasan,Liton Das,Jishan Alam
2505,1,0,5,Dhaka Capital,Durbar Rajshahi,Tanzid Hasan,Liton Das,Jishan Alam
2505,1,0,6,Dhaka Capital,Durbar Rajshahi,Tanzid Hasan,Liton Das,Jishan Alam
2505,1,1,1,Dhaka Capital,Durbar Rajshahi,Liton Das,Tanzid Hasan,Taskin Ahmed
2505,1,1,2,Dhaka Capital,Durbar Rajshahi,Liton Das,Tanzid Hasan,Taskin Ahmed
2505,1,1,3,Dhaka Capital,Durbar Rajshahi,SS Eskinazi,Tanzid Hasan,Taskin Ahmed
2505,1,1,4,Dhaka Capital,Durbar Rajshahi,SS Eskinazi,Tanzid Hasan,Taskin Ahmed
2505,1,1,5,Dhaka Capital,Durbar Rajshahi,SS Eskinazi,Tanzid Hasan,Taskin Ahmed
2505,1,1,6,Dhaka Capital,Durbar Rajshahi,SS Eskinazi,Tanzid Hasan,Taskin Ahmed
2505,1,2,1,Dhaka Capital,Durbar Rajshahi,Tanzid Hasan,SS Eskinazi,Jishan Alam
2505,1,2,2,Dhaka Capital,Durbar Rajshahi,Tanzid Hasan,SS Eskinazi,Jishan Alam
2505,1,2,3,Dhaka Capital,Durbar Rajshahi,Tanzid Hasan,SS Eskinazi,Jishan Alam
2505,1,2,4,Dhaka Capital,Durbar Rajshahi,Tanzid Hasan,SS Eskinazi,Jishan Alam
2505,1,2,5,Dhaka Capital,Durbar Rajshahi,Tanzid Hasan,SS Eskinazi,Jishan Alam
2505,1,2,6,Dhaka Capital,Durbar Rajshahi,SS Eskinazi,Tanzid Hasan,Jishan Alam
2505,1,3,1,Dhaka Capital,Durbar Rajshahi,Tanzid Hasan,SS Eskinazi,Taskin Ahmed
2505,1,3,2,Dhaka Capital,Durbar Rajshahi,Tanzid Hasan,SS Eskinazi,Taskin Ahmed
2505,1,3,3,Dhaka Capital,Durbar Rajshahi,Shahadat Hossain,SS Eskinazi,Taskin Ahmed
2505,1,3,4,Dhaka Capital,Durbar Rajshahi,Shahadat Hossain,SS Eskinazi,Taskin Ahmed
2505,1,3,5,Dhaka Capital,Durbar Rajshahi,Shahadat Hossain,SS Eskinazi,Taskin Ahmed
2505,1,3,6,Dhaka Capital,Durbar Rajshahi,Shahadat Hossain,SS Eskinazi,Taskin Ahmed
2505,1,4,1,Dhaka Capital,Durbar Rajshahi,SS Eskinazi,Shahadat Hossain,Shafiul Islam
2505,1,4,2,Dhaka Capital,Durbar Rajshahi,SS Eskinazi,Shahadat Hossain,Shafiul Islam
2505,1,4,3,Dhaka Capital,Durbar Rajshahi,SS Eskinazi,Shahadat Hossain,Shafiul Islam
2505,1,4,4,Dhaka Capital,Durbar Rajshahi,SS Eskinazi,Shahadat Hossain,Shafiul Islam
2505,1,4,5,Dhaka Capital,Durbar Rajshahi,SS Eskinazi,Shahadat Hossain,Shafiul Islam
2505,1,4,6,Dhaka Capital,Durbar Rajshahi,SS Eskinazi,Shahadat Hossain,Shafiul Islam
2505,1,4,7,Dhaka Capital,Durbar Rajshahi,Shahadat Hossain,SS Eskinazi,Shafiul Islam
2505,1,4,8,Dhaka Capital,Durbar Rajshahi,SS Eskinazi,Shahadat Hossain,Shafiul Islam
2505,1,5,1,Dhaka Capital,Durbar Rajshahi,Shahadat Hossain,SS Eskinazi,Mohor Sheikh
2505,1,5,2,Dhaka Capital,Durbar Rajshahi,SS Eskinazi,Shahadat Hossain,Mohor Sheikh
2505,1,5,3,Dhaka Capital,Durbar Rajshahi,SS Eskinazi,Shahadat Hossain,Mohor Sheikh
2505,1,5,4,Dhaka Capital,Durbar Rajshahi,Shahadat Hossain,SS Eskinazi,Mohor Sheikh
2505,1,5,5,Dhaka Capital,Durbar Rajshahi,Shahadat Hossain,SS Eskinazi,Mohor Sheikh
2505,1,5,6,Dhaka Capital,Durbar Rajshahi,Shahadat Hossain,SS Eskinazi,Mohor Sheikh
2505,1,5,7,Dhaka Capital,Durbar Rajshahi,Shahadat Hossain,SS Eskinazi,Mohor Sheikh
2505,1,5,8,Dhaka Capital,Durbar Rajshahi,SS Eskinazi,Shahadat Hossain,Mohor Sheikh
2505,1,6,1,Dhaka Capital,Durbar Rajshahi,SS Eskinazi,Shahadat Hossain,Hasan Murad
2505,1,6,2,Dhaka Capital,Durbar Rajshahi,SS Eskinazi,Shahadat Hossain,Hasan Murad
2505,1,6,3,Dhaka Capital,Durbar Rajshahi,Shahadat Hossain,SS Eskinazi,Hasan Murad
2505,1,6,4,Dhaka Capital,Durbar Rajshahi,Shahadat Hossain,SS Eskinazi,Hasan Murad
2505,1,6,5,Dhaka Capital,Durbar Rajshahi,Shahadat Hossain,SS Eskinazi,Hasan Murad
2505,1,6,6,Dhaka Capital,Durbar Rajshahi,SS Eskinazi,Shahadat Hossain,Hasan Murad
2505,1,6,7,Dhaka Capital,Durbar Rajshahi,Shahadat Hossain,SS Eskinazi,Hasan Murad
2505,1,7,1,Dhaka Capital,Durbar Rajshahi,SS Eskinazi,Shahadat Hossain,RP Burl
2505,1,7,2,Dhaka Capital,Durbar Rajshahi,Shahadat Hossain,SS Eskinazi,RP Burl
2505,1,7,3,Dhaka Capital,Durbar Rajshahi,Shahadat Hossain,SS Eskinazi,RP Burl
2505,1,7,4,Dhaka Capital,Durbar Rajshahi,Shahadat Hossain,SS Eskinazi,RP Burl
2505,1,7,5,Dhaka Capital,Durbar Rajshahi,Shahadat Hossain,SS Eskinazi,RP Burl
2505,1,7,6,Dhaka Capital,Durbar Rajshahi,Shahadat Hossain,SS Eskinazi,RP Burl
2505,1,8,1,Dhaka Capital,Durbar Rajshahi,SS Eskinazi,Shahadat Hossain,Sabbir Hossain
2505,1,8,2,Dhaka Capital,Durbar Rajshahi,SS Eskinazi,Shahadat Hossain,Sabbir Hossain
2505,1,8,3,Dhaka Capital,Durbar Rajshahi,SS Eskinazi,Shahadat Hossain,Sabbir Hossain
2505,1,8,4,Dhaka Capital,Durbar Rajshahi,SS Eskinazi,Shahadat Hossain,Sabbir Hossain
2505,1,8,5,Dhaka Capital,Durbar Rajshahi,Shahadat Hossain,SS Eskinazi,Sabbir Hossain
2505,1,8,6,Dhaka Capital,Durbar Rajshahi,SS Eskinazi,Shahadat Hossain,Sabbir Hossain
2505,1,9,1,Dhaka Capital,Durbar Rajshahi,Shahadat Hossain,SS Eskinazi,Shafiul Islam
2505,1,9,2,Dhaka Capital,Durbar Rajshahi,Shahadat Hossain,SS Eskinazi,Shafiul Islam
2505,1,9,3,Dhaka Capital,Durbar Rajshahi,SS Eskinazi,Shahadat Hossain,Shafiul Islam
2505,1,9,4,Dhaka Capital,Durbar Rajshahi,SS Eskinazi,Shahadat Hossain,Shafiul Islam
2505,1,9,5,Dhaka Capital,Durbar Rajshahi,SS Eskinazi,Shahadat Hossain,Shafiul Islam
2505,1,9,6,Dhaka Capital,Durbar Rajshahi,Shahadat Hossain,SS Eskinazi,Shafiul Islam
2505,1,10,1,Dhaka Capital,Durbar Rajshahi,Shahadat Hossain,SS Eskinazi,Hasan Murad
2505,1,10,2,Dhaka Capital,Durbar Rajshahi,Shahadat Hossain,SS Eskinazi,Hasan Murad
2505,1,10,3,Dhaka Capital,Durbar Rajshahi,SS Eskinazi,Shahadat Hossain,Hasan Murad
2505,1,10,4,Dhaka Capital,Durbar Rajshahi,SS Eskinazi,Shahadat Hossain,Hasan Murad
2505,1,10,5,Dhaka Capital,Durbar Rajshahi,SS Eskinazi,Shahadat Hossain,Hasan Murad
2505,1,10,6,Dhaka Capital,Durbar Rajshahi,NLTC Perera,Shahadat Hossain,Hasan Murad
2505,1,11,1,Dhaka Capital,Durbar Rajshahi,Shahadat Hossain,NLTC Perera,RP Burl
2505,1,11,2,Dhaka Capital,Durbar Rajshahi,Shahadat Hossain,NLTC Perera,RP Burl
2505,1,11,3,Dhaka Capital,Durbar Rajshahi,NLTC Perera,Shahadat Hossain,RP Burl
2505,1,11,4,Dhaka Capital,Durbar Rajshahi,Shahadat Hossain,NLTC Perera,RP Burl
2505,1,11,5,Dhaka Capital,Durbar Rajshahi,Shahadat Hossain,NLTC Perera,RP Burl
2505,1,11,6,Dhaka Capital,Durbar Rajshahi,Shahadat Hossain,NLTC Perera,RP Burl
2505,1,12,1,Dhaka Capital,Durbar Rajshahi,Shahadat Hossain,NLTC Perera,Jishan Alam
2505,1,12,2,Dhaka Capital,Durbar Rajshahi,Shahadat Hossain,NLTC Perera,Jishan Alam
2505,1,12,3,Dhaka Capital,Durbar Rajshahi,Shahadat Hossain,NLTC Perera,Jishan Alam
2505,1,12,4,Dhaka Capital,Durbar Rajshahi,NLTC Perera,Shahadat Hossain,Jishan Alam
2505,1,12,5,Dhaka Capital,Durbar Rajshahi,NLTC Perera,Shahadat Hossain,Jishan Alam
2505,1,12,6,Dhaka Capital,Durbar Rajshahi,Shahadat Hossain,NLTC Perera,Jishan Alam
2505,1,13,1,Dhaka Capital,Durbar Rajshahi,Shahadat Hossain,NLTC Perera,RP Burl
2505,1,13,2,Dhaka Capital,Durbar Rajshahi,Shahadat Hossain,NLTC Perera,RP Burl
2505,1,13,3,Dhaka Capital,Durbar Rajshahi,NLTC Perera,Shahadat Hossain,RP Burl
2505,1,13,4,Dhaka Capital,Durbar Rajshahi,NLTC Perera,Shahadat Hossain,RP Burl
2505,1,13,5,Dhaka Capital,Durbar Rajshahi,NLTC Perera,Shahadat Hossain,RP Burl
2505,1,13,6,Dhaka Capital,Durbar Rajshahi,Shahadat Hossain,NLTC Perera,RP Burl
2505,1,14,1,Dhaka Capital,Durbar Rajshahi,Shahadat Hossain,NLTC Perera,Mohor Sheikh
2505,1,14,2,Dhaka Capital,Durbar Rajshahi,NLTC Perera,Shahadat Hossain,Mohor Sheikh
2505,1,14,3,Dhaka Capital,Durbar Rajshahi,NLTC Perera,Shahadat Hossain,Mohor Sheikh
2505,1,14,4,Dhaka Capital,Durbar Rajshahi,Shubham Ranjane,Shahadat Hossain,Mohor Sheikh
2505,1,14,5,Dhaka Capital,Durbar Rajshahi,Shubham Ranjane,Shahadat Hossain,Mohor Sheikh
2505,1,14,6,Dhaka Capital,Durbar Rajshahi,Shubham Ranjane,Shahadat Hossain,Mohor Sheikh
2505,1,14,7,Dhaka Capital,Durbar Rajshahi,Shahadat Hossain,Shubham Ranjane,Mohor Sheikh
2505,1,15,1,Dhaka Capital,Durbar Rajshahi,Shahadat Hossain,Shubham Ranjane,Shafiul Islam
2505,1,15,2,Dhaka Capital,Durbar Rajshahi,Shubham Ranjane,Shahadat Hossain,Shafiul Islam
2505,1,15,3,Dhaka Capital,Durbar Rajshahi,Shahadat Hossain,Shubham Ranjane,Shafiul Islam
2505,1,15,4,Dhaka Capital,Durbar Rajshahi,Shubham Ranjane,Shahadat Hossain,Shafiul Islam
2505,1,15,5,Dhaka Capital,Durbar Rajshahi,Shubham Ranjane,Shahadat Hossain,Shafiul Islam
2505,1,15,6,Dhaka Capital,Durbar Rajshahi,Shahadat Hossain,Shubham Ranjane,Shafiul Islam
2505,1,16,1,Dhaka Capital,Durbar Rajshahi,Shahadat Hossain,Shubham Ranjane,Taskin Ahmed
2505,1,16,2,Dhaka Capital,Durbar Rajshahi,PC de Silva,Shubham Ranjane,Taskin Ahmed
2505,1,16,3,Dhaka Capital,Durbar Rajshahi,Shubham Ranjane,PC de Silva,Taskin Ahmed
2505,1,16,4,Dhaka Capital,Durbar Rajshahi,PC de Silva,Shubham Ranjane,Taskin Ahmed
2505,1,16,5,Dhaka Capital,Durbar Rajshahi,PC de Silva,Shubham Ranjane,Taskin Ahmed
2505,1,16,6,Dhaka Capital,Durbar Rajshahi,Alauddin Babu,Shubham Ranjane,Taskin Ahmed
2505,1,17,1,Dhaka Capital,Durbar Rajshahi,Alauddin Babu,Shubham Ranjane,RP Burl
2505,1,17,2,Dhaka Capital,Durbar Rajshahi,Shubham Ranjane,Alauddin Babu,RP Burl
2505,1,17,3,Dhaka Capital,Durbar Rajshahi,Shubham Ranjane,Alauddin Babu,RP Burl
2505,1,17,4,Dhaka Capital,Durbar Rajshahi,Shubham Ranjane,Alauddin Babu,RP Burl
2505,1,17,5,Dhaka Capital,Durbar Rajshahi,Shubham Ranjane,Alauddin Babu,RP Burl
2505,1,17,6,Dhaka Capital,Durbar Rajshahi,Alauddin Babu,Shubham Ranjane,RP Burl
2505,1,18,1,Dhaka Capital,Durbar Rajshahi,Shubham Ranjane,Alauddin Babu,Shafiul Islam
2505,1,18,2,Dhaka Capital,Durbar Rajshahi,Alauddin Babu,Shubham Ranjane,Shafiul Islam
2505,1,18,3,Dhaka Capital,Durbar Rajshahi,Alauddin Babu,Shubham Ranjane,Shafiul Islam
2505,1,18,4,Dhaka Capital,Durbar Rajshahi,Alauddin Babu,Shubham Ranjane,Shafiul Islam
2505,1,18,5,Dhaka Capital,Durbar Rajshahi,Alauddin Babu,Shubham Ranjane,Shafiul Islam
2505,1,18,6,Dhaka Capital,Durbar Rajshahi,Shubham Ranjane,Alauddin Babu,Shafiul Islam
2505,1,19,1,Dhaka Capital,Durbar Rajshahi,Alauddin Babu,Shubham Ranjane,Taskin Ahmed
2505,1,19,2,Dhaka Capital,Durbar Rajshahi,Alauddin Babu,Shubham Ranjane,Taskin Ahmed
2505,1,19,3,Dhaka Capital,Durbar Rajshahi,Mukidul Islam,Shubham Ranjane,Taskin Ahmed
2505,1,19,4,Dhaka Capital,Durbar Rajshahi,Nazmul Islam,Shubham Ranjane,Taskin Ahmed
2505,1,19,5,Dhaka Capital,Durbar Rajshahi,Shubham Ranjane,Nazmul Islam,Taskin Ahmed
2505,1,19,6,Dhaka Capital,Durbar Rajshahi,Mustafizur Rahman,Nazmul Islam,Taskin Ahmed
2505,2,0,1,Durbar Rajshahi,Dhaka Capital,Mohammad Haris,Jishan Alam,Mustafizur Rahman
2505,2,0,2,Durbar Rajshahi,Dhaka Capital,Mohammad Haris,Jishan Alam,Mustafizur Rahman
2505,2,0,3,Durbar Rajshahi,Dhaka Capital,Mohammad Haris,Jishan Alam,Mustafizur Rahman
2505,2,0,4,Durbar Rajshahi,Dhaka Capital,Mohammad Haris,Jishan Alam,Mustafizur Rahman
2505,2,0,5,Durbar Rajshahi,Dhaka Capital,Mohammad Haris,Jishan Alam,Mustafizur Rahman
2505,2,0,6,Durbar Rajshahi,Dhaka Capital,Mohammad Haris,Jishan Alam,Mustafizur Rahman
2505,2,0,7,Durbar Rajshahi,Dhaka Capital,Anamul Haque,Jishan Alam,Mustafizur Rahman
2505,2,1,1,Durbar Rajshahi,Dhaka Capital,Anamul Haque,Jishan Alam,Mukidul Islam
2505,2,1,2,Durbar Rajshahi,Dhaka Capital,Anamul Haque,Jishan Alam,Mukidul Islam
2505,2,1,3,Durbar Rajshahi,Dhaka Capital,Anamul Haque,Jishan Alam,Mukidul Islam
2505,2,1,4,Durbar Rajshahi,Dhaka Capital,Anamul Haque,Jishan Alam,Mukidul Islam
2505,2,1,5,Durbar Rajshahi,Dhaka Capital,Anamul Haque,Jishan Alam,Mukidul Islam
2505,2,1,6,Durbar Rajshahi,Dhaka Capital,Anamul Haque,Jishan Alam,Mukidul Islam
2505,2,2,1,Durbar Rajshahi,Dhaka Capital,Jishan Alam,Anamul Haque,Mustafizur Rahman
2505,2,2,2,Durbar Rajshahi,Dhaka Capital,Jishan Alam,Anamul Haque,Mustafizur Rahman
2505,2,2,3,Durbar Rajshahi,Dhaka Capital,Jishan Alam,Anamul Haque,Mustafizur Rahman
2505,2,2,4,Durbar Rajshahi,Dhaka Capital,Jishan Alam,Anamul Haque,Mustafizur Rahman
2505,2,2,5,Durbar Rajshahi,Dhaka Capital,Jishan Alam,Anamul Haque,Mustafizur Rahman
2505,2,2,6,Durbar Rajshahi,Dhaka Capital,Jishan Alam,Anamul Haque,Mustafizur Rahman
2505,2,3,1,Durbar Rajshahi,Dhaka Capital,Anamul Haque,Jishan Alam,Mukidul Islam
2505,2,3,2,Durbar Rajshahi,Dhaka Capital,Anamul Haque,Jishan Alam,Mukidul Islam
2505,2,3,3,Durbar Rajshahi,Dhaka Capital,Anamul Haque,Jishan Alam,Mukidul Islam
2505,2,3,4,Durbar Rajshahi,Dhaka Capital,Jishan Alam,Anamul Haque,Mukidul Islam
2505,2,3,5,Durbar Rajshahi,Dhaka Capital,Jishan Alam,Anamul Haque,Mukidul Islam
2505,2,3,6,Durbar Rajshahi,Dhaka Capital,Yasir Ali Chowdhury,Anamul Haque,Mukidul Islam
2505,2,4,1,Durbar Rajshahi,Dhaka Capital,Anamul Haque,Yasir Ali Chowdhury,Alauddin Babu
2505,2,4,2,Durbar Rajshahi,Dhaka Capital,Yasir Ali Chowdhury,Anamul Haque,Alauddin Babu
2505,2,4,3,Durbar Rajshahi,Dhaka Capital,Yasir Ali Chowdhury,Anamul Haque,Alauddin Babu
2505,2,4,4,Durbar Rajshahi,Dhaka Capital,Yasir Ali Chowdhury,Anamul Haque,Alauddin Babu
2505,2,4,5,Durbar Rajshahi,Dhaka Capital,Yasir Ali Chowdhury,Anamul Haque,Alauddin Babu
2505,2,4,6,Durbar Rajshahi,Dhaka Capital,Yasir Ali Chowdhury,Anamul Haque,Alauddin Babu
2505,2,4,7,Durbar Rajshahi,Dhaka Capital,Yasir Ali Chowdhury,Anamul Haque,Alauddin Babu
2505,2,5,1,Durbar Rajshahi,Dhaka Capital,Anamul Haque,Yasir Ali Chowdhury,Shubham Ranjane
2505,2,5,2,Durbar Rajshahi,Dhaka Capital,Anamul Haque,Yasir Ali Chowdhury,Shubham Ranjane
2505,2,5,3,Durbar Rajshahi,Dhaka Capital,Anamul Haque,Yasir Ali Chowdhury,Shubham Ranjane
2505,2,5,4,Durbar Rajshahi,Dhaka Capital,Yasir Ali Chowdhury,Anamul Haque,Shubham Ranjane
2505,2,5,5,Durbar Rajshahi,Dhaka Capital,Anamul Haque,Yasir Ali Chowdhury,Shubham Ranjane
2505,2,5,6,Durbar Rajshahi,Dhaka Capital,Anamul Haque,Yasir Ali Chowdhury,Shubham Ranjane
2505,2,5,7,Durbar Rajshahi,Dhaka Capital,Anamul Haque,Yasir Ali Chowdhury,Shubham Ranjane
2505,2,5,8,Durbar Rajshahi,Dhaka Capital,Anamul Haque,Yasir Ali Chowdhury,Shubham Ranjane
2505,2,5,9,Durbar Rajshahi,Dhaka Capital,Anamul Haque,Yasir Ali Chowdhury,Shubham Ranjane
2505,2,5,10,Durbar Rajshahi,Dhaka Capital,Anamul Haque,Yasir Ali Chowdhury,Shubham Ranjane
2505,2,6,1,Durbar Rajshahi,Dhaka Capital,Yasir Ali Chowdhury,Anamul Haque,Nazmul Islam
2505,2,6,2,Durbar Rajshahi,Dhaka Capital,Anamul Haque,Yasir Ali Chowdhury,Nazmul Islam
2505,2,6,3,Durbar Rajshahi,Dhaka Capital,Anamul Haque,Yasir Ali Chowdhury,Nazmul Islam
2505,2,6,4,Durbar Rajshahi,Dhaka Capital,Anamul Haque,Yasir Ali Chowdhury,Nazmul Islam
2505,2,6,5,Durbar Rajshahi,Dhaka Capital,Yasir Ali Chowdhury,Anamul Haque,Nazmul Islam
2505,2,6,6,Durbar Rajshahi,Dhaka Capital,Yasir Ali Chowdhury,Anamul Haque,Nazmul Islam
2505,2,7,1,Durbar Rajshahi,Dhaka Capital,Yasir Ali Chowdhury,Anamul Haque,PC de Silva
2505,2,7,2,Durbar Rajshahi,Dhaka Capital,Yasir Ali Chowdhury,Anamul Haque,PC de Silva
2505,2,7,3,Durbar Rajshahi,Dhaka Capital,Yasir Ali Chowdhury,Anamul Haque,PC de Silva
2505,2,7,4,Durbar Rajshahi,Dhaka Capital,Anamul Haque,Yasir Ali Chowdhury,PC de Silva
2505,2,7,5,Durbar Rajshahi,Dhaka Capital,Yasir Ali Chowdhury,Anamul Haque,PC de Silva
2505,2,7,6,Durbar Rajshahi,Dhaka Capital,Yasir Ali Chowdhury,Anamul Haque,PC de Silva
2505,2,7,7,Durbar Rajshahi,Dhaka Capital,Yasir Ali Chowdhury,Anamul Haque,PC de Silva
2505,2,8,1,Durbar Rajshahi,Dhaka Capital,Anamul Haque,Yasir Ali Chowdhury,Nazmul Islam
2505,2,8,2,Durbar Rajshahi,Dhaka Capital,Yasir Ali Chowdhury,Anamul Haque,Nazmul Islam
2505,2,8,3,Durbar Rajshahi,Dhaka Capital,Yasir Ali Chowdhury,Anamul Haque,Nazmul Islam
2505,2,8,4,Durbar Rajshahi,Dhaka Capital,Yasir Ali Chowdhury,Anamul Haque,Nazmul Islam
2505,2,8,5,Durbar Rajshahi,Dhaka Capital,Anamul Haque,Yasir Ali Chowdhury,Nazmul Islam
2505,2,8,6,Durbar Rajshahi,Dhaka Capital,Yasir Ali Chowdhury,Anamul Haque,Nazmul Islam
2505,2,9,1,Durbar Rajshahi,Dhaka Capital,Yasir Ali Chowdhury,Anamul Haque,Alauddin Babu
2505,2,9,2,Durbar Rajshahi,Dhaka Capital,RP Burl,Anamul Haque,Alauddin Babu
2505,2,9,3,Durbar Rajshahi,Dhaka Capital,Anamul Haque,RP Burl,Alauddin Babu
2505,2,9,4,Durbar Rajshahi,Dhaka Capital,RP Burl,Anamul Haque,Alauddin Babu
2505,2,9,5,Durbar Rajshahi,Dhaka Capital,RP Burl,Anamul Haque,Alauddin Babu
2505,2,9,6,Durbar Rajshahi,Dhaka Capital,Anamul Haque,RP Burl,Alauddin Babu
2505,2,10,1,Durbar Rajshahi,Dhaka Capital,Anamul Haque,RP Burl,Shubham Ranjane
2505,2,10,2,Durbar Rajshahi,Dhaka Capital,RP Burl,Anamul Haque,Shubham Ranjane
2505,2,10,3,Durbar Rajshahi,Dhaka Capital,Anamul Haque,RP Burl,Shubham Ranjane
2505,2,10,4,Durbar Rajshahi,Dhaka Capital,Anamul Haque,RP Burl,Shubham Ranjane
2505,2,10,5,Durbar Rajshahi,Dhaka Capital,Anamul Haque,RP Burl,Shubham Ranjane
2505,2,10,6,Durbar Rajshahi,Dhaka Capital,RP Burl,Anamul Haque,Shubham Ranjane
2505,2,10,7,Durbar Rajshahi,Dhaka Capital,RP Burl,Anamul Haque,Shubham Ranjane
2505,2,10,8,Durbar Rajshahi,Dhaka Capital,Anamul Haque,RP Burl,Shubham Ranjane
2505,2,11,1,Durbar Rajshahi,Dhaka Capital,RP Burl,Anamul Haque,Alauddin Babu
2505,2,11,2,Durbar Rajshahi,Dhaka Capital,Anamul Haque,RP Burl,Alauddin Babu
2505,2,11,3,Durbar Rajshahi,Dhaka Capital,RP Burl,Anamul Haque,Alauddin Babu
2505,2,11,4,Durbar Rajshahi,Dhaka Capital,RP Burl,Anamul Haque,Alauddin Babu
2505,2,11,5,Durbar Rajshahi,Dhaka Capital,RP Burl,Anamul Haque,Alauddin Babu
2505,2,11,6,Durbar Rajshahi,Dhaka Capital,RP Burl,Anamul Haque,Alauddin Babu
2505,2,12,1,Durbar Rajshahi,Dhaka Capital,RP Burl,Anamul Haque,Nazmul Islam
2505,2,12,2,Durbar Rajshahi,Dhaka Capital,Anamul Haque,RP Burl,Nazmul Islam
2505,2,12,3,Durbar Rajshahi,Dhaka Capital,RP Burl,Anamul Haque,Nazmul Islam
2505,2,12,4,Durbar Rajshahi,Dhaka Capital,RP Burl,Anamul Haque,Nazmul Islam
2505,2,12,5,Durbar Rajshahi,Dhaka Capital,RP Burl,Anamul Haque,Nazmul Islam
2505,2,12,6,Durbar Rajshahi,Dhaka Capital,RP Burl,Anamul Haque,Nazmul Islam
2505,2,13,1,Durbar Rajshahi,Dhaka Capital,RP Burl,Anamul Haque,Mukidul Islam
2505,2,13,2,Durbar Rajshahi,Dhaka Capital,RP Burl,Anamul Haque,Mukidul Islam
2505,2,13,3,Durbar Rajshahi,Dhaka Capital,RP Burl,Anamul Haque,Mukidul Islam
2505,2,13,4,Durbar Rajshahi,Dhaka Capital,RP Burl,Anamul Haque,Mukidul Islam
2505,2,13,5,Durbar Rajshahi,Dhaka Capital,RP Burl,Anamul Haque,Mukidul Islam
2505,2,13,6,Durbar Rajshahi,Dhaka Capital,Anamul Haque,RP Burl,Mukidul Islam
2505,2,13,7,Durbar Rajshahi,Dhaka Capital,Anamul Haque,RP Burl,Mukidul Islam
2505,2,14,1,Durbar Rajshahi,Dhaka Capital,RP Burl,Anamul Haque,NLTC Perera
2505,2,14,2,Durbar Rajshahi,Dhaka Capital,Anamul Haque,RP Burl,NLTC Perera
2505,2,14,3,Durbar Rajshahi,Dhaka Capital,Anamul Haque,RP Burl,NLTC Perera
2505,2,14,4,Durbar Rajshahi,Dhaka Capital,Anamul Haque,RP Burl,NLTC Perera
2505,2,14,5,Durbar Rajshahi,Dhaka Capital,RP Burl,Anamul Haque,NLTC Perera
2505,2,14,6,Durbar Rajshahi,Dhaka Capital,Anamul Haque,RP Burl,NLTC Perera
2505,2,15,1,Durbar Rajshahi,Dhaka Capital,Anamul Haque,RP Burl,Mustafizur Rahman
2505,2,15,2,Durbar Rajshahi,Dhaka Capital,RP Burl,Anamul Haque,Mustafizur Rahman
2505,2,15,3,Durbar Rajshahi,Dhaka Capital,RP Burl,Anamul Haque,Mustafizur Rahman
2505,2,15,4,Durbar Rajshahi,Dhaka Capital,RP Burl,Anamul Haque,Mustafizur Rahman
2505,2,15,5,Durbar Rajshahi,Dhaka Capital,RP Burl,Anamul Haque,Mustafizur Rahman
2505,2,15,6,Durbar Rajshahi,Dhaka Capital,Anamul Haque,RP Burl,Mustafizur Rahman
2505,2,15,7,Durbar Rajshahi,Dhaka Capital,RP Burl,Anamul Haque,Mustafizur Rahman
2505,2,16,1,Durbar Rajshahi,Dhaka Capital,RP Burl,Anamul Haque,Alauddin Babu
2505,2,16,2,Durbar Rajshahi,Dhaka Capital,RP Burl,Anamul Haque,Alauddin Babu
2505,2,16,3,Durbar Rajshahi,Dhaka Capital,Anamul Haque,RP Burl,Alauddin Babu
2505,2,16,4,Durbar Rajshahi,Dhaka Capital,Anamul Haque,RP Burl,Alauddin Babu
2505,2,16,5,Durbar Rajshahi,Dhaka Capital,Anamul Haque,RP Burl,Alauddin Babu
2505,2,16,6,Durbar Rajshahi,Dhaka Capital,RP Burl,Anamul Haque,Alauddin Babu
2505,2,17,1,Durbar Rajshahi,Dhaka Capital,RP Burl,Anamul Haque,Mustafizur Rahman
2505,2,17,2,Durbar Rajshahi,Dhaka Capital,RP Burl,Anamul Haque,Mustafizur Rahman
2505,2,17,3,Durbar Rajshahi,Dhaka Capital,RP Burl,Anamul Haque,Mustafizur Rahman
2505,2,17,4,Durbar Rajshahi,Dhaka Capital,Anamul Haque,RP Burl,Mustafizur Rahman
2505,2,17,5,Durbar Rajshahi,Dhaka Capital,Anamul Haque,RP Burl,Mustafizur Rahman
2505,2,17,6,Durbar Rajshahi,Dhaka Capital,RP Burl,Anamul Haque,Mustafizur Rahman
2505,2,18,1,Durbar Rajshahi,Dhaka Capital,Anamul Haque,RP Burl,Mukidul Islam
