MATCHID,INNINGSNO,OVERNO,BALL_NO,TEAMBATTING,TEAMBOWLING,STRIKER,NON_STRIKER,BOWLER
2540,1,0,1,Chittagong Kings,Sylhet Strikers,Khawaja Nafay,Parvez Hossain Emon,Tanzim Hasan Sakib
2540,1,0,2,Chittagong Kings,Sylhet Strikers,Khawaja Nafay,Parvez Hossain Emon,Tanzim Hasan Sakib
2540,1,0,3,Chittagong Kings,Sylhet Strikers,Parvez Hossain Emon,Khawaja Nafay,Tanzim Hasan Sakib
2540,1,0,4,Chittagong Kings,Sylhet Strikers,Parvez Hossain Emon,Khawaja Nafay,Tanzim Hasan Sakib
2540,1,0,5,Chittagong Kings,Sylhet Strikers,Khawaja Nafay,Parvez Hossain Emon,Tanzim Hasan Sakib
2540,1,0,6,Chittagong Kings,Sylhet Strikers,Parvez Hossain Emon,Khawaja Nafay,Tanzim Hasan Sakib
2540,1,1,1,Chittagong Kings,Sylhet Strikers,Khawaja Nafay,G Clark,Ruyel Miah
2540,1,1,2,Chittagong Kings,Sylhet Strikers,G Clark,Khawaja Nafay,Ruyel Miah
2540,1,1,3,Chittagong Kings,Sylhet Strikers,G Clark,Khawaja Nafay,Ruyel Miah
2540,1,1,4,Chittagong Kings,Sylhet Strikers,Khawaja Nafay,G Clark,Ruyel Miah
2540,1,1,5,Chittagong Kings,Sylhet Strikers,Khawaja Nafay,G Clark,Ruyel Miah
2540,1,1,6,Chittagong Kings,Sylhet Strikers,Khawaja Nafay,G Clark,Ruyel Miah
2540,1,2,1,Chittagong Kings,Sylhet Strikers,G Clark,Khawaja Nafay,Tanzim Hasan Sakib
2540,1,2,2,Chittagong Kings,Sylhet Strikers,G Clark,Khawaja Nafay,Tanzim Hasan Sakib
2540,1,2,3,Chittagong Kings,Sylhet Strikers,G Clark,Khawaja Nafay,Tanzim Hasan Sakib
2540,1,2,4,Chittagong Kings,Sylhet Strikers,Mohammad Mithun,Khawaja Nafay,Tanzim Hasan Sakib
2540,1,2,5,Chittagong Kings,Sylhet Strikers,Khawaja Nafay,Mohammad Mithun,Tanzim Hasan Sakib
2540,1,2,6,Chittagong Kings,Sylhet Strikers,Khawaja Nafay,Mohammad Mithun,Tanzim Hasan Sakib
2540,1,3,1,Chittagong Kings,Sylhet Strikers,Mohammad Mithun,Khawaja Nafay,Sumon Khan
2540,1,3,2,Chittagong Kings,Sylhet Strikers,Mohammad Mithun,Khawaja Nafay,Sumon Khan
2540,1,3,3,Chittagong Kings,Sylhet Strikers,Mohammad Mithun,Khawaja Nafay,Sumon Khan
2540,1,3,4,Chittagong Kings,Sylhet Strikers,Khawaja Nafay,Mohammad Mithun,Sumon Khan
2540,1,3,5,Chittagong Kings,Sylhet Strikers,Khawaja Nafay,Mohammad Mithun,Sumon Khan
2540,1,3,6,Chittagong Kings,Sylhet Strikers,Khawaja Nafay,Mohammad Mithun,Sumon Khan
2540,1,4,1,Chittagong Kings,Sylhet Strikers,Mohammad Mithun,Khawaja Nafay,Nahidul Islam
2540,1,4,2,Chittagong Kings,Sylhet Strikers,Mohammad Mithun,Khawaja Nafay,Nahidul Islam
2540,1,4,3,Chittagong Kings,Sylhet Strikers,Khawaja Nafay,Mohammad Mithun,Nahidul Islam
2540,1,4,4,Chittagong Kings,Sylhet Strikers,Khawaja Nafay,Mohammad Mithun,Nahidul Islam
2540,1,4,5,Chittagong Kings,Sylhet Strikers,Khawaja Nafay,Mohammad Mithun,Nahidul Islam
2540,1,4,6,Chittagong Kings,Sylhet Strikers,Mohammad Mithun,Khawaja Nafay,Nahidul Islam
2540,1,5,1,Chittagong Kings,Sylhet Strikers,Khawaja Nafay,Mohammad Mithun,Sumon Khan
2540,1,5,2,Chittagong Kings,Sylhet Strikers,Mohammad Mithun,Khawaja Nafay,Sumon Khan
2540,1,5,3,Chittagong Kings,Sylhet Strikers,Khawaja Nafay,Mohammad Mithun,Sumon Khan
2540,1,5,4,Chittagong Kings,Sylhet Strikers,Mohammad Mithun,Khawaja Nafay,Sumon Khan
2540,1,5,5,Chittagong Kings,Sylhet Strikers,Mohammad Mithun,Khawaja Nafay,Sumon Khan
2540,1,5,6,Chittagong Kings,Sylhet Strikers,Khawaja Nafay,Mohammad Mithun,Sumon Khan
2540,1,6,1,Chittagong Kings,Sylhet Strikers,Khawaja Nafay,Mohammad Mithun,Nahidul Islam
2540,1,6,2,Chittagong Kings,Sylhet Strikers,Mohammad Mithun,Khawaja Nafay,Nahidul Islam
2540,1,6,3,Chittagong Kings,Sylhet Strikers,Mohammad Mithun,Khawaja Nafay,Nahidul Islam
2540,1,6,4,Chittagong Kings,Sylhet Strikers,Khawaja Nafay,Mohammad Mithun,Nahidul Islam
2540,1,6,5,Chittagong Kings,Sylhet Strikers,Khawaja Nafay,Mohammad Mithun,Nahidul Islam
2540,1,6,6,Chittagong Kings,Sylhet Strikers,Mohammad Mithun,Khawaja Nafay,Nahidul Islam
2540,1,7,1,Chittagong Kings,Sylhet Strikers,Mohammad Mithun,Khawaja Nafay,Samiullah Shenwari
2540,1,7,2,Chittagong Kings,Sylhet Strikers,Khawaja Nafay,Mohammad Mithun,Samiullah Shenwari
2540,1,7,3,Chittagong Kings,Sylhet Strikers,Khawaja Nafay,Mohammad Mithun,Samiullah Shenwari
2540,1,7,4,Chittagong Kings,Sylhet Strikers,Mohammad Mithun,Khawaja Nafay,Samiullah Shenwari
2540,1,7,5,Chittagong Kings,Sylhet Strikers,Mohammad Mithun,Khawaja Nafay,Samiullah Shenwari
2540,1,7,6,Chittagong Kings,Sylhet Strikers,Mohammad Mithun,Khawaja Nafay,Samiullah Shenwari
2540,1,8,1,Chittagong Kings,Sylhet Strikers,Khawaja Nafay,Mohammad Mithun,Ruyel Miah
2540,1,8,2,Chittagong Kings,Sylhet Strikers,Mohammad Mithun,Khawaja Nafay,Ruyel Miah
2540,1,8,3,Chittagong Kings,Sylhet Strikers,Mohammad Mithun,Khawaja Nafay,Ruyel Miah
2540,1,8,4,Chittagong Kings,Sylhet Strikers,Mohammad Mithun,Khawaja Nafay,Ruyel Miah
2540,1,8,5,Chittagong Kings,Sylhet Strikers,Khawaja Nafay,Mohammad Mithun,Ruyel Miah
2540,1,8,6,Chittagong Kings,Sylhet Strikers,Khawaja Nafay,Mohammad Mithun,Ruyel Miah
2540,1,8,7,Chittagong Kings,Sylhet Strikers,Khawaja Nafay,Mohammad Mithun,Ruyel Miah
2540,1,8,8,Chittagong Kings,Sylhet Strikers,Mohammad Mithun,Khawaja Nafay,Ruyel Miah
2540,1,8,9,Chittagong Kings,Sylhet Strikers,Mohammad Mithun,Khawaja Nafay,Ruyel Miah
2540,1,9,1,Chittagong Kings,Sylhet Strikers,Khawaja Nafay,Mohammad Mithun,Nahidul Islam
2540,1,9,2,Chittagong Kings,Sylhet Strikers,Mohammad Mithun,Khawaja Nafay,Nahidul Islam
2540,1,9,3,Chittagong Kings,Sylhet Strikers,Mohammad Mithun,Khawaja Nafay,Nahidul Islam
2540,1,9,4,Chittagong Kings,Sylhet Strikers,Mohammad Mithun,Khawaja Nafay,Nahidul Islam
2540,1,9,5,Chittagong Kings,Sylhet Strikers,Khawaja Nafay,Mohammad Mithun,Nahidul Islam
2540,1,9,6,Chittagong Kings,Sylhet Strikers,Mohammad Mithun,Khawaja Nafay,Nahidul Islam
2540,1,10,1,Chittagong Kings,Sylhet Strikers,Mohammad Mithun,Khawaja Nafay,Samiullah Shenwari
2540,1,10,2,Chittagong Kings,Sylhet Strikers,Khawaja Nafay,Mohammad Mithun,Samiullah Shenwari
2540,1,10,3,Chittagong Kings,Sylhet Strikers,Mohammad Mithun,Khawaja Nafay,Samiullah Shenwari
2540,1,10,4,Chittagong Kings,Sylhet Strikers,Khawaja Nafay,Mohammad Mithun,Samiullah Shenwari
2540,1,10,5,Chittagong Kings,Sylhet Strikers,Haider Ali,Mohammad Mithun,Samiullah Shenwari
2540,1,10,6,Chittagong Kings,Sylhet Strikers,Mohammad Mithun,Haider Ali,Samiullah Shenwari
2540,1,11,1,Chittagong Kings,Sylhet Strikers,Mohammad Mithun,Haider Ali,Nahidul Islam
2540,1,11,2,Chittagong Kings,Sylhet Strikers,Haider Ali,Mohammad Mithun,Nahidul Islam
2540,1,11,3,Chittagong Kings,Sylhet Strikers,Mohammad Mithun,Haider Ali,Nahidul Islam
2540,1,11,4,Chittagong Kings,Sylhet Strikers,Mohammad Mithun,Haider Ali,Nahidul Islam
2540,1,11,5,Chittagong Kings,Sylhet Strikers,Haider Ali,Mohammad Mithun,Nahidul Islam
2540,1,11,6,Chittagong Kings,Sylhet Strikers,Mohammad Mithun,Haider Ali,Nahidul Islam
2540,1,12,1,Chittagong Kings,Sylhet Strikers,Haider Ali,Mohammad Mithun,Samiullah Shenwari
2540,1,12,2,Chittagong Kings,Sylhet Strikers,Haider Ali,Mohammad Mithun,Samiullah Shenwari
2540,1,12,3,Chittagong Kings,Sylhet Strikers,Mohammad Mithun,Haider Ali,Samiullah Shenwari
2540,1,12,4,Chittagong Kings,Sylhet Strikers,Haider Ali,Mohammad Mithun,Samiullah Shenwari
2540,1,12,5,Chittagong Kings,Sylhet Strikers,Mohammad Mithun,Haider Ali,Samiullah Shenwari
2540,1,12,6,Chittagong Kings,Sylhet Strikers,Haider Ali,Mohammad Mithun,Samiullah Shenwari
2540,1,13,1,Chittagong Kings,Sylhet Strikers,Mohammad Mithun,Shamim Hossain,Tanzim Hasan Sakib
2540,1,13,2,Chittagong Kings,Sylhet Strikers,Shamim Hossain,Mohammad Mithun,Tanzim Hasan Sakib
2540,1,13,3,Chittagong Kings,Sylhet Strikers,Shamim Hossain,Mohammad Mithun,Tanzim Hasan Sakib
2540,1,13,4,Chittagong Kings,Sylhet Strikers,Mohammad Mithun,Shamim Hossain,Tanzim Hasan Sakib
2540,1,13,5,Chittagong Kings,Sylhet Strikers,Shamim Hossain,Mohammad Mithun,Tanzim Hasan Sakib
2540,1,13,6,Chittagong Kings,Sylhet Strikers,Mohammad Mithun,Shamim Hossain,Tanzim Hasan Sakib
2540,1,13,7,Chittagong Kings,Sylhet Strikers,Rahatul Ferdous,Shamim Hossain,Tanzim Hasan Sakib
2540,1,14,1,Chittagong Kings,Sylhet Strikers,Shamim Hossain,Rahatul Ferdous,Sumon Khan
2540,1,14,2,Chittagong Kings,Sylhet Strikers,Shamim Hossain,Rahatul Ferdous,Sumon Khan
2540,1,14,3,Chittagong Kings,Sylhet Strikers,Shamim Hossain,Rahatul Ferdous,Sumon Khan
2540,1,14,4,Chittagong Kings,Sylhet Strikers,Shamim Hossain,Rahatul Ferdous,Sumon Khan
2540,1,14,5,Chittagong Kings,Sylhet Strikers,Rahatul Ferdous,Shamim Hossain,Sumon Khan
2540,1,14,6,Chittagong Kings,Sylhet Strikers,Khaled Ahmed,Shamim Hossain,Sumon Khan
2540,1,15,1,Chittagong Kings,Sylhet Strikers,Shamim Hossain,Khaled Ahmed,Samiullah Shenwari
2540,1,15,2,Chittagong Kings,Sylhet Strikers,Khaled Ahmed,Shamim Hossain,Samiullah Shenwari
2540,1,15,3,Chittagong Kings,Sylhet Strikers,Khaled Ahmed,Shamim Hossain,Samiullah Shenwari
2540,1,15,4,Chittagong Kings,Sylhet Strikers,Khaled Ahmed,Shamim Hossain,Samiullah Shenwari
2540,1,15,5,Chittagong Kings,Sylhet Strikers,Shamim Hossain,Khaled Ahmed,Samiullah Shenwari
2540,1,15,6,Chittagong Kings,Sylhet Strikers,Shamim Hossain,Khaled Ahmed,Samiullah Shenwari
2540,1,16,1,Chittagong Kings,Sylhet Strikers,Shamim Hossain,Khaled Ahmed,Ruyel Miah
2540,1,16,2,Chittagong Kings,Sylhet Strikers,Khaled Ahmed,Shamim Hossain,Ruyel Miah
2540,1,16,3,Chittagong Kings,Sylhet Strikers,Shamim Hossain,Khaled Ahmed,Ruyel Miah
2540,1,16,4,Chittagong Kings,Sylhet Strikers,Khaled Ahmed,Shamim Hossain,Ruyel Miah
2540,1,16,5,Chittagong Kings,Sylhet Strikers,Khaled Ahmed,Shamim Hossain,Ruyel Miah
2540,1,16,6,Chittagong Kings,Sylhet Strikers,Khaled Ahmed,Shamim Hossain,Ruyel Miah
2540,1,17,1,Chittagong Kings,Sylhet Strikers,Shamim Hossain,Khaled Ahmed,Tanzim Hasan Sakib
2540,1,17,2,Chittagong Kings,Sylhet Strikers,Shamim Hossain,Khaled Ahmed,Tanzim Hasan Sakib
2540,1,17,3,Chittagong Kings,Sylhet Strikers,Khaled Ahmed,Shamim Hossain,Tanzim Hasan Sakib
2540,1,17,4,Chittagong Kings,Sylhet Strikers,Shamim Hossain,Khaled Ahmed,Tanzim Hasan Sakib
2540,1,17,5,Chittagong Kings,Sylhet Strikers,Shamim Hossain,Khaled Ahmed,Tanzim Hasan Sakib
2540,1,17,6,Chittagong Kings,Sylhet Strikers,Shamim Hossain,Khaled Ahmed,Tanzim Hasan Sakib
2540,1,17,7,Chittagong Kings,Sylhet Strikers,Shamim Hossain,Khaled Ahmed,Tanzim Hasan Sakib
2540,1,18,1,Chittagong Kings,Sylhet Strikers,Shamim Hossain,Khaled Ahmed,Sumon Khan
2540,1,18,2,Chittagong Kings,Sylhet Strikers,Shamim Hossain,Khaled Ahmed,Sumon Khan
2540,1,18,3,Chittagong Kings,Sylhet Strikers,Khaled Ahmed,Shamim Hossain,Sumon Khan
2540,1,18,4,Chittagong Kings,Sylhet Strikers,Khaled Ahmed,Shamim Hossain,Sumon Khan
2540,1,18,5,Chittagong Kings,Sylhet Strikers,Khaled Ahmed,Shamim Hossain,Sumon Khan
2540,1,18,6,Chittagong Kings,Sylhet Strikers,Khaled Ahmed,Shamim Hossain,Sumon Khan
2540,1,19,1,Chittagong Kings,Sylhet Strikers,Shamim Hossain,Khaled Ahmed,Ruyel Miah
2540,1,19,2,Chittagong Kings,Sylhet Strikers,Shamim Hossain,Khaled Ahmed,Ruyel Miah
2540,1,19,3,Chittagong Kings,Sylhet Strikers,Shamim Hossain,Khaled Ahmed,Ruyel Miah
2540,1,19,4,Chittagong Kings,Sylhet Strikers,Shamim Hossain,Khaled Ahmed,Ruyel Miah
2540,1,19,5,Chittagong Kings,Sylhet Strikers,Shamim Hossain,Khaled Ahmed,Ruyel Miah
2540,1,19,6,Chittagong Kings,Sylhet Strikers,Shoriful Islam,Khaled Ahmed,Ruyel Miah
2540,2,0,1,Sylhet Strikers,Chittagong Kings,Zawad Abrar,Rony Talukdar,B Fernando
2540,2,0,2,Sylhet Strikers,Chittagong Kings,Zawad Abrar,Rony Talukdar,B Fernando
2540,2,0,3,Sylhet Strikers,Chittagong Kings,Rony Talukdar,Zawad Abrar,B Fernando
2540,2,0,4,Sylhet Strikers,Chittagong Kings,Zawad Abrar,Rony Talukdar,B Fernando
2540,2,0,5,Sylhet Strikers,Chittagong Kings,Zawad Abrar,Rony Talukdar,B Fernando
2540,2,0,6,Sylhet Strikers,Chittagong Kings,Rony Talukdar,Zawad Abrar,B Fernando
2540,2,1,1,Sylhet Strikers,Chittagong Kings,Zawad Abrar,Rony Talukdar,Shoriful Islam
2540,2,1,2,Sylhet Strikers,Chittagong Kings,Zawad Abrar,Rony Talukdar,Shoriful Islam
2540,2,1,3,Sylhet Strikers,Chittagong Kings,Zawad Abrar,Rony Talukdar,Shoriful Islam
2540,2,1,4,Sylhet Strikers,Chittagong Kings,Zakir Hasan,Rony Talukdar,Shoriful Islam
2540,2,1,5,Sylhet Strikers,Chittagong Kings,Zakir Hasan,Rony Talukdar,Shoriful Islam
2540,2,1,6,Sylhet Strikers,Chittagong Kings,Zakir Hasan,Rony Talukdar,Shoriful Islam
2540,2,2,1,Sylhet Strikers,Chittagong Kings,Rony Talukdar,Zakir Hasan,B Fernando
2540,2,2,2,Sylhet Strikers,Chittagong Kings,Rony Talukdar,Zakir Hasan,B Fernando
2540,2,2,3,Sylhet Strikers,Chittagong Kings,Zakir Hasan,Rony Talukdar,B Fernando
2540,2,2,4,Sylhet Strikers,Chittagong Kings,Zakir Hasan,Rony Talukdar,B Fernando
2540,2,2,5,Sylhet Strikers,Chittagong Kings,Zakir Hasan,Rony Talukdar,B Fernando
2540,2,2,6,Sylhet Strikers,Chittagong Kings,Rony Talukdar,Zakir Hasan,B Fernando
2540,2,3,1,Sylhet Strikers,Chittagong Kings,Rony Talukdar,Zakir Hasan,Al Islam
2540,2,3,2,Sylhet Strikers,Chittagong Kings,Rony Talukdar,Zakir Hasan,Al Islam
2540,2,3,3,Sylhet Strikers,Chittagong Kings,Rony Talukdar,Zakir Hasan,Al Islam
2540,2,3,4,Sylhet Strikers,Chittagong Kings,Rony Talukdar,Zakir Hasan,Al Islam
2540,2,3,5,Sylhet Strikers,Chittagong Kings,Rony Talukdar,Zakir Hasan,Al Islam
2540,2,3,6,Sylhet Strikers,Chittagong Kings,Rony Talukdar,Zakir Hasan,Al Islam
2540,2,4,1,Sylhet Strikers,Chittagong Kings,Zakir Hasan,Rony Talukdar,Khaled Ahmed
2540,2,4,2,Sylhet Strikers,Chittagong Kings,Zakir Hasan,Rony Talukdar,Khaled Ahmed
2540,2,4,3,Sylhet Strikers,Chittagong Kings,Zakir Hasan,Rony Talukdar,Khaled Ahmed
2540,2,4,4,Sylhet Strikers,Chittagong Kings,Zakir Hasan,Rony Talukdar,Khaled Ahmed
2540,2,4,5,Sylhet Strikers,Chittagong Kings,Zakir Hasan,Rony Talukdar,Khaled Ahmed
2540,2,4,6,Sylhet Strikers,Chittagong Kings,Zakir Hasan,Rony Talukdar,Khaled Ahmed
2540,2,5,1,Sylhet Strikers,Chittagong Kings,Rony Talukdar,Aaron Jones,Shoriful Islam
2540,2,5,2,Sylhet Strikers,Chittagong Kings,Jaker Ali,Aaron Jones,Shoriful Islam
2540,2,5,3,Sylhet Strikers,Chittagong Kings,Jaker Ali,Aaron Jones,Shoriful Islam
2540,2,5,4,Sylhet Strikers,Chittagong Kings,Jaker Ali,Aaron Jones,Shoriful Islam
2540,2,5,5,Sylhet Strikers,Chittagong Kings,Jaker Ali,Aaron Jones,Shoriful Islam
2540,2,5,6,Sylhet Strikers,Chittagong Kings,Jaker Ali,Aaron Jones,Shoriful Islam
2540,2,6,1,Sylhet Strikers,Chittagong Kings,Jaker Ali,Aaron Jones,Rahatul Ferdous
2540,2,6,2,Sylhet Strikers,Chittagong Kings,Aaron Jones,Jaker Ali,Rahatul Ferdous
2540,2,6,3,Sylhet Strikers,Chittagong Kings,Jaker Ali,Aaron Jones,Rahatul Ferdous
2540,2,6,4,Sylhet Strikers,Chittagong Kings,Aaron Jones,Jaker Ali,Rahatul Ferdous
2540,2,6,5,Sylhet Strikers,Chittagong Kings,Jaker Ali,Aaron Jones,Rahatul Ferdous
2540,2,6,6,Sylhet Strikers,Chittagong Kings,Aaron Jones,Jaker Ali,Rahatul Ferdous
2540,2,7,1,Sylhet Strikers,Chittagong Kings,Jaker Ali,Aaron Jones,Al Islam
2540,2,7,2,Sylhet Strikers,Chittagong Kings,Aaron Jones,Jaker Ali,Al Islam
2540,2,7,3,Sylhet Strikers,Chittagong Kings,Aaron Jones,Jaker Ali,Al Islam
2540,2,7,4,Sylhet Strikers,Chittagong Kings,Jaker Ali,Aaron Jones,Al Islam
2540,2,7,5,Sylhet Strikers,Chittagong Kings,Jaker Ali,Aaron Jones,Al Islam
2540,2,7,6,Sylhet Strikers,Chittagong Kings,Jaker Ali,Aaron Jones,Al Islam
2540,2,7,7,Sylhet Strikers,Chittagong Kings,Aaron Jones,Jaker Ali,Al Islam
2540,2,8,1,Sylhet Strikers,Chittagong Kings,Jaker Ali,Aaron Jones,Rahatul Ferdous
2540,2,8,2,Sylhet Strikers,Chittagong Kings,Aaron Jones,Jaker Ali,Rahatul Ferdous
2540,2,8,3,Sylhet Strikers,Chittagong Kings,Nahidul Islam,Jaker Ali,Rahatul Ferdous
2540,2,8,4,Sylhet Strikers,Chittagong Kings,Jaker Ali,Nahidul Islam,Rahatul Ferdous
2540,2,8,5,Sylhet Strikers,Chittagong Kings,Nahidul Islam,Jaker Ali,Rahatul Ferdous
2540,2,8,6,Sylhet Strikers,Chittagong Kings,Jaker Ali,Nahidul Islam,Rahatul Ferdous
2540,2,9,1,Sylhet Strikers,Chittagong Kings,Nahidul Islam,Jaker Ali,Al Islam
2540,2,9,2,Sylhet Strikers,Chittagong Kings,Nahidul Islam,Jaker Ali,Al Islam
2540,2,9,3,Sylhet Strikers,Chittagong Kings,Nahidul Islam,Jaker Ali,Al Islam
2540,2,9,4,Sylhet Strikers,Chittagong Kings,Nahidul Islam,Jaker Ali,Al Islam
2540,2,9,5,Sylhet Strikers,Chittagong Kings,Nahidul Islam,Jaker Ali,Al Islam
2540,2,9,6,Sylhet Strikers,Chittagong Kings,Jaker Ali,Nahidul Islam,Al Islam
2540,2,10,1,Sylhet Strikers,Chittagong Kings,Jaker Ali,Nahidul Islam,Khaled Ahmed
2540,2,10,2,Sylhet Strikers,Chittagong Kings,Jaker Ali,Nahidul Islam,Khaled Ahmed
2540,2,10,3,Sylhet Strikers,Chittagong Kings,Nahidul Islam,Jaker Ali,Khaled Ahmed
2540,2,10,4,Sylhet Strikers,Chittagong Kings,Jaker Ali,Nahidul Islam,Khaled Ahmed
2540,2,10,5,Sylhet Strikers,Chittagong Kings,Nahidul Islam,Jaker Ali,Khaled Ahmed
2540,2,10,6,Sylhet Strikers,Chittagong Kings,Nahidul Islam,Jaker Ali,Khaled Ahmed
2540,2,11,1,Sylhet Strikers,Chittagong Kings,Jaker Ali,Ariful Haque,Rahatul Ferdous
2540,2,11,2,Sylhet Strikers,Chittagong Kings,Ariful Haque,Jaker Ali,Rahatul Ferdous
2540,2,11,3,Sylhet Strikers,Chittagong Kings,Jaker Ali,Ariful Haque,Rahatul Ferdous
2540,2,11,4,Sylhet Strikers,Chittagong Kings,Ariful Haque,Jaker Ali,Rahatul Ferdous
2540,2,11,5,Sylhet Strikers,Chittagong Kings,Jaker Ali,Ariful Haque,Rahatul Ferdous
2540,2,11,6,Sylhet Strikers,Chittagong Kings,Ariful Haque,Jaker Ali,Rahatul Ferdous
2540,2,12,1,Sylhet Strikers,Chittagong Kings,Jaker Ali,Ariful Haque,Shoriful Islam
2540,2,12,2,Sylhet Strikers,Chittagong Kings,Jaker Ali,Ariful Haque,Shoriful Islam
2540,2,12,3,Sylhet Strikers,Chittagong Kings,Tanzim Hasan Sakib,Ariful Haque,Shoriful Islam
2540,2,12,4,Sylhet Strikers,Chittagong Kings,Tanzim Hasan Sakib,Ariful Haque,Shoriful Islam
2540,2,12,5,Sylhet Strikers,Chittagong Kings,Samiullah Shenwari,Ariful Haque,Shoriful Islam
2540,2,12,6,Sylhet Strikers,Chittagong Kings,Ariful Haque,Samiullah Shenwari,Shoriful Islam
2540,2,13,1,Sylhet Strikers,Chittagong Kings,Samiullah Shenwari,Ariful Haque,Rahatul Ferdous
2540,2,13,2,Sylhet Strikers,Chittagong Kings,Ariful Haque,Samiullah Shenwari,Rahatul Ferdous
2540,2,13,3,Sylhet Strikers,Chittagong Kings,Samiullah Shenwari,Ariful Haque,Rahatul Ferdous
2540,2,13,4,Sylhet Strikers,Chittagong Kings,Ariful Haque,Samiullah Shenwari,Rahatul Ferdous
2540,2,13,5,Sylhet Strikers,Chittagong Kings,Samiullah Shenwari,Ariful Haque,Rahatul Ferdous
2540,2,13,6,Sylhet Strikers,Chittagong Kings,Ariful Haque,Samiullah Shenwari,Rahatul Ferdous
2540,2,14,1,Sylhet Strikers,Chittagong Kings,Ariful Haque,Samiullah Shenwari,Khaled Ahmed
2540,2,14,2,Sylhet Strikers,Chittagong Kings,Ariful Haque,Samiullah Shenwari,Khaled Ahmed
2540,2,14,3,Sylhet Strikers,Chittagong Kings,Ruyel Miah,Samiullah Shenwari,Khaled Ahmed
2540,2,14,4,Sylhet Strikers,Chittagong Kings,Sumon Khan,Samiullah Shenwari,Khaled Ahmed
2540,2,14,5,Sylhet Strikers,Chittagong Kings,Samiullah Shenwari,Sumon Khan,Khaled Ahmed
2540,2,14,6,Sylhet Strikers,Chittagong Kings,Sumon Khan,Samiullah Shenwari,Khaled Ahmed
2540,2,15,1,Sylhet Strikers,Chittagong Kings,Sumon Khan,Samiullah Shenwari,Shoriful Islam
2540,2,15,2,Sylhet Strikers,Chittagong Kings,Sumon Khan,Samiullah Shenwari,Shoriful Islam
