MATCHID,INNINGSNO,OVERNO,BALL_NO,TEAMBATTING,TEAM_BOWLING,STRIKER,NON_STRIKER,BOWLER
2531,1,0,1,Durbar Rajshahi,Rangpur Riders,Mohammad Haris,Sabbir Hossain,Rakibul Hasan
2531,1,0,2,Durbar Rajshahi,Rangpur Riders,Mohammad Haris,Sabbir Hossain,Rakibul Hasan
2531,1,0,3,Durbar Rajshahi,Rangpur Riders,Mohammad Haris,Sabbir Hossain,Rakibul Hasan
2531,1,0,4,Durbar Rajshahi,Rangpur Riders,Mohammad Haris,Sabbir Hossain,Rakibul Hasan
2531,1,0,5,Durbar Rajshahi,Rangpur Riders,Mohammad Haris,Sabbir Hossain,Rakibul Hasan
2531,1,0,6,Durbar Rajshahi,Rangpur Riders,Mohammad Haris,Sabbir Hossain,Rakibul Hasan
2531,1,1,1,Durbar Rajshahi,Rangpur Riders,Mohammad Haris,Sabbir Hossain,Khushdil Shah
2531,1,1,2,Durbar Rajshahi,Rangpur Riders,Mohammad Haris,Sabbir Hossain,Khushdil Shah
2531,1,1,3,Durbar Rajshahi,Rangpur Riders,Sabbir Hossain,Mohammad Haris,Khushdil Shah
2531,1,1,4,Durbar Rajshahi,Rangpur Riders,Sabbir Hossain,Mohammad Haris,Khushdil Shah
2531,1,1,5,Durbar Rajshahi,Rangpur Riders,Mohammad Haris,Sabbir Hossain,Khushdil Shah
2531,1,1,6,Durbar Rajshahi,Rangpur Riders,Sabbir Hossain,Mohammad Haris,Khushdil Shah
2531,1,2,1,Durbar Rajshahi,Rangpur Riders,Mohammad Haris,Sabbir Hossain,Rakibul Hasan
2531,1,2,2,Durbar Rajshahi,Rangpur Riders,Mohammad Haris,Sabbir Hossain,Rakibul Hasan
2531,1,2,3,Durbar Rajshahi,Rangpur Riders,Mohammad Haris,Sabbir Hossain,Rakibul Hasan
2531,1,2,4,Durbar Rajshahi,Rangpur Riders,Anamul Haque,Sabbir Hossain,Rakibul Hasan
2531,1,2,5,Durbar Rajshahi,Rangpur Riders,Sabbir Hossain,Anamul Haque,Rakibul Hasan
2531,1,2,6,Durbar Rajshahi,Rangpur Riders,Sabbir Hossain,Anamul Haque,Rakibul Hasan
2531,1,3,1,Durbar Rajshahi,Rangpur Riders,Anamul Haque,Sabbir Hossain,Akif Javed
2531,1,3,2,Durbar Rajshahi,Rangpur Riders,Anamul Haque,Sabbir Hossain,Akif Javed
2531,1,3,3,Durbar Rajshahi,Rangpur Riders,Anamul Haque,Sabbir Hossain,Akif Javed
2531,1,3,4,Durbar Rajshahi,Rangpur Riders,Anamul Haque,Sabbir Hossain,Akif Javed
2531,1,3,5,Durbar Rajshahi,Rangpur Riders,Sabbir Hossain,Anamul Haque,Akif Javed
2531,1,3,6,Durbar Rajshahi,Rangpur Riders,Anamul Haque,Sabbir Hossain,Akif Javed
2531,1,4,1,Durbar Rajshahi,Rangpur Riders,Sabbir Hossain,Anamul Haque,Mohammad Saifuddin
2531,1,4,2,Durbar Rajshahi,Rangpur Riders,Sabbir Hossain,Anamul Haque,Mohammad Saifuddin
2531,1,4,3,Durbar Rajshahi,Rangpur Riders,Sabbir Hossain,Anamul Haque,Mohammad Saifuddin
2531,1,4,4,Durbar Rajshahi,Rangpur Riders,Sabbir Hossain,Anamul Haque,Mohammad Saifuddin
2531,1,4,5,Durbar Rajshahi,Rangpur Riders,Sabbir Hossain,Anamul Haque,Mohammad Saifuddin
2531,1,4,6,Durbar Rajshahi,Rangpur Riders,Anamul Haque,Sabbir Hossain,Mohammad Saifuddin
2531,1,5,1,Durbar Rajshahi,Rangpur Riders,Anamul Haque,Sabbir Hossain,Akif Javed
2531,1,5,2,Durbar Rajshahi,Rangpur Riders,Anamul Haque,Sabbir Hossain,Akif Javed
2531,1,5,3,Durbar Rajshahi,Rangpur Riders,Sabbir Hossain,Anamul Haque,Akif Javed
2531,1,5,4,Durbar Rajshahi,Rangpur Riders,Sabbir Hossain,Anamul Haque,Akif Javed
2531,1,5,5,Durbar Rajshahi,Rangpur Riders,Sabbir Hossain,Anamul Haque,Akif Javed
2531,1,5,6,Durbar Rajshahi,Rangpur Riders,Sabbir Hossain,Anamul Haque,Akif Javed
2531,1,6,1,Durbar Rajshahi,Rangpur Riders,Anamul Haque,Sabbir Hossain,Nahid Rana
2531,1,6,2,Durbar Rajshahi,Rangpur Riders,Anamul Haque,Sabbir Hossain,Nahid Rana
2531,1,6,3,Durbar Rajshahi,Rangpur Riders,Anamul Haque,Sabbir Hossain,Nahid Rana
2531,1,6,4,Durbar Rajshahi,Rangpur Riders,Sabbir Hossain,Anamul Haque,Nahid Rana
2531,1,6,5,Durbar Rajshahi,Rangpur Riders,Sabbir Hossain,Anamul Haque,Nahid Rana
2531,1,6,6,Durbar Rajshahi,Rangpur Riders,Sabbir Hossain,Anamul Haque,Nahid Rana
2531,1,7,1,Durbar Rajshahi,Rangpur Riders,Anamul Haque,Sabbir Hossain,Khushdil Shah
2531,1,7,2,Durbar Rajshahi,Rangpur Riders,Sabbir Hossain,Anamul Haque,Khushdil Shah
2531,1,7,3,Durbar Rajshahi,Rangpur Riders,RP Burl,Anamul Haque,Khushdil Shah
2531,1,7,4,Durbar Rajshahi,Rangpur Riders,Yasir Ali Chowdhury,Anamul Haque,Khushdil Shah
2531,1,7,5,Durbar Rajshahi,Rangpur Riders,Anamul Haque,Yasir Ali Chowdhury,Khushdil Shah
2531,1,7,6,Durbar Rajshahi,Rangpur Riders,Yasir Ali Chowdhury,Anamul Haque,Khushdil Shah
2531,1,8,1,Durbar Rajshahi,Rangpur Riders,Yasir Ali Chowdhury,Anamul Haque,Mahedi Hasan
2531,1,8,2,Durbar Rajshahi,Rangpur Riders,Yasir Ali Chowdhury,Anamul Haque,Mahedi Hasan
2531,1,8,3,Durbar Rajshahi,Rangpur Riders,Yasir Ali Chowdhury,Anamul Haque,Mahedi Hasan
2531,1,8,4,Durbar Rajshahi,Rangpur Riders,Yasir Ali Chowdhury,Anamul Haque,Mahedi Hasan
2531,1,8,5,Durbar Rajshahi,Rangpur Riders,Anamul Haque,Yasir Ali Chowdhury,Mahedi Hasan
2531,1,8,6,Durbar Rajshahi,Rangpur Riders,Anamul Haque,Yasir Ali Chowdhury,Mahedi Hasan
2531,1,9,1,Durbar Rajshahi,Rangpur Riders,Yasir Ali Chowdhury,Anamul Haque,Khushdil Shah
2531,1,9,2,Durbar Rajshahi,Rangpur Riders,Anamul Haque,Yasir Ali Chowdhury,Khushdil Shah
2531,1,9,3,Durbar Rajshahi,Rangpur Riders,Yasir Ali Chowdhury,Anamul Haque,Khushdil Shah
2531,1,9,4,Durbar Rajshahi,Rangpur Riders,Yasir Ali Chowdhury,Anamul Haque,Khushdil Shah
2531,1,9,5,Durbar Rajshahi,Rangpur Riders,Anamul Haque,Yasir Ali Chowdhury,Khushdil Shah
2531,1,9,6,Durbar Rajshahi,Rangpur Riders,Yasir Ali Chowdhury,Anamul Haque,Khushdil Shah
2531,1,10,1,Durbar Rajshahi,Rangpur Riders,Anamul Haque,Yasir Ali Chowdhury,Mahedi Hasan
2531,1,10,2,Durbar Rajshahi,Rangpur Riders,Yasir Ali Chowdhury,Anamul Haque,Mahedi Hasan
2531,1,10,3,Durbar Rajshahi,Rangpur Riders,Yasir Ali Chowdhury,Anamul Haque,Mahedi Hasan
2531,1,10,4,Durbar Rajshahi,Rangpur Riders,Yasir Ali Chowdhury,Anamul Haque,Mahedi Hasan
2531,1,10,5,Durbar Rajshahi,Rangpur Riders,Anamul Haque,Yasir Ali Chowdhury,Mahedi Hasan
2531,1,10,6,Durbar Rajshahi,Rangpur Riders,Yasir Ali Chowdhury,Anamul Haque,Mahedi Hasan
2531,1,11,1,Durbar Rajshahi,Rangpur Riders,Anamul Haque,Yasir Ali Chowdhury,Rakibul Hasan
2531,1,11,2,Durbar Rajshahi,Rangpur Riders,Yasir Ali Chowdhury,Anamul Haque,Rakibul Hasan
2531,1,11,3,Durbar Rajshahi,Rangpur Riders,Yasir Ali Chowdhury,Anamul Haque,Rakibul Hasan
2531,1,11,4,Durbar Rajshahi,Rangpur Riders,Yasir Ali Chowdhury,Anamul Haque,Rakibul Hasan
2531,1,11,5,Durbar Rajshahi,Rangpur Riders,Anamul Haque,Yasir Ali Chowdhury,Rakibul Hasan
2531,1,11,6,Durbar Rajshahi,Rangpur Riders,Yasir Ali Chowdhury,Anamul Haque,Rakibul Hasan
2531,1,12,1,Durbar Rajshahi,Rangpur Riders,Anamul Haque,Yasir Ali Chowdhury,Nahid Rana
2531,1,12,2,Durbar Rajshahi,Rangpur Riders,Anamul Haque,Yasir Ali Chowdhury,Nahid Rana
2531,1,12,3,Durbar Rajshahi,Rangpur Riders,Yasir Ali Chowdhury,Anamul Haque,Nahid Rana
2531,1,12,4,Durbar Rajshahi,Rangpur Riders,Yasir Ali Chowdhury,Anamul Haque,Nahid Rana
2531,1,12,5,Durbar Rajshahi,Rangpur Riders,Anamul Haque,Yasir Ali Chowdhury,Nahid Rana
2531,1,12,6,Durbar Rajshahi,Rangpur Riders,Anamul Haque,Yasir Ali Chowdhury,Nahid Rana
2531,1,13,1,Durbar Rajshahi,Rangpur Riders,Yasir Ali Chowdhury,Anamul Haque,Rakibul Hasan
2531,1,13,2,Durbar Rajshahi,Rangpur Riders,Yasir Ali Chowdhury,Anamul Haque,Rakibul Hasan
2531,1,13,3,Durbar Rajshahi,Rangpur Riders,Yasir Ali Chowdhury,Anamul Haque,Rakibul Hasan
2531,1,13,4,Durbar Rajshahi,Rangpur Riders,Yasir Ali Chowdhury,Anamul Haque,Rakibul Hasan
2531,1,13,5,Durbar Rajshahi,Rangpur Riders,Yasir Ali Chowdhury,Anamul Haque,Rakibul Hasan
2531,1,13,6,Durbar Rajshahi,Rangpur Riders,Anamul Haque,Yasir Ali Chowdhury,Rakibul Hasan
2531,1,14,1,Durbar Rajshahi,Rangpur Riders,Yasir Ali Chowdhury,Anamul Haque,Mohammad Saifuddin
2531,1,14,2,Durbar Rajshahi,Rangpur Riders,Yasir Ali Chowdhury,Anamul Haque,Mohammad Saifuddin
2531,1,14,3,Durbar Rajshahi,Rangpur Riders,Yasir Ali Chowdhury,Anamul Haque,Mohammad Saifuddin
2531,1,14,4,Durbar Rajshahi,Rangpur Riders,Anamul Haque,Yasir Ali Chowdhury,Mohammad Saifuddin
2531,1,14,5,Durbar Rajshahi,Rangpur Riders,Yasir Ali Chowdhury,Anamul Haque,Mohammad Saifuddin
2531,1,14,6,Durbar Rajshahi,Rangpur Riders,Anamul Haque,Yasir Ali Chowdhury,Mohammad Saifuddin
2531,1,15,1,Durbar Rajshahi,Rangpur Riders,Anamul Haque,Yasir Ali Chowdhury,Khushdil Shah
2531,1,15,2,Durbar Rajshahi,Rangpur Riders,Yasir Ali Chowdhury,Anamul Haque,Khushdil Shah
2531,1,15,3,Durbar Rajshahi,Rangpur Riders,Yasir Ali Chowdhury,Anamul Haque,Khushdil Shah
2531,1,15,4,Durbar Rajshahi,Rangpur Riders,Anamul Haque,Yasir Ali Chowdhury,Khushdil Shah
2531,1,15,5,Durbar Rajshahi,Rangpur Riders,Yasir Ali Chowdhury,Anamul Haque,Khushdil Shah
2531,1,15,6,Durbar Rajshahi,Rangpur Riders,Akbar Ali,Anamul Haque,Khushdil Shah
2531,1,16,1,Durbar Rajshahi,Rangpur Riders,Akbar Ali,Anamul Haque,Akif Javed
2531,1,16,2,Durbar Rajshahi,Rangpur Riders,Akbar Ali,SM Meherob,Akif Javed
2531,1,16,3,Durbar Rajshahi,Rangpur Riders,SM Meherob,Akbar Ali,Akif Javed
2531,1,16,4,Durbar Rajshahi,Rangpur Riders,Akbar Ali,SM Meherob,Akif Javed
2531,1,16,5,Durbar Rajshahi,Rangpur Riders,Akbar Ali,SM Meherob,Akif Javed
2531,1,16,6,Durbar Rajshahi,Rangpur Riders,Akbar Ali,SM Meherob,Akif Javed
2531,1,17,1,Durbar Rajshahi,Rangpur Riders,SM Meherob,Sunzamul Islam,Mahedi Hasan
2531,1,17,2,Durbar Rajshahi,Rangpur Riders,Sunzamul Islam,SM Meherob,Mahedi Hasan
2531,1,17,3,Durbar Rajshahi,Rangpur Riders,Sunzamul Islam,SM Meherob,Mahedi Hasan
2531,1,17,4,Durbar Rajshahi,Rangpur Riders,SM Meherob,Sunzamul Islam,Mahedi Hasan
2531,1,17,5,Durbar Rajshahi,Rangpur Riders,Sunzamul Islam,SM Meherob,Mahedi Hasan
2531,1,17,6,Durbar Rajshahi,Rangpur Riders,SM Meherob,Sunzamul Islam,Mahedi Hasan
2531,1,18,1,Durbar Rajshahi,Rangpur Riders,Sunzamul Islam,SM Meherob,Akif Javed
2531,1,18,2,Durbar Rajshahi,Rangpur Riders,Taskin Ahmed,SM Meherob,Akif Javed
2531,1,18,3,Durbar Rajshahi,Rangpur Riders,Taskin Ahmed,SM Meherob,Akif Javed
2531,1,18,4,Durbar Rajshahi,Rangpur Riders,Taskin Ahmed,SM Meherob,Akif Javed
2531,1,18,5,Durbar Rajshahi,Rangpur Riders,Shafiul Islam,SM Meherob,Akif Javed
2531,1,18,6,Durbar Rajshahi,Rangpur Riders,SM Meherob,Shafiul Islam,Akif Javed
2531,1,19,1,Durbar Rajshahi,Rangpur Riders,SM Meherob,Shafiul Islam,Nahid Rana
2531,1,19,2,Durbar Rajshahi,Rangpur Riders,Mohor Sheikh,Shafiul Islam,Nahid Rana
2531,1,19,3,Durbar Rajshahi,Rangpur Riders,Shafiul Islam,Mohor Sheikh,Nahid Rana
2531,1,19,4,Durbar Rajshahi,Rangpur Riders,Mohor Sheikh,Shafiul Islam,Nahid Rana
2531,1,19,5,Durbar Rajshahi,Rangpur Riders,Mohor Sheikh,Shafiul Islam,Nahid Rana
2531,1,19,6,Durbar Rajshahi,Rangpur Riders,Mohor Sheikh,Shafiul Islam,Nahid Rana
2531,2,0,1,Rangpur Riders,Durbar Rajshahi,SR Taylor,Irfan Sukkur,Taskin Ahmed
2531,2,0,2,Rangpur Riders,Durbar Rajshahi,SR Taylor,Irfan Sukkur,Taskin Ahmed
2531,2,0,3,Rangpur Riders,Durbar Rajshahi,SR Taylor,Irfan Sukkur,Taskin Ahmed
2531,2,0,4,Rangpur Riders,Durbar Rajshahi,Irfan Sukkur,SR Taylor,Taskin Ahmed
2531,2,0,5,Rangpur Riders,Durbar Rajshahi,Irfan Sukkur,SR Taylor,Taskin Ahmed
2531,2,0,6,Rangpur Riders,Durbar Rajshahi,Saif Hassan,SR Taylor,Taskin Ahmed
2531,2,1,1,Rangpur Riders,Durbar Rajshahi,SR Taylor,Saif Hassan,SM Meherob
2531,2,1,2,Rangpur Riders,Durbar Rajshahi,Saif Hassan,SR Taylor,SM Meherob
2531,2,1,3,Rangpur Riders,Durbar Rajshahi,Saif Hassan,SR Taylor,SM Meherob
2531,2,1,4,Rangpur Riders,Durbar Rajshahi,Saif Hassan,SR Taylor,SM Meherob
2531,2,1,5,Rangpur Riders,Durbar Rajshahi,Saif Hassan,SR Taylor,SM Meherob
2531,2,1,6,Rangpur Riders,Durbar Rajshahi,Saif Hassan,SR Taylor,SM Meherob
2531,2,2,1,Rangpur Riders,Durbar Rajshahi,SR Taylor,Saif Hassan,Taskin Ahmed
2531,2,2,2,Rangpur Riders,Durbar Rajshahi,Saif Hassan,SR Taylor,Taskin Ahmed
2531,2,2,3,Rangpur Riders,Durbar Rajshahi,Saif Hassan,SR Taylor,Taskin Ahmed
2531,2,2,4,Rangpur Riders,Durbar Rajshahi,SR Taylor,Saif Hassan,Taskin Ahmed
2531,2,2,5,Rangpur Riders,Durbar Rajshahi,Saif Hassan,SR Taylor,Taskin Ahmed
2531,2,2,6,Rangpur Riders,Durbar Rajshahi,SR Taylor,Saif Hassan,Taskin Ahmed
2531,2,3,1,Rangpur Riders,Durbar Rajshahi,SR Taylor,Saif Hassan,SM Meherob
2531,2,3,2,Rangpur Riders,Durbar Rajshahi,SR Taylor,Saif Hassan,SM Meherob
2531,2,3,3,Rangpur Riders,Durbar Rajshahi,SR Taylor,Saif Hassan,SM Meherob
2531,2,3,4,Rangpur Riders,Durbar Rajshahi,Iftikhar Ahmed,Saif Hassan,SM Meherob
2531,2,3,5,Rangpur Riders,Durbar Rajshahi,Khushdil Shah,Saif Hassan,SM Meherob
2531,2,3,6,Rangpur Riders,Durbar Rajshahi,Khushdil Shah,Saif Hassan,SM Meherob
2531,2,4,1,Rangpur Riders,Durbar Rajshahi,Saif Hassan,Khushdil Shah,Sunzamul Islam
2531,2,4,2,Rangpur Riders,Durbar Rajshahi,Saif Hassan,Khushdil Shah,Sunzamul Islam
2531,2,4,3,Rangpur Riders,Durbar Rajshahi,Saif Hassan,Khushdil Shah,Sunzamul Islam
2531,2,4,4,Rangpur Riders,Durbar Rajshahi,Khushdil Shah,Saif Hassan,Sunzamul Islam
2531,2,4,5,Rangpur Riders,Durbar Rajshahi,Saif Hassan,Khushdil Shah,Sunzamul Islam
2531,2,4,6,Rangpur Riders,Durbar Rajshahi,Saif Hassan,Khushdil Shah,Sunzamul Islam
2531,2,4,7,Rangpur Riders,Durbar Rajshahi,Khushdil Shah,Saif Hassan,Sunzamul Islam
2531,2,5,1,Rangpur Riders,Durbar Rajshahi,Khushdil Shah,Saif Hassan,Mohor Sheikh
2531,2,5,2,Rangpur Riders,Durbar Rajshahi,Saif Hassan,Khushdil Shah,Mohor Sheikh
2531,2,5,3,Rangpur Riders,Durbar Rajshahi,Saif Hassan,Khushdil Shah,Mohor Sheikh
2531,2,5,4,Rangpur Riders,Durbar Rajshahi,Saif Hassan,Khushdil Shah,Mohor Sheikh
2531,2,5,5,Rangpur Riders,Durbar Rajshahi,Saif Hassan,Khushdil Shah,Mohor Sheikh
2531,2,5,6,Rangpur Riders,Durbar Rajshahi,Saif Hassan,Khushdil Shah,Mohor Sheikh
2531,2,6,1,Rangpur Riders,Durbar Rajshahi,Khushdil Shah,Saif Hassan,Sunzamul Islam
2531,2,6,2,Rangpur Riders,Durbar Rajshahi,Saif Hassan,Khushdil Shah,Sunzamul Islam
2531,2,6,3,Rangpur Riders,Durbar Rajshahi,Khushdil Shah,Saif Hassan,Sunzamul Islam
2531,2,6,4,Rangpur Riders,Durbar Rajshahi,Saif Hassan,Khushdil Shah,Sunzamul Islam
2531,2,6,5,Rangpur Riders,Durbar Rajshahi,Saif Hassan,Khushdil Shah,Sunzamul Islam
2531,2,6,6,Rangpur Riders,Durbar Rajshahi,Khushdil Shah,Saif Hassan,Sunzamul Islam
2531,2,7,1,Rangpur Riders,Durbar Rajshahi,Saif Hassan,Khushdil Shah,Shafiul Islam
2531,2,7,2,Rangpur Riders,Durbar Rajshahi,Khushdil Shah,Saif Hassan,Shafiul Islam
2531,2,7,3,Rangpur Riders,Durbar Rajshahi,Khushdil Shah,Saif Hassan,Shafiul Islam
2531,2,7,4,Rangpur Riders,Durbar Rajshahi,Saif Hassan,Khushdil Shah,Shafiul Islam
2531,2,7,5,Rangpur Riders,Durbar Rajshahi,Khushdil Shah,Saif Hassan,Shafiul Islam
2531,2,7,6,Rangpur Riders,Durbar Rajshahi,Saif Hassan,Khushdil Shah,Shafiul Islam
2531,2,8,1,Rangpur Riders,Durbar Rajshahi,Khushdil Shah,Saif Hassan,Sabbir Hossain
2531,2,8,2,Rangpur Riders,Durbar Rajshahi,Saif Hassan,Khushdil Shah,Sabbir Hossain
2531,2,8,3,Rangpur Riders,Durbar Rajshahi,Khushdil Shah,Saif Hassan,Sabbir Hossain
2531,2,8,4,Rangpur Riders,Durbar Rajshahi,Nurul Hasan,Saif Hassan,Sabbir Hossain
2531,2,8,5,Rangpur Riders,Durbar Rajshahi,Nurul Hasan,Saif Hassan,Sabbir Hossain
2531,2,8,6,Rangpur Riders,Durbar Rajshahi,Saif Hassan,Nurul Hasan,Sabbir Hossain
2531,2,8,7,Rangpur Riders,Durbar Rajshahi,Saif Hassan,Nurul Hasan,Sabbir Hossain
2531,2,9,1,Rangpur Riders,Durbar Rajshahi,Nurul Hasan,Saif Hassan,Shafiul Islam
2531,2,9,2,Rangpur Riders,Durbar Rajshahi,Nurul Hasan,Saif Hassan,Shafiul Islam
2531,2,9,3,Rangpur Riders,Durbar Rajshahi,Saif Hassan,Nurul Hasan,Shafiul Islam
2531,2,9,4,Rangpur Riders,Durbar Rajshahi,Saif Hassan,Nurul Hasan,Shafiul Islam
2531,2,9,5,Rangpur Riders,Durbar Rajshahi,Mahedi Hasan,Nurul Hasan,Shafiul Islam
2531,2,9,6,Rangpur Riders,Durbar Rajshahi,Mahedi Hasan,Nurul Hasan,Shafiul Islam
2531,2,10,1,Rangpur Riders,Durbar Rajshahi,Mahedi Hasan,Nurul Hasan,Sunzamul Islam
2531,2,10,2,Rangpur Riders,Durbar Rajshahi,Nurul Hasan,Mahedi Hasan,Sunzamul Islam
2531,2,10,3,Rangpur Riders,Durbar Rajshahi,Nurul Hasan,Mahedi Hasan,Sunzamul Islam
2531,2,10,4,Rangpur Riders,Durbar Rajshahi,Nurul Hasan,Mahedi Hasan,Sunzamul Islam
2531,2,10,5,Rangpur Riders,Durbar Rajshahi,Mahedi Hasan,Nurul Hasan,Sunzamul Islam
2531,2,10,6,Rangpur Riders,Durbar Rajshahi,Nurul Hasan,Mahedi Hasan,Sunzamul Islam
2531,2,11,1,Rangpur Riders,Durbar Rajshahi,Mahedi Hasan,Nurul Hasan,Shafiul Islam
2531,2,11,2,Rangpur Riders,Durbar Rajshahi,Mahedi Hasan,Nurul Hasan,Shafiul Islam
2531,2,11,3,Rangpur Riders,Durbar Rajshahi,Mahedi Hasan,Nurul Hasan,Shafiul Islam
2531,2,11,4,Rangpur Riders,Durbar Rajshahi,Mahedi Hasan,Nurul Hasan,Shafiul Islam
2531,2,11,5,Rangpur Riders,Durbar Rajshahi,Mahedi Hasan,Nurul Hasan,Shafiul Islam
2531,2,11,6,Rangpur Riders,Durbar Rajshahi,Mahedi Hasan,Nurul Hasan,Shafiul Islam
2531,2,12,1,Rangpur Riders,Durbar Rajshahi,Nurul Hasan,Mahedi Hasan,RP Burl
2531,2,12,2,Rangpur Riders,Durbar Rajshahi,Mahedi Hasan,Nurul Hasan,RP Burl
2531,2,12,3,Rangpur Riders,Durbar Rajshahi,Nurul Hasan,Mahedi Hasan,RP Burl
2531,2,12,4,Rangpur Riders,Durbar Rajshahi,Mahedi Hasan,Nurul Hasan,RP Burl
2531,2,12,5,Rangpur Riders,Durbar Rajshahi,Mahedi Hasan,Nurul Hasan,RP Burl
2531,2,12,6,Rangpur Riders,Durbar Rajshahi,Mahedi Hasan,Nurul Hasan,RP Burl
2531,2,13,1,Rangpur Riders,Durbar Rajshahi,Nurul Hasan,Mohammad Saifuddin,SM Meherob
2531,2,13,2,Rangpur Riders,Durbar Rajshahi,Mohammad Saifuddin,Nurul Hasan,SM Meherob
2531,2,13,3,Rangpur Riders,Durbar Rajshahi,Mohammad Saifuddin,Nurul Hasan,SM Meherob
2531,2,13,4,Rangpur Riders,Durbar Rajshahi,Nurul Hasan,Mohammad Saifuddin,SM Meherob
2531,2,13,5,Rangpur Riders,Durbar Rajshahi,Nurul Hasan,Mohammad Saifuddin,SM Meherob
2531,2,13,6,Rangpur Riders,Durbar Rajshahi,Nurul Hasan,Mohammad Saifuddin,SM Meherob
2531,2,14,1,Rangpur Riders,Durbar Rajshahi,Mohammad Saifuddin,Nurul Hasan,RP Burl
2531,2,14,2,Rangpur Riders,Durbar Rajshahi,Nurul Hasan,Mohammad Saifuddin,RP Burl
2531,2,14,3,Rangpur Riders,Durbar Rajshahi,Nurul Hasan,Mohammad Saifuddin,RP Burl
2531,2,14,4,Rangpur Riders,Durbar Rajshahi,Nurul Hasan,Mohammad Saifuddin,RP Burl
2531,2,14,5,Rangpur Riders,Durbar Rajshahi,Nurul Hasan,Mohammad Saifuddin,RP Burl
2531,2,14,6,Rangpur Riders,Durbar Rajshahi,Mohammad Saifuddin,Nurul Hasan,RP Burl
2531,2,15,1,Rangpur Riders,Durbar Rajshahi,Mohammad Saifuddin,Nurul Hasan,Mohor Sheikh
2531,2,15,2,Rangpur Riders,Durbar Rajshahi,Mohammad Saifuddin,Nurul Hasan,Mohor Sheikh
2531,2,15,3,Rangpur Riders,Durbar Rajshahi,Mohammad Saifuddin,Nurul Hasan,Mohor Sheikh
2531,2,15,4,Rangpur Riders,Durbar Rajshahi,Nurul Hasan,Mohammad Saifuddin,Mohor Sheikh
2531,2,15,5,Rangpur Riders,Durbar Rajshahi,Nurul Hasan,Mohammad Saifuddin,Mohor Sheikh
2531,2,15,6,Rangpur Riders,Durbar Rajshahi,Nurul Hasan,Mohammad Saifuddin,Mohor Sheikh
2531,2,16,1,Rangpur Riders,Durbar Rajshahi,Nurul Hasan,Mohammad Saifuddin,RP Burl
2531,2,16,2,Rangpur Riders,Durbar Rajshahi,Nurul Hasan,Mohammad Saifuddin,RP Burl
2531,2,16,3,Rangpur Riders,Durbar Rajshahi,Mohammad Saifuddin,Nurul Hasan,RP Burl
2531,2,16,4,Rangpur Riders,Durbar Rajshahi,Nurul Hasan,Mohammad Saifuddin,RP Burl
2531,2,16,5,Rangpur Riders,Durbar Rajshahi,Nurul Hasan,Mohammad Saifuddin,RP Burl
2531,2,16,6,Rangpur Riders,Durbar Rajshahi,Nurul Hasan,Mohammad Saifuddin,RP Burl
2531,2,17,1,Rangpur Riders,Durbar Rajshahi,Mohammad Saifuddin,Akif Javed,Taskin Ahmed
2531,2,17,2,Rangpur Riders,Durbar Rajshahi,Mohammad Saifuddin,Akif Javed,Taskin Ahmed
2531,2,17,3,Rangpur Riders,Durbar Rajshahi,Akif Javed,Mohammad Saifuddin,Taskin Ahmed
2531,2,17,4,Rangpur Riders,Durbar Rajshahi,Mohammad Saifuddin,Akif Javed,Taskin Ahmed
2531,2,17,5,Rangpur Riders,Durbar Rajshahi,Mohammad Saifuddin,Akif Javed,Taskin Ahmed
2531,2,17,6,Rangpur Riders,Durbar Rajshahi,Mohammad Saifuddin,Akif Javed,Taskin Ahmed
2531,2,17,7,Rangpur Riders,Durbar Rajshahi,Akif Javed,Mohammad Saifuddin,Taskin Ahmed
2531,2,18,1,Rangpur Riders,Durbar Rajshahi,Akif Javed,Mohammad Saifuddin,RP Burl
2531,2,18,2,Rangpur Riders,Durbar Rajshahi,Rakibul Hasan,Mohammad Saifuddin,RP Burl
2531,2,18,3,Rangpur Riders,Durbar Rajshahi,Mohammad Saifuddin,Rakibul Hasan,RP Burl
2531,2,18,4,Rangpur Riders,Durbar Rajshahi,Mohammad Saifuddin,Rakibul Hasan,RP Burl
2531,2,18,5,Rangpur Riders,Durbar Rajshahi,Nahid Rana,Rakibul Hasan,RP Burl
2531,2,18,6,Rangpur Riders,Durbar Rajshahi,Nahid Rana,Rakibul Hasan,RP Burl
2531,2,18,7,Rangpur Riders,Durbar Rajshahi,Nahid Rana,Rakibul Hasan,RP Burl
2531,2,19,1,Rangpur Riders,Durbar Rajshahi,Rakibul Hasan,Nahid Rana,Taskin Ahmed
2531,2,19,2,Rangpur Riders,Durbar Rajshahi,Nahid Rana,Rakibul Hasan,Taskin Ahmed
