MATCHID,INNINGSNO,OVERNO,BALL_NO,TEAMBATTING,TEAM_BOWLING,STRIKER,NON_STRIKER,BOWLER
2519,1,0,1,Chittagong Kings,Sylhet Strikers,Usman Khan,Parvez Hossain Emon,Nahidul Islam
2519,1,0,2,Chittagong Kings,Sylhet Strikers,Usman Khan,Parvez Hossain Emon,Nahidul Islam
2519,1,0,3,Chittagong Kings,Sylhet Strikers,Usman Khan,Parvez Hossain Emon,Nahidul Islam
2519,1,0,4,Chittagong Kings,Sylhet Strikers,Parvez Hossain Emon,Usman Khan,Nahidul Islam
2519,1,0,5,Chittagong Kings,Sylhet Strikers,Parvez Hossain Emon,Usman Khan,Nahidul Islam
2519,1,0,6,Chittagong Kings,Sylhet Strikers,Parvez Hossain Emon,Usman Khan,Nahidul Islam
2519,1,1,1,Chittagong Kings,Sylhet Strikers,Usman Khan,Parvez Hossain Emon,Tanzim Hasan Sakib
2519,1,1,2,Chittagong Kings,Sylhet Strikers,Usman Khan,Parvez Hossain Emon,Tanzim Hasan Sakib
2519,1,1,3,Chittagong Kings,Sylhet Strikers,Parvez Hossain Emon,Usman Khan,Tanzim Hasan Sakib
2519,1,1,4,Chittagong Kings,Sylhet Strikers,Parvez Hossain Emon,Usman Khan,Tanzim Hasan Sakib
2519,1,1,5,Chittagong Kings,Sylhet Strikers,Usman Khan,Parvez Hossain Emon,Tanzim Hasan Sakib
2519,1,1,6,Chittagong Kings,Sylhet Strikers,Usman Khan,Parvez Hossain Emon,Tanzim Hasan Sakib
2519,1,2,1,Chittagong Kings,Sylhet Strikers,Usman Khan,Parvez Hossain Emon,Nahidul Islam
2519,1,2,2,Chittagong Kings,Sylhet Strikers,Usman Khan,Parvez Hossain Emon,Nahidul Islam
2519,1,2,3,Chittagong Kings,Sylhet Strikers,Usman Khan,Parvez Hossain Emon,Nahidul Islam
2519,1,2,4,Chittagong Kings,Sylhet Strikers,Parvez Hossain Emon,Usman Khan,Nahidul Islam
2519,1,2,5,Chittagong Kings,Sylhet Strikers,Parvez Hossain Emon,Usman Khan,Nahidul Islam
2519,1,2,6,Chittagong Kings,Sylhet Strikers,Parvez Hossain Emon,Usman Khan,Nahidul Islam
2519,1,3,1,Chittagong Kings,Sylhet Strikers,Usman Khan,Parvez Hossain Emon,Tanzim Hasan Sakib
2519,1,3,2,Chittagong Kings,Sylhet Strikers,Usman Khan,Parvez Hossain Emon,Tanzim Hasan Sakib
2519,1,3,3,Chittagong Kings,Sylhet Strikers,Usman Khan,Parvez Hossain Emon,Tanzim Hasan Sakib
2519,1,3,4,Chittagong Kings,Sylhet Strikers,Usman Khan,Parvez Hossain Emon,Tanzim Hasan Sakib
2519,1,3,5,Chittagong Kings,Sylhet Strikers,Parvez Hossain Emon,Usman Khan,Tanzim Hasan Sakib
2519,1,3,6,Chittagong Kings,Sylhet Strikers,Parvez Hossain Emon,Usman Khan,Tanzim Hasan Sakib
2519,1,4,1,Chittagong Kings,Sylhet Strikers,Usman Khan,G Clark,Nihaduzzaman
2519,1,4,2,Chittagong Kings,Sylhet Strikers,Usman Khan,G Clark,Nihaduzzaman
2519,1,4,3,Chittagong Kings,Sylhet Strikers,Usman Khan,G Clark,Nihaduzzaman
2519,1,4,4,Chittagong Kings,Sylhet Strikers,Usman Khan,G Clark,Nihaduzzaman
2519,1,4,5,Chittagong Kings,Sylhet Strikers,G Clark,Usman Khan,Nihaduzzaman
2519,1,4,6,Chittagong Kings,Sylhet Strikers,G Clark,Usman Khan,Nihaduzzaman
2519,1,5,1,Chittagong Kings,Sylhet Strikers,Usman Khan,G Clark,Ruyel Miah
2519,1,5,2,Chittagong Kings,Sylhet Strikers,Usman Khan,G Clark,Ruyel Miah
2519,1,5,3,Chittagong Kings,Sylhet Strikers,Usman Khan,G Clark,Ruyel Miah
2519,1,5,4,Chittagong Kings,Sylhet Strikers,Usman Khan,G Clark,Ruyel Miah
2519,1,5,5,Chittagong Kings,Sylhet Strikers,Usman Khan,G Clark,Ruyel Miah
2519,1,5,6,Chittagong Kings,Sylhet Strikers,G Clark,Usman Khan,Ruyel Miah
2519,1,6,1,Chittagong Kings,Sylhet Strikers,Usman Khan,G Clark,Nihaduzzaman
2519,1,6,2,Chittagong Kings,Sylhet Strikers,G Clark,Usman Khan,Nihaduzzaman
2519,1,6,3,Chittagong Kings,Sylhet Strikers,G Clark,Usman Khan,Nihaduzzaman
2519,1,6,4,Chittagong Kings,Sylhet Strikers,Usman Khan,G Clark,Nihaduzzaman
2519,1,6,5,Chittagong Kings,Sylhet Strikers,Usman Khan,G Clark,Nihaduzzaman
2519,1,6,6,Chittagong Kings,Sylhet Strikers,G Clark,Usman Khan,Nihaduzzaman
2519,1,7,1,Chittagong Kings,Sylhet Strikers,G Clark,Usman Khan,Aaron Jones
2519,1,7,2,Chittagong Kings,Sylhet Strikers,Usman Khan,G Clark,Aaron Jones
2519,1,7,3,Chittagong Kings,Sylhet Strikers,Usman Khan,G Clark,Aaron Jones
2519,1,7,4,Chittagong Kings,Sylhet Strikers,Usman Khan,G Clark,Aaron Jones
2519,1,7,5,Chittagong Kings,Sylhet Strikers,G Clark,Usman Khan,Aaron Jones
2519,1,7,6,Chittagong Kings,Sylhet Strikers,G Clark,Usman Khan,Aaron Jones
2519,1,8,1,Chittagong Kings,Sylhet Strikers,Usman Khan,G Clark,Nahidul Islam
2519,1,8,2,Chittagong Kings,Sylhet Strikers,G Clark,Usman Khan,Nahidul Islam
2519,1,8,3,Chittagong Kings,Sylhet Strikers,Usman Khan,G Clark,Nahidul Islam
2519,1,8,4,Chittagong Kings,Sylhet Strikers,G Clark,Usman Khan,Nahidul Islam
2519,1,8,5,Chittagong Kings,Sylhet Strikers,G Clark,Usman Khan,Nahidul Islam
2519,1,8,6,Chittagong Kings,Sylhet Strikers,Usman Khan,G Clark,Nahidul Islam
2519,1,9,1,Chittagong Kings,Sylhet Strikers,G Clark,Usman Khan,Ruyel Miah
2519,1,9,2,Chittagong Kings,Sylhet Strikers,G Clark,Usman Khan,Ruyel Miah
2519,1,9,3,Chittagong Kings,Sylhet Strikers,G Clark,Usman Khan,Ruyel Miah
2519,1,9,4,Chittagong Kings,Sylhet Strikers,Usman Khan,G Clark,Ruyel Miah
2519,1,9,5,Chittagong Kings,Sylhet Strikers,G Clark,Usman Khan,Ruyel Miah
2519,1,9,6,Chittagong Kings,Sylhet Strikers,G Clark,Usman Khan,Ruyel Miah
2519,1,10,1,Chittagong Kings,Sylhet Strikers,G Clark,Usman Khan,Ariful Haque
2519,1,10,2,Chittagong Kings,Sylhet Strikers,Usman Khan,G Clark,Ariful Haque
2519,1,10,3,Chittagong Kings,Sylhet Strikers,Usman Khan,G Clark,Ariful Haque
2519,1,10,4,Chittagong Kings,Sylhet Strikers,Mohammad Mithun,G Clark,Ariful Haque
2519,1,10,5,Chittagong Kings,Sylhet Strikers,Mohammad Mithun,G Clark,Ariful Haque
2519,1,10,6,Chittagong Kings,Sylhet Strikers,G Clark,Mohammad Mithun,Ariful Haque
2519,1,10,7,Chittagong Kings,Sylhet Strikers,Mohammad Mithun,G Clark,Ariful Haque
2519,1,11,1,Chittagong Kings,Sylhet Strikers,G Clark,Mohammad Mithun,Nihaduzzaman
2519,1,11,2,Chittagong Kings,Sylhet Strikers,Mohammad Mithun,G Clark,Nihaduzzaman
2519,1,11,3,Chittagong Kings,Sylhet Strikers,G Clark,Mohammad Mithun,Nihaduzzaman
2519,1,11,4,Chittagong Kings,Sylhet Strikers,Mohammad Mithun,G Clark,Nihaduzzaman
2519,1,11,5,Chittagong Kings,Sylhet Strikers,Mohammad Mithun,G Clark,Nihaduzzaman
2519,1,11,6,Chittagong Kings,Sylhet Strikers,G Clark,Mohammad Mithun,Nihaduzzaman
2519,1,12,1,Chittagong Kings,Sylhet Strikers,G Clark,Mohammad Mithun,Ariful Haque
2519,1,12,2,Chittagong Kings,Sylhet Strikers,Mohammad Mithun,G Clark,Ariful Haque
2519,1,12,3,Chittagong Kings,Sylhet Strikers,G Clark,Mohammad Mithun,Ariful Haque
2519,1,12,4,Chittagong Kings,Sylhet Strikers,G Clark,Mohammad Mithun,Ariful Haque
2519,1,12,5,Chittagong Kings,Sylhet Strikers,Mohammad Mithun,G Clark,Ariful Haque
2519,1,12,6,Chittagong Kings,Sylhet Strikers,Mohammad Mithun,G Clark,Ariful Haque
2519,1,12,7,Chittagong Kings,Sylhet Strikers,Mohammad Mithun,G Clark,Ariful Haque
2519,1,13,1,Chittagong Kings,Sylhet Strikers,G Clark,Mohammad Mithun,Nihaduzzaman
2519,1,13,2,Chittagong Kings,Sylhet Strikers,Mohammad Mithun,G Clark,Nihaduzzaman
2519,1,13,3,Chittagong Kings,Sylhet Strikers,Mohammad Mithun,G Clark,Nihaduzzaman
2519,1,13,4,Chittagong Kings,Sylhet Strikers,Mohammad Mithun,G Clark,Nihaduzzaman
2519,1,13,5,Chittagong Kings,Sylhet Strikers,G Clark,Mohammad Mithun,Nihaduzzaman
2519,1,13,6,Chittagong Kings,Sylhet Strikers,Mohammad Mithun,G Clark,Nihaduzzaman
2519,1,14,1,Chittagong Kings,Sylhet Strikers,G Clark,Mohammad Mithun,Ariful Haque
2519,1,14,2,Chittagong Kings,Sylhet Strikers,G Clark,Mohammad Mithun,Ariful Haque
2519,1,14,3,Chittagong Kings,Sylhet Strikers,Mohammad Mithun,G Clark,Ariful Haque
2519,1,14,4,Chittagong Kings,Sylhet Strikers,G Clark,Mohammad Mithun,Ariful Haque
2519,1,14,5,Chittagong Kings,Sylhet Strikers,G Clark,Mohammad Mithun,Ariful Haque
2519,1,14,6,Chittagong Kings,Sylhet Strikers,Mohammad Mithun,G Clark,Ariful Haque
2519,1,15,1,Chittagong Kings,Sylhet Strikers,G Clark,Mohammad Mithun,Nahidul Islam
2519,1,15,2,Chittagong Kings,Sylhet Strikers,Mohammad Mithun,G Clark,Nahidul Islam
2519,1,15,3,Chittagong Kings,Sylhet Strikers,G Clark,Mohammad Mithun,Nahidul Islam
2519,1,15,4,Chittagong Kings,Sylhet Strikers,Haider Ali,Mohammad Mithun,Nahidul Islam
2519,1,15,5,Chittagong Kings,Sylhet Strikers,Mohammad Mithun,Haider Ali,Nahidul Islam
2519,1,15,6,Chittagong Kings,Sylhet Strikers,Haider Ali,Mohammad Mithun,Nahidul Islam
2519,1,15,7,Chittagong Kings,Sylhet Strikers,Haider Ali,Mohammad Mithun,Nahidul Islam
2519,1,16,1,Chittagong Kings,Sylhet Strikers,Haider Ali,Mohammad Mithun,Tanzim Hasan Sakib
2519,1,16,2,Chittagong Kings,Sylhet Strikers,Mohammad Mithun,Haider Ali,Tanzim Hasan Sakib
2519,1,16,3,Chittagong Kings,Sylhet Strikers,Haider Ali,Mohammad Mithun,Tanzim Hasan Sakib
2519,1,16,4,Chittagong Kings,Sylhet Strikers,Haider Ali,Mohammad Mithun,Tanzim Hasan Sakib
2519,1,16,5,Chittagong Kings,Sylhet Strikers,Haider Ali,Mohammad Mithun,Tanzim Hasan Sakib
2519,1,16,6,Chittagong Kings,Sylhet Strikers,Haider Ali,Mohammad Mithun,Tanzim Hasan Sakib
2519,1,17,1,Chittagong Kings,Sylhet Strikers,Mohammad Mithun,Haider Ali,Ruyel Miah
2519,1,17,2,Chittagong Kings,Sylhet Strikers,Haider Ali,Mohammad Mithun,Ruyel Miah
2519,1,17,3,Chittagong Kings,Sylhet Strikers,Mohammad Mithun,Haider Ali,Ruyel Miah
2519,1,17,4,Chittagong Kings,Sylhet Strikers,Shamim Hossain,Haider Ali,Ruyel Miah
2519,1,17,5,Chittagong Kings,Sylhet Strikers,Haider Ali,Shamim Hossain,Ruyel Miah
2519,1,17,6,Chittagong Kings,Sylhet Strikers,Haider Ali,Shamim Hossain,Ruyel Miah
2519,1,17,7,Chittagong Kings,Sylhet Strikers,Haider Ali,Shamim Hossain,Ruyel Miah
2519,1,17,8,Chittagong Kings,Sylhet Strikers,Haider Ali,Shamim Hossain,Ruyel Miah
2519,1,18,1,Chittagong Kings,Sylhet Strikers,Shamim Hossain,Haider Ali,Tanzim Hasan Sakib
2519,1,18,2,Chittagong Kings,Sylhet Strikers,Shamim Hossain,Haider Ali,Tanzim Hasan Sakib
2519,1,18,3,Chittagong Kings,Sylhet Strikers,Haider Ali,Shamim Hossain,Tanzim Hasan Sakib
2519,1,18,4,Chittagong Kings,Sylhet Strikers,Shamim Hossain,Haider Ali,Tanzim Hasan Sakib
2519,1,18,5,Chittagong Kings,Sylhet Strikers,Mohammad Wasim,Haider Ali,Tanzim Hasan Sakib
2519,1,18,6,Chittagong Kings,Sylhet Strikers,Haider Ali,Mohammad Wasim,Tanzim Hasan Sakib
2519,1,18,7,Chittagong Kings,Sylhet Strikers,Mohammad Wasim,Haider Ali,Tanzim Hasan Sakib
2519,1,19,1,Chittagong Kings,Sylhet Strikers,Haider Ali,Mohammad Wasim,Ruyel Miah
2519,1,19,2,Chittagong Kings,Sylhet Strikers,Haider Ali,Mohammad Wasim,Ruyel Miah
2519,1,19,3,Chittagong Kings,Sylhet Strikers,Shoriful Islam,Haider Ali,Ruyel Miah
2519,1,19,4,Chittagong Kings,Sylhet Strikers,Haider Ali,Shoriful Islam,Ruyel Miah
2519,1,19,5,Chittagong Kings,Sylhet Strikers,Haider Ali,Shoriful Islam,Ruyel Miah
2519,1,19,6,Chittagong Kings,Sylhet Strikers,Haider Ali,Shoriful Islam,Ruyel Miah
2519,2,0,1,Sylhet Strikers,Chittagong Kings,Rony Talukdar,PR Stirling,Nabil Samad
2519,2,0,2,Sylhet Strikers,Chittagong Kings,PR Stirling,Rony Talukdar,Nabil Samad
2519,2,0,3,Sylhet Strikers,Chittagong Kings,Zakir Hasan,Rony Talukdar,Nabil Samad
2519,2,0,4,Sylhet Strikers,Chittagong Kings,Zakir Hasan,Rony Talukdar,Nabil Samad
2519,2,0,5,Sylhet Strikers,Chittagong Kings,Zakir Hasan,Rony Talukdar,Nabil Samad
2519,2,0,6,Sylhet Strikers,Chittagong Kings,Zakir Hasan,Rony Talukdar,Nabil Samad
2519,2,0,7,Sylhet Strikers,Chittagong Kings,Zakir Hasan,Rony Talukdar,Nabil Samad
2519,2,0,8,Sylhet Strikers,Chittagong Kings,Zakir Hasan,Rony Talukdar,Nabil Samad
2519,2,0,9,Sylhet Strikers,Chittagong Kings,Rony Talukdar,Zakir Hasan,Nabil Samad
2519,2,1,1,Sylhet Strikers,Chittagong Kings,Zakir Hasan,Rony Talukdar,Shoriful Islam
2519,2,1,2,Sylhet Strikers,Chittagong Kings,Zakir Hasan,Rony Talukdar,Shoriful Islam
2519,2,1,3,Sylhet Strikers,Chittagong Kings,Rony Talukdar,Zakir Hasan,Shoriful Islam
2519,2,1,4,Sylhet Strikers,Chittagong Kings,Rony Talukdar,Zakir Hasan,Shoriful Islam
2519,2,1,5,Sylhet Strikers,Chittagong Kings,Rony Talukdar,Zakir Hasan,Shoriful Islam
2519,2,1,6,Sylhet Strikers,Chittagong Kings,Zakir Hasan,Rony Talukdar,Shoriful Islam
2519,2,2,1,Sylhet Strikers,Chittagong Kings,Rony Talukdar,Zakir Hasan,Al Islam
2519,2,2,2,Sylhet Strikers,Chittagong Kings,Zakir Hasan,Rony Talukdar,Al Islam
2519,2,2,3,Sylhet Strikers,Chittagong Kings,Zakir Hasan,Rony Talukdar,Al Islam
2519,2,2,4,Sylhet Strikers,Chittagong Kings,Zakir Hasan,Rony Talukdar,Al Islam
2519,2,2,5,Sylhet Strikers,Chittagong Kings,Zakir Hasan,Rony Talukdar,Al Islam
2519,2,2,6,Sylhet Strikers,Chittagong Kings,Zakir Hasan,Rony Talukdar,Al Islam
2519,2,3,1,Sylhet Strikers,Chittagong Kings,Zakir Hasan,Rony Talukdar,Khaled Ahmed
2519,2,3,2,Sylhet Strikers,Chittagong Kings,Zakir Hasan,Rony Talukdar,Khaled Ahmed
2519,2,3,3,Sylhet Strikers,Chittagong Kings,Zakir Hasan,Rony Talukdar,Khaled Ahmed
2519,2,3,4,Sylhet Strikers,Chittagong Kings,Zakir Hasan,Rony Talukdar,Khaled Ahmed
2519,2,3,5,Sylhet Strikers,Chittagong Kings,Rony Talukdar,Zakir Hasan,Khaled Ahmed
2519,2,3,6,Sylhet Strikers,Chittagong Kings,Rony Talukdar,Zakir Hasan,Khaled Ahmed
2519,2,4,1,Sylhet Strikers,Chittagong Kings,Zakir Hasan,Rony Talukdar,Al Islam
2519,2,4,2,Sylhet Strikers,Chittagong Kings,Zakir Hasan,Rony Talukdar,Al Islam
2519,2,4,3,Sylhet Strikers,Chittagong Kings,HG Munsey,Rony Talukdar,Al Islam
2519,2,4,4,Sylhet Strikers,Chittagong Kings,HG Munsey,Rony Talukdar,Al Islam
2519,2,4,5,Sylhet Strikers,Chittagong Kings,HG Munsey,Rony Talukdar,Al Islam
2519,2,4,6,Sylhet Strikers,Chittagong Kings,HG Munsey,Rony Talukdar,Al Islam
2519,2,5,1,Sylhet Strikers,Chittagong Kings,HG Munsey,Rony Talukdar,Mohammad Wasim
2519,2,5,2,Sylhet Strikers,Chittagong Kings,Rony Talukdar,HG Munsey,Mohammad Wasim
2519,2,5,3,Sylhet Strikers,Chittagong Kings,Aaron Jones,HG Munsey,Mohammad Wasim
2519,2,5,4,Sylhet Strikers,Chittagong Kings,Aaron Jones,HG Munsey,Mohammad Wasim
2519,2,5,5,Sylhet Strikers,Chittagong Kings,Aaron Jones,HG Munsey,Mohammad Wasim
2519,2,5,6,Sylhet Strikers,Chittagong Kings,Aaron Jones,HG Munsey,Mohammad Wasim
2519,2,6,1,Sylhet Strikers,Chittagong Kings,HG Munsey,Aaron Jones,Khaled Ahmed
2519,2,6,2,Sylhet Strikers,Chittagong Kings,Aaron Jones,HG Munsey,Khaled Ahmed
2519,2,6,3,Sylhet Strikers,Chittagong Kings,Aaron Jones,HG Munsey,Khaled Ahmed
2519,2,6,4,Sylhet Strikers,Chittagong Kings,Aaron Jones,HG Munsey,Khaled Ahmed
2519,2,6,5,Sylhet Strikers,Chittagong Kings,Aaron Jones,HG Munsey,Khaled Ahmed
2519,2,6,6,Sylhet Strikers,Chittagong Kings,HG Munsey,Aaron Jones,Khaled Ahmed
2519,2,7,1,Sylhet Strikers,Chittagong Kings,HG Munsey,Aaron Jones,Shoriful Islam
2519,2,7,2,Sylhet Strikers,Chittagong Kings,Aaron Jones,HG Munsey,Shoriful Islam
2519,2,7,3,Sylhet Strikers,Chittagong Kings,HG Munsey,Aaron Jones,Shoriful Islam
2519,2,7,4,Sylhet Strikers,Chittagong Kings,HG Munsey,Aaron Jones,Shoriful Islam
2519,2,7,5,Sylhet Strikers,Chittagong Kings,Aaron Jones,HG Munsey,Shoriful Islam
2519,2,7,6,Sylhet Strikers,Chittagong Kings,Aaron Jones,HG Munsey,Shoriful Islam
2519,2,8,1,Sylhet Strikers,Chittagong Kings,Aaron Jones,HG Munsey,Khaled Ahmed
2519,2,8,2,Sylhet Strikers,Chittagong Kings,HG Munsey,Aaron Jones,Khaled Ahmed
2519,2,8,3,Sylhet Strikers,Chittagong Kings,HG Munsey,Aaron Jones,Khaled Ahmed
2519,2,8,4,Sylhet Strikers,Chittagong Kings,HG Munsey,Aaron Jones,Khaled Ahmed
2519,2,8,5,Sylhet Strikers,Chittagong Kings,HG Munsey,Aaron Jones,Khaled Ahmed
2519,2,8,6,Sylhet Strikers,Chittagong Kings,HG Munsey,Aaron Jones,Khaled Ahmed
2519,2,9,1,Sylhet Strikers,Chittagong Kings,Aaron Jones,HG Munsey,Shamim Hossain
2519,2,9,2,Sylhet Strikers,Chittagong Kings,Aaron Jones,HG Munsey,Shamim Hossain
2519,2,9,3,Sylhet Strikers,Chittagong Kings,Aaron Jones,HG Munsey,Shamim Hossain
2519,2,9,4,Sylhet Strikers,Chittagong Kings,HG Munsey,Aaron Jones,Shamim Hossain
2519,2,9,5,Sylhet Strikers,Chittagong Kings,HG Munsey,Aaron Jones,Shamim Hossain
2519,2,9,6,Sylhet Strikers,Chittagong Kings,Aaron Jones,HG Munsey,Shamim Hossain
2519,2,10,1,Sylhet Strikers,Chittagong Kings,Aaron Jones,HG Munsey,Mohammad Wasim
2519,2,10,2,Sylhet Strikers,Chittagong Kings,HG Munsey,Aaron Jones,Mohammad Wasim
2519,2,10,3,Sylhet Strikers,Chittagong Kings,HG Munsey,Aaron Jones,Mohammad Wasim
2519,2,10,4,Sylhet Strikers,Chittagong Kings,Aaron Jones,HG Munsey,Mohammad Wasim
2519,2,10,5,Sylhet Strikers,Chittagong Kings,Jaker Ali,HG Munsey,Mohammad Wasim
2519,2,10,6,Sylhet Strikers,Chittagong Kings,Jaker Ali,HG Munsey,Mohammad Wasim
2519,2,10,7,Sylhet Strikers,Chittagong Kings,HG Munsey,Jaker Ali,Mohammad Wasim
2519,2,11,1,Sylhet Strikers,Chittagong Kings,HG Munsey,Jaker Ali,Shamim Hossain
2519,2,11,2,Sylhet Strikers,Chittagong Kings,Jaker Ali,HG Munsey,Shamim Hossain
2519,2,11,3,Sylhet Strikers,Chittagong Kings,HG Munsey,Jaker Ali,Shamim Hossain
2519,2,11,4,Sylhet Strikers,Chittagong Kings,HG Munsey,Jaker Ali,Shamim Hossain
2519,2,11,5,Sylhet Strikers,Chittagong Kings,Jaker Ali,HG Munsey,Shamim Hossain
2519,2,11,6,Sylhet Strikers,Chittagong Kings,Jaker Ali,HG Munsey,Shamim Hossain
2519,2,12,1,Sylhet Strikers,Chittagong Kings,HG Munsey,Jaker Ali,Shoriful Islam
2519,2,12,2,Sylhet Strikers,Chittagong Kings,HG Munsey,Jaker Ali,Shoriful Islam
2519,2,12,3,Sylhet Strikers,Chittagong Kings,Jaker Ali,HG Munsey,Shoriful Islam
2519,2,12,4,Sylhet Strikers,Chittagong Kings,Jaker Ali,HG Munsey,Shoriful Islam
2519,2,12,5,Sylhet Strikers,Chittagong Kings,HG Munsey,Jaker Ali,Shoriful Islam
2519,2,12,6,Sylhet Strikers,Chittagong Kings,HG Munsey,Jaker Ali,Shoriful Islam
2519,2,13,1,Sylhet Strikers,Chittagong Kings,HG Munsey,Jaker Ali,Al Islam
2519,2,13,2,Sylhet Strikers,Chittagong Kings,HG Munsey,Jaker Ali,Al Islam
2519,2,13,3,Sylhet Strikers,Chittagong Kings,HG Munsey,Jaker Ali,Al Islam
2519,2,13,4,Sylhet Strikers,Chittagong Kings,HG Munsey,Jaker Ali,Al Islam
2519,2,13,5,Sylhet Strikers,Chittagong Kings,Jaker Ali,HG Munsey,Al Islam
2519,2,13,6,Sylhet Strikers,Chittagong Kings,HG Munsey,Jaker Ali,Al Islam
2519,2,14,1,Sylhet Strikers,Chittagong Kings,Jaker Ali,HG Munsey,Khaled Ahmed
2519,2,14,2,Sylhet Strikers,Chittagong Kings,HG Munsey,Jaker Ali,Khaled Ahmed
2519,2,14,3,Sylhet Strikers,Chittagong Kings,HG Munsey,Jaker Ali,Khaled Ahmed
2519,2,14,4,Sylhet Strikers,Chittagong Kings,HG Munsey,Jaker Ali,Khaled Ahmed
2519,2,14,5,Sylhet Strikers,Chittagong Kings,HG Munsey,Jaker Ali,Khaled Ahmed
2519,2,14,6,Sylhet Strikers,Chittagong Kings,HG Munsey,Jaker Ali,Khaled Ahmed
2519,2,14,7,Sylhet Strikers,Chittagong Kings,HG Munsey,Jaker Ali,Khaled Ahmed
2519,2,15,1,Sylhet Strikers,Chittagong Kings,Jaker Ali,Ariful Haque,Nabil Samad
2519,2,15,2,Sylhet Strikers,Chittagong Kings,Jaker Ali,Ariful Haque,Nabil Samad
2519,2,15,3,Sylhet Strikers,Chittagong Kings,Jaker Ali,Ariful Haque,Nabil Samad
2519,2,15,4,Sylhet Strikers,Chittagong Kings,Ariful Haque,Jaker Ali,Nabil Samad
2519,2,15,5,Sylhet Strikers,Chittagong Kings,Ariful Haque,Jaker Ali,Nabil Samad
2519,2,15,6,Sylhet Strikers,Chittagong Kings,Jaker Ali,Ariful Haque,Nabil Samad
2519,2,15,7,Sylhet Strikers,Chittagong Kings,Jaker Ali,Ariful Haque,Nabil Samad
2519,2,16,1,Sylhet Strikers,Chittagong Kings,Ariful Haque,Jaker Ali,Al Islam
2519,2,16,2,Sylhet Strikers,Chittagong Kings,Ariful Haque,Jaker Ali,Al Islam
2519,2,16,3,Sylhet Strikers,Chittagong Kings,Ariful Haque,Jaker Ali,Al Islam
2519,2,16,4,Sylhet Strikers,Chittagong Kings,Ariful Haque,Jaker Ali,Al Islam
2519,2,16,5,Sylhet Strikers,Chittagong Kings,Ariful Haque,Jaker Ali,Al Islam
2519,2,16,6,Sylhet Strikers,Chittagong Kings,Tanzim Hasan Sakib,Jaker Ali,Al Islam
2519,2,17,1,Sylhet Strikers,Chittagong Kings,Jaker Ali,Tanzim Hasan Sakib,Mohammad Wasim
2519,2,17,2,Sylhet Strikers,Chittagong Kings,Tanzim Hasan Sakib,Jaker Ali,Mohammad Wasim
2519,2,17,3,Sylhet Strikers,Chittagong Kings,Tanzim Hasan Sakib,Jaker Ali,Mohammad Wasim
2519,2,17,4,Sylhet Strikers,Chittagong Kings,Nahidul Islam,Jaker Ali,Mohammad Wasim
2519,2,17,5,Sylhet Strikers,Chittagong Kings,Jaker Ali,Nahidul Islam,Mohammad Wasim
2519,2,17,6,Sylhet Strikers,Chittagong Kings,Jaker Ali,Nahidul Islam,Mohammad Wasim
2519,2,18,1,Sylhet Strikers,Chittagong Kings,Jaker Ali,Nahidul Islam,Shoriful Islam
2519,2,18,2,Sylhet Strikers,Chittagong Kings,Nahidul Islam,Jaker Ali,Shoriful Islam
2519,2,18,3,Sylhet Strikers,Chittagong Kings,Nahidul Islam,Jaker Ali,Shoriful Islam
2519,2,18,4,Sylhet Strikers,Chittagong Kings,Nihaduzzaman,Jaker Ali,Shoriful Islam
2519,2,18,5,Sylhet Strikers,Chittagong Kings,Nihaduzzaman,Jaker Ali,Shoriful Islam
2519,2,18,6,Sylhet Strikers,Chittagong Kings,Jaker Ali,Nihaduzzaman,Shoriful Islam
2519,2,19,1,Sylhet Strikers,Chittagong Kings,Nihaduzzaman,Jaker Ali,Mohammad Wasim
2519,2,19,2,Sylhet Strikers,Chittagong Kings,Jaker Ali,Nihaduzzaman,Mohammad Wasim
2519,2,19,3,Sylhet Strikers,Chittagong Kings,Jaker Ali,Nihaduzzaman,Mohammad Wasim
2519,2,19,4,Sylhet Strikers,Chittagong Kings,Jaker Ali,Nihaduzzaman,Mohammad Wasim
2519,2,19,5,Sylhet Strikers,Chittagong Kings,Jaker Ali,Nihaduzzaman,Mohammad Wasim
2519,2,19,6,Sylhet Strikers,Chittagong Kings,Jaker Ali,Nihaduzzaman,Mohammad Wasim
