MATCHID,INNINGSNO,OVERNO,BALL_NO,TEAMBATTING,TEAMBOWLING,STRIKER,NON_STRIKER,BOWLER
2536,1,0,1,Sylhet Strikers,Durbar Rajshahi,Samiullah Shenwari,Ariful Haque,Taskin Ahmed
2536,1,0,2,Sylhet Strikers,Durbar Rajshahi,Samiullah Shenwari,Ariful Haque,Taskin Ahmed
2536,1,0,3,Sylhet Strikers,Durbar Rajshahi,Samiullah Shenwari,Ariful Haque,Taskin Ahmed
2536,1,0,4,Sylhet Strikers,Durbar Rajshahi,Samiullah Shenwari,Ariful Haque,Taskin Ahmed
2536,1,0,5,Sylhet Strikers,Durbar Rajshahi,Samiullah Shenwari,Ariful Haque,Taskin Ahmed
2536,1,0,6,Sylhet Strikers,Durbar Rajshahi,Ariful Haque,Samiullah Shenwari,Taskin Ahmed
2536,1,1,1,Sylhet Strikers,Durbar Rajshahi,Samiullah Shenwari,Ariful Haque,Aftab Alam
2536,1,1,2,Sylhet Strikers,Durbar Rajshahi,Samiullah Shenwari,Ariful Haque,Aftab Alam
2536,1,1,3,Sylhet Strikers,Durbar Rajshahi,Ariful Haque,Samiullah Shenwari,Aftab Alam
2536,1,1,4,Sylhet Strikers,Durbar Rajshahi,Ariful Haque,Samiullah Shenwari,Aftab Alam
2536,1,1,5,Sylhet Strikers,Durbar Rajshahi,Ariful Haque,Samiullah Shenwari,Aftab Alam
2536,1,1,6,Sylhet Strikers,Durbar Rajshahi,Ariful Haque,Samiullah Shenwari,Aftab Alam
2536,1,1,7,Sylhet Strikers,Durbar Rajshahi,Ariful Haque,Samiullah Shenwari,Aftab Alam
2536,1,2,1,Sylhet Strikers,Durbar Rajshahi,Samiullah Shenwari,Ariful Haque,Taskin Ahmed
2536,1,2,2,Sylhet Strikers,Durbar Rajshahi,Samiullah Shenwari,Ariful Haque,Taskin Ahmed
2536,1,2,3,Sylhet Strikers,Durbar Rajshahi,Samiullah Shenwari,Ariful Haque,Taskin Ahmed
2536,1,2,4,Sylhet Strikers,Durbar Rajshahi,Ariful Haque,Samiullah Shenwari,Taskin Ahmed
2536,1,2,5,Sylhet Strikers,Durbar Rajshahi,Ariful Haque,Samiullah Shenwari,Taskin Ahmed
2536,1,2,6,Sylhet Strikers,Durbar Rajshahi,Ariful Haque,Samiullah Shenwari,Taskin Ahmed
2536,1,3,1,Sylhet Strikers,Durbar Rajshahi,Ariful Haque,Samiullah Shenwari,Mrittunjoy Chowdhury
2536,1,3,2,Sylhet Strikers,Durbar Rajshahi,Zakir Hasan,Samiullah Shenwari,Mrittunjoy Chowdhury
2536,1,3,3,Sylhet Strikers,Durbar Rajshahi,Samiullah Shenwari,Zakir Hasan,Mrittunjoy Chowdhury
2536,1,3,4,Sylhet Strikers,Durbar Rajshahi,Samiullah Shenwari,Zakir Hasan,Mrittunjoy Chowdhury
2536,1,3,5,Sylhet Strikers,Durbar Rajshahi,Sajjadul Haque,Zakir Hasan,Mrittunjoy Chowdhury
2536,1,3,6,Sylhet Strikers,Durbar Rajshahi,Sajjadul Haque,Zakir Hasan,Mrittunjoy Chowdhury
2536,1,4,1,Sylhet Strikers,Durbar Rajshahi,Zakir Hasan,Sajjadul Haque,Aftab Alam
2536,1,4,2,Sylhet Strikers,Durbar Rajshahi,Sajjadul Haque,Zakir Hasan,Aftab Alam
2536,1,4,3,Sylhet Strikers,Durbar Rajshahi,Sajjadul Haque,Zakir Hasan,Aftab Alam
2536,1,4,4,Sylhet Strikers,Durbar Rajshahi,Sajjadul Haque,Zakir Hasan,Aftab Alam
2536,1,4,5,Sylhet Strikers,Durbar Rajshahi,Jaker Ali,Zakir Hasan,Aftab Alam
2536,1,4,6,Sylhet Strikers,Durbar Rajshahi,Jaker Ali,Zakir Hasan,Aftab Alam
2536,1,5,1,Sylhet Strikers,Durbar Rajshahi,Zakir Hasan,Jaker Ali,Mrittunjoy Chowdhury
2536,1,5,2,Sylhet Strikers,Durbar Rajshahi,Zakir Hasan,Jaker Ali,Mrittunjoy Chowdhury
2536,1,5,3,Sylhet Strikers,Durbar Rajshahi,Zakir Hasan,Jaker Ali,Mrittunjoy Chowdhury
2536,1,5,4,Sylhet Strikers,Durbar Rajshahi,Jaker Ali,Zakir Hasan,Mrittunjoy Chowdhury
2536,1,5,5,Sylhet Strikers,Durbar Rajshahi,Jaker Ali,Zakir Hasan,Mrittunjoy Chowdhury
2536,1,5,6,Sylhet Strikers,Durbar Rajshahi,Jaker Ali,Zakir Hasan,Mrittunjoy Chowdhury
2536,1,6,1,Sylhet Strikers,Durbar Rajshahi,Zakir Hasan,Jaker Ali,Aftab Alam
2536,1,6,2,Sylhet Strikers,Durbar Rajshahi,Zakir Hasan,Jaker Ali,Aftab Alam
2536,1,6,3,Sylhet Strikers,Durbar Rajshahi,Zakir Hasan,Jaker Ali,Aftab Alam
2536,1,6,4,Sylhet Strikers,Durbar Rajshahi,Jaker Ali,Zakir Hasan,Aftab Alam
2536,1,6,5,Sylhet Strikers,Durbar Rajshahi,Zakir Hasan,Jaker Ali,Aftab Alam
2536,1,6,6,Sylhet Strikers,Durbar Rajshahi,Zakir Hasan,Jaker Ali,Aftab Alam
2536,1,7,1,Sylhet Strikers,Durbar Rajshahi,Jaker Ali,Zakir Hasan,Sunzamul Islam
2536,1,7,2,Sylhet Strikers,Durbar Rajshahi,Zakir Hasan,Jaker Ali,Sunzamul Islam
2536,1,7,3,Sylhet Strikers,Durbar Rajshahi,Jaker Ali,Zakir Hasan,Sunzamul Islam
2536,1,7,4,Sylhet Strikers,Durbar Rajshahi,Jaker Ali,Zakir Hasan,Sunzamul Islam
2536,1,7,5,Sylhet Strikers,Durbar Rajshahi,Zakir Hasan,Jaker Ali,Sunzamul Islam
2536,1,7,6,Sylhet Strikers,Durbar Rajshahi,Zakir Hasan,Jaker Ali,Sunzamul Islam
2536,1,8,1,Sylhet Strikers,Durbar Rajshahi,Zakir Hasan,Jaker Ali,SM Meherob
2536,1,8,2,Sylhet Strikers,Durbar Rajshahi,Zakir Hasan,Jaker Ali,SM Meherob
2536,1,8,3,Sylhet Strikers,Durbar Rajshahi,Zakir Hasan,Jaker Ali,SM Meherob
2536,1,8,4,Sylhet Strikers,Durbar Rajshahi,Zakir Hasan,Jaker Ali,SM Meherob
2536,1,8,5,Sylhet Strikers,Durbar Rajshahi,Zakir Hasan,Jaker Ali,SM Meherob
2536,1,8,6,Sylhet Strikers,Durbar Rajshahi,Jaker Ali,Zakir Hasan,SM Meherob
2536,1,9,1,Sylhet Strikers,Durbar Rajshahi,Zakir Hasan,Jaker Ali,RP Burl
2536,1,9,2,Sylhet Strikers,Durbar Rajshahi,Zakir Hasan,Jaker Ali,RP Burl
2536,1,9,3,Sylhet Strikers,Durbar Rajshahi,Zakir Hasan,Jaker Ali,RP Burl
2536,1,9,4,Sylhet Strikers,Durbar Rajshahi,Jaker Ali,Zakir Hasan,RP Burl
2536,1,9,5,Sylhet Strikers,Durbar Rajshahi,Jaker Ali,Zakir Hasan,RP Burl
2536,1,9,6,Sylhet Strikers,Durbar Rajshahi,Zakir Hasan,Jaker Ali,RP Burl
2536,1,10,1,Sylhet Strikers,Durbar Rajshahi,Jaker Ali,Zakir Hasan,Sunzamul Islam
2536,1,10,2,Sylhet Strikers,Durbar Rajshahi,Jaker Ali,Zakir Hasan,Sunzamul Islam
2536,1,10,3,Sylhet Strikers,Durbar Rajshahi,Jaker Ali,Zakir Hasan,Sunzamul Islam
2536,1,10,4,Sylhet Strikers,Durbar Rajshahi,Jaker Ali,Zakir Hasan,Sunzamul Islam
2536,1,10,5,Sylhet Strikers,Durbar Rajshahi,Jaker Ali,Zakir Hasan,Sunzamul Islam
2536,1,10,6,Sylhet Strikers,Durbar Rajshahi,Zakir Hasan,Jaker Ali,Sunzamul Islam
2536,1,11,1,Sylhet Strikers,Durbar Rajshahi,Jaker Ali,Zakir Hasan,SM Meherob
2536,1,11,2,Sylhet Strikers,Durbar Rajshahi,Ahsan Bhatti,Zakir Hasan,SM Meherob
2536,1,11,3,Sylhet Strikers,Durbar Rajshahi,Ahsan Bhatti,Zakir Hasan,SM Meherob
2536,1,11,4,Sylhet Strikers,Durbar Rajshahi,Zakir Hasan,Ahsan Bhatti,SM Meherob
2536,1,11,5,Sylhet Strikers,Durbar Rajshahi,Zakir Hasan,Ahsan Bhatti,SM Meherob
2536,1,11,6,Sylhet Strikers,Durbar Rajshahi,K Alleyne,Ahsan Bhatti,SM Meherob
2536,1,12,1,Sylhet Strikers,Durbar Rajshahi,Ahsan Bhatti,K Alleyne,Sunzamul Islam
2536,1,12,2,Sylhet Strikers,Durbar Rajshahi,K Alleyne,Ahsan Bhatti,Sunzamul Islam
2536,1,12,3,Sylhet Strikers,Durbar Rajshahi,K Alleyne,Ahsan Bhatti,Sunzamul Islam
2536,1,12,4,Sylhet Strikers,Durbar Rajshahi,K Alleyne,Ahsan Bhatti,Sunzamul Islam
2536,1,12,5,Sylhet Strikers,Durbar Rajshahi,Ahsan Bhatti,K Alleyne,Sunzamul Islam
2536,1,12,6,Sylhet Strikers,Durbar Rajshahi,Ahsan Bhatti,K Alleyne,Sunzamul Islam
2536,1,13,1,Sylhet Strikers,Durbar Rajshahi,Ahsan Bhatti,K Alleyne,SM Meherob
2536,1,13,2,Sylhet Strikers,Durbar Rajshahi,K Alleyne,Ahsan Bhatti,SM Meherob
2536,1,13,3,Sylhet Strikers,Durbar Rajshahi,Tanzim Hasan Sakib,Ahsan Bhatti,SM Meherob
2536,1,13,4,Sylhet Strikers,Durbar Rajshahi,Tanzim Hasan Sakib,Ahsan Bhatti,SM Meherob
2536,1,13,5,Sylhet Strikers,Durbar Rajshahi,Tanzim Hasan Sakib,Ahsan Bhatti,SM Meherob
2536,1,13,6,Sylhet Strikers,Durbar Rajshahi,Tanzim Hasan Sakib,Ahsan Bhatti,SM Meherob
2536,1,14,1,Sylhet Strikers,Durbar Rajshahi,Ahsan Bhatti,Tanzim Hasan Sakib,Sunzamul Islam
2536,1,14,2,Sylhet Strikers,Durbar Rajshahi,Tanzim Hasan Sakib,Ahsan Bhatti,Sunzamul Islam
2536,1,14,3,Sylhet Strikers,Durbar Rajshahi,Tanzim Hasan Sakib,Ahsan Bhatti,Sunzamul Islam
2536,1,14,4,Sylhet Strikers,Durbar Rajshahi,Tanzim Hasan Sakib,Ahsan Bhatti,Sunzamul Islam
2536,1,14,5,Sylhet Strikers,Durbar Rajshahi,Tanzim Hasan Sakib,Ahsan Bhatti,Sunzamul Islam
2536,1,14,6,Sylhet Strikers,Durbar Rajshahi,Tanzim Hasan Sakib,Ahsan Bhatti,Sunzamul Islam
2536,1,15,1,Sylhet Strikers,Durbar Rajshahi,Ahsan Bhatti,Tanzim Hasan Sakib,SM Meherob
2536,1,15,2,Sylhet Strikers,Durbar Rajshahi,Ahsan Bhatti,Tanzim Hasan Sakib,SM Meherob
2536,1,15,3,Sylhet Strikers,Durbar Rajshahi,Tanzim Hasan Sakib,Ahsan Bhatti,SM Meherob
2536,1,15,4,Sylhet Strikers,Durbar Rajshahi,JL Jaggesar,Ahsan Bhatti,SM Meherob
2536,1,15,5,Sylhet Strikers,Durbar Rajshahi,JL Jaggesar,Ahsan Bhatti,SM Meherob
2536,1,15,6,Sylhet Strikers,Durbar Rajshahi,Ahsan Bhatti,JL Jaggesar,SM Meherob
2536,1,16,1,Sylhet Strikers,Durbar Rajshahi,JL Jaggesar,Ahsan Bhatti,Taskin Ahmed
2536,1,16,2,Sylhet Strikers,Durbar Rajshahi,Sumon Khan,Ahsan Bhatti,Taskin Ahmed
2536,1,16,3,Sylhet Strikers,Durbar Rajshahi,Ahsan Bhatti,Sumon Khan,Taskin Ahmed
2536,1,16,4,Sylhet Strikers,Durbar Rajshahi,Sumon Khan,Ahsan Bhatti,Taskin Ahmed
2536,1,16,5,Sylhet Strikers,Durbar Rajshahi,Ahsan Bhatti,Sumon Khan,Taskin Ahmed
2536,1,16,6,Sylhet Strikers,Durbar Rajshahi,Ahsan Bhatti,Sumon Khan,Taskin Ahmed
2536,1,17,1,Sylhet Strikers,Durbar Rajshahi,Ahsan Bhatti,Sumon Khan,Mrittunjoy Chowdhury
2536,1,17,2,Sylhet Strikers,Durbar Rajshahi,Sumon Khan,Ahsan Bhatti,Mrittunjoy Chowdhury
2536,1,17,3,Sylhet Strikers,Durbar Rajshahi,Ahsan Bhatti,Sumon Khan,Mrittunjoy Chowdhury
2536,1,17,4,Sylhet Strikers,Durbar Rajshahi,Ahsan Bhatti,Sumon Khan,Mrittunjoy Chowdhury
2536,1,17,5,Sylhet Strikers,Durbar Rajshahi,Sumon Khan,Ahsan Bhatti,Mrittunjoy Chowdhury
2536,1,17,6,Sylhet Strikers,Durbar Rajshahi,Sumon Khan,Ahsan Bhatti,Mrittunjoy Chowdhury
2536,1,18,1,Sylhet Strikers,Durbar Rajshahi,Sumon Khan,Ahsan Bhatti,Taskin Ahmed
2536,1,18,2,Sylhet Strikers,Durbar Rajshahi,Ahsan Bhatti,Sumon Khan,Taskin Ahmed
2536,1,18,3,Sylhet Strikers,Durbar Rajshahi,Sumon Khan,Ahsan Bhatti,Taskin Ahmed
2536,1,18,4,Sylhet Strikers,Durbar Rajshahi,Ahsan Bhatti,Sumon Khan,Taskin Ahmed
2536,1,18,5,Sylhet Strikers,Durbar Rajshahi,Sumon Khan,Ahsan Bhatti,Taskin Ahmed
2536,1,18,6,Sylhet Strikers,Durbar Rajshahi,Sumon Khan,Ahsan Bhatti,Taskin Ahmed
2536,1,19,1,Sylhet Strikers,Durbar Rajshahi,Ahsan Bhatti,Sumon Khan,Mrittunjoy Chowdhury
2536,1,19,2,Sylhet Strikers,Durbar Rajshahi,Ahsan Bhatti,Sumon Khan,Mrittunjoy Chowdhury
2536,1,19,3,Sylhet Strikers,Durbar Rajshahi,Sumon Khan,Ahsan Bhatti,Mrittunjoy Chowdhury
2536,1,19,4,Sylhet Strikers,Durbar Rajshahi,Ahsan Bhatti,Sumon Khan,Mrittunjoy Chowdhury
2536,1,19,5,Sylhet Strikers,Durbar Rajshahi,Ahsan Bhatti,Sumon Khan,Mrittunjoy Chowdhury
2536,1,19,6,Sylhet Strikers,Durbar Rajshahi,Ruyel Miah,Sumon Khan,Mrittunjoy Chowdhury
2536,1,19,7,Sylhet Strikers,Durbar Rajshahi,Sumon Khan,Ruyel Miah,Mrittunjoy Chowdhury
2536,1,19,8,Sylhet Strikers,Durbar Rajshahi,Sumon Khan,Ruyel Miah,Mrittunjoy Chowdhury
2536,2,0,1,Durbar Rajshahi,Sylhet Strikers,Jishan Alam,Sabbir Hossain,Tanzim Hasan Sakib
2536,2,0,2,Durbar Rajshahi,Sylhet Strikers,Sabbir Hossain,Jishan Alam,Tanzim Hasan Sakib
2536,2,0,3,Durbar Rajshahi,Sylhet Strikers,Sabbir Hossain,Jishan Alam,Tanzim Hasan Sakib
2536,2,0,4,Durbar Rajshahi,Sylhet Strikers,Sabbir Hossain,Jishan Alam,Tanzim Hasan Sakib
2536,2,0,5,Durbar Rajshahi,Sylhet Strikers,Sabbir Hossain,Jishan Alam,Tanzim Hasan Sakib
2536,2,0,6,Durbar Rajshahi,Sylhet Strikers,Sabbir Hossain,Jishan Alam,Tanzim Hasan Sakib
2536,2,1,1,Durbar Rajshahi,Sylhet Strikers,Jishan Alam,Anamul Haque,JL Jaggesar
2536,2,1,2,Durbar Rajshahi,Sylhet Strikers,Jishan Alam,Anamul Haque,JL Jaggesar
2536,2,1,3,Durbar Rajshahi,Sylhet Strikers,Jishan Alam,Anamul Haque,JL Jaggesar
2536,2,1,4,Durbar Rajshahi,Sylhet Strikers,Jishan Alam,Anamul Haque,JL Jaggesar
2536,2,1,5,Durbar Rajshahi,Sylhet Strikers,Jishan Alam,Anamul Haque,JL Jaggesar
2536,2,1,6,Durbar Rajshahi,Sylhet Strikers,Jishan Alam,Anamul Haque,JL Jaggesar
2536,2,1,7,Durbar Rajshahi,Sylhet Strikers,Yasir Ali Chowdhury,Anamul Haque,JL Jaggesar
2536,2,1,8,Durbar Rajshahi,Sylhet Strikers,Yasir Ali Chowdhury,Anamul Haque,JL Jaggesar
2536,2,2,1,Durbar Rajshahi,Sylhet Strikers,Yasir Ali Chowdhury,Anamul Haque,Tanzim Hasan Sakib
2536,2,2,2,Durbar Rajshahi,Sylhet Strikers,Yasir Ali Chowdhury,Anamul Haque,Tanzim Hasan Sakib
2536,2,2,3,Durbar Rajshahi,Sylhet Strikers,Anamul Haque,Yasir Ali Chowdhury,Tanzim Hasan Sakib
2536,2,2,4,Durbar Rajshahi,Sylhet Strikers,Anamul Haque,Yasir Ali Chowdhury,Tanzim Hasan Sakib
2536,2,2,5,Durbar Rajshahi,Sylhet Strikers,Anamul Haque,Yasir Ali Chowdhury,Tanzim Hasan Sakib
2536,2,2,6,Durbar Rajshahi,Sylhet Strikers,Akbar Ali,Yasir Ali Chowdhury,Tanzim Hasan Sakib
2536,2,2,7,Durbar Rajshahi,Sylhet Strikers,Akbar Ali,Yasir Ali Chowdhury,Tanzim Hasan Sakib
2536,2,3,1,Durbar Rajshahi,Sylhet Strikers,Yasir Ali Chowdhury,Akbar Ali,JL Jaggesar
2536,2,3,2,Durbar Rajshahi,Sylhet Strikers,Akbar Ali,Yasir Ali Chowdhury,JL Jaggesar
2536,2,3,3,Durbar Rajshahi,Sylhet Strikers,Yasir Ali Chowdhury,Akbar Ali,JL Jaggesar
2536,2,3,4,Durbar Rajshahi,Sylhet Strikers,Yasir Ali Chowdhury,Akbar Ali,JL Jaggesar
2536,2,3,5,Durbar Rajshahi,Sylhet Strikers,Yasir Ali Chowdhury,Akbar Ali,JL Jaggesar
2536,2,3,6,Durbar Rajshahi,Sylhet Strikers,Yasir Ali Chowdhury,Akbar Ali,JL Jaggesar
2536,2,4,1,Durbar Rajshahi,Sylhet Strikers,Akbar Ali,RP Burl,Sumon Khan
2536,2,4,2,Durbar Rajshahi,Sylhet Strikers,RP Burl,Akbar Ali,Sumon Khan
2536,2,4,3,Durbar Rajshahi,Sylhet Strikers,RP Burl,Akbar Ali,Sumon Khan
2536,2,4,4,Durbar Rajshahi,Sylhet Strikers,RP Burl,Akbar Ali,Sumon Khan
2536,2,4,5,Durbar Rajshahi,Sylhet Strikers,RP Burl,Akbar Ali,Sumon Khan
2536,2,4,6,Durbar Rajshahi,Sylhet Strikers,RP Burl,Akbar Ali,Sumon Khan
2536,2,5,1,Durbar Rajshahi,Sylhet Strikers,Akbar Ali,RP Burl,JL Jaggesar
2536,2,5,2,Durbar Rajshahi,Sylhet Strikers,Akbar Ali,RP Burl,JL Jaggesar
2536,2,5,3,Durbar Rajshahi,Sylhet Strikers,Akbar Ali,RP Burl,JL Jaggesar
2536,2,5,4,Durbar Rajshahi,Sylhet Strikers,Akbar Ali,RP Burl,JL Jaggesar
2536,2,5,5,Durbar Rajshahi,Sylhet Strikers,Akbar Ali,RP Burl,JL Jaggesar
2536,2,5,6,Durbar Rajshahi,Sylhet Strikers,Akbar Ali,RP Burl,JL Jaggesar
2536,2,6,1,Durbar Rajshahi,Sylhet Strikers,RP Burl,Akbar Ali,Ruyel Miah
2536,2,6,2,Durbar Rajshahi,Sylhet Strikers,Akbar Ali,RP Burl,Ruyel Miah
2536,2,6,3,Durbar Rajshahi,Sylhet Strikers,RP Burl,Akbar Ali,Ruyel Miah
2536,2,6,4,Durbar Rajshahi,Sylhet Strikers,Akbar Ali,RP Burl,Ruyel Miah
2536,2,6,5,Durbar Rajshahi,Sylhet Strikers,Akbar Ali,RP Burl,Ruyel Miah
2536,2,6,6,Durbar Rajshahi,Sylhet Strikers,Akbar Ali,RP Burl,Ruyel Miah
2536,2,7,1,Durbar Rajshahi,Sylhet Strikers,RP Burl,Akbar Ali,Ahsan Bhatti
2536,2,7,2,Durbar Rajshahi,Sylhet Strikers,Akbar Ali,RP Burl,Ahsan Bhatti
2536,2,7,3,Durbar Rajshahi,Sylhet Strikers,Akbar Ali,RP Burl,Ahsan Bhatti
2536,2,7,4,Durbar Rajshahi,Sylhet Strikers,Akbar Ali,RP Burl,Ahsan Bhatti
2536,2,7,5,Durbar Rajshahi,Sylhet Strikers,Akbar Ali,RP Burl,Ahsan Bhatti
2536,2,7,6,Durbar Rajshahi,Sylhet Strikers,Akbar Ali,RP Burl,Ahsan Bhatti
2536,2,8,1,Durbar Rajshahi,Sylhet Strikers,Akbar Ali,RP Burl,Ruyel Miah
2536,2,8,2,Durbar Rajshahi,Sylhet Strikers,RP Burl,Akbar Ali,Ruyel Miah
2536,2,8,3,Durbar Rajshahi,Sylhet Strikers,RP Burl,Akbar Ali,Ruyel Miah
2536,2,8,4,Durbar Rajshahi,Sylhet Strikers,RP Burl,Akbar Ali,Ruyel Miah
2536,2,8,5,Durbar Rajshahi,Sylhet Strikers,RP Burl,Akbar Ali,Ruyel Miah
2536,2,8,6,Durbar Rajshahi,Sylhet Strikers,RP Burl,Akbar Ali,Ruyel Miah
2536,2,9,1,Durbar Rajshahi,Sylhet Strikers,Akbar Ali,RP Burl,Ahsan Bhatti
2536,2,9,2,Durbar Rajshahi,Sylhet Strikers,RP Burl,Akbar Ali,Ahsan Bhatti
2536,2,9,3,Durbar Rajshahi,Sylhet Strikers,RP Burl,Akbar Ali,Ahsan Bhatti
2536,2,9,4,Durbar Rajshahi,Sylhet Strikers,RP Burl,Akbar Ali,Ahsan Bhatti
2536,2,9,5,Durbar Rajshahi,Sylhet Strikers,Akbar Ali,RP Burl,Ahsan Bhatti
2536,2,9,6,Durbar Rajshahi,Sylhet Strikers,Akbar Ali,RP Burl,Ahsan Bhatti
2536,2,9,7,Durbar Rajshahi,Sylhet Strikers,Akbar Ali,RP Burl,Ahsan Bhatti
2536,2,10,1,Durbar Rajshahi,Sylhet Strikers,Akbar Ali,RP Burl,Tanzim Hasan Sakib
2536,2,10,2,Durbar Rajshahi,Sylhet Strikers,Akbar Ali,RP Burl,Tanzim Hasan Sakib
2536,2,10,3,Durbar Rajshahi,Sylhet Strikers,Akbar Ali,RP Burl,Tanzim Hasan Sakib
2536,2,10,4,Durbar Rajshahi,Sylhet Strikers,Akbar Ali,RP Burl,Tanzim Hasan Sakib
2536,2,10,5,Durbar Rajshahi,Sylhet Strikers,Akbar Ali,RP Burl,Tanzim Hasan Sakib
2536,2,10,6,Durbar Rajshahi,Sylhet Strikers,Akbar Ali,RP Burl,Tanzim Hasan Sakib
2536,2,11,1,Durbar Rajshahi,Sylhet Strikers,RP Burl,Akbar Ali,JL Jaggesar
2536,2,11,2,Durbar Rajshahi,Sylhet Strikers,RP Burl,Akbar Ali,JL Jaggesar
2536,2,11,3,Durbar Rajshahi,Sylhet Strikers,RP Burl,Akbar Ali,JL Jaggesar
2536,2,11,4,Durbar Rajshahi,Sylhet Strikers,Akbar Ali,RP Burl,JL Jaggesar
2536,2,11,5,Durbar Rajshahi,Sylhet Strikers,RP Burl,Akbar Ali,JL Jaggesar
2536,2,11,6,Durbar Rajshahi,Sylhet Strikers,RP Burl,Akbar Ali,JL Jaggesar
2536,2,12,1,Durbar Rajshahi,Sylhet Strikers,RP Burl,Akbar Ali,Sumon Khan
2536,2,12,2,Durbar Rajshahi,Sylhet Strikers,RP Burl,Akbar Ali,Sumon Khan
2536,2,12,3,Durbar Rajshahi,Sylhet Strikers,RP Burl,Akbar Ali,Sumon Khan
2536,2,12,4,Durbar Rajshahi,Sylhet Strikers,RP Burl,Akbar Ali,Sumon Khan
2536,2,12,5,Durbar Rajshahi,Sylhet Strikers,Akbar Ali,RP Burl,Sumon Khan
2536,2,12,6,Durbar Rajshahi,Sylhet Strikers,Akbar Ali,RP Burl,Sumon Khan
2536,2,12,7,Durbar Rajshahi,Sylhet Strikers,Akbar Ali,RP Burl,Sumon Khan
2536,2,12,8,Durbar Rajshahi,Sylhet Strikers,Akbar Ali,RP Burl,Sumon Khan
2536,2,13,1,Durbar Rajshahi,Sylhet Strikers,RP Burl,Akbar Ali,Tanzim Hasan Sakib
2536,2,13,2,Durbar Rajshahi,Sylhet Strikers,RP Burl,Akbar Ali,Tanzim Hasan Sakib
2536,2,13,3,Durbar Rajshahi,Sylhet Strikers,Akbar Ali,RP Burl,Tanzim Hasan Sakib
2536,2,13,4,Durbar Rajshahi,Sylhet Strikers,Akbar Ali,RP Burl,Tanzim Hasan Sakib
2536,2,13,5,Durbar Rajshahi,Sylhet Strikers,Akbar Ali,RP Burl,Tanzim Hasan Sakib
2536,2,13,6,Durbar Rajshahi,Sylhet Strikers,RP Burl,Akbar Ali,Tanzim Hasan Sakib
2536,2,14,1,Durbar Rajshahi,Sylhet Strikers,RP Burl,Akbar Ali,Ahsan Bhatti
2536,2,14,2,Durbar Rajshahi,Sylhet Strikers,Akbar Ali,RP Burl,Ahsan Bhatti
2536,2,14,3,Durbar Rajshahi,Sylhet Strikers,SM Meherob,RP Burl,Ahsan Bhatti
2536,2,14,4,Durbar Rajshahi,Sylhet Strikers,SM Meherob,RP Burl,Ahsan Bhatti
2536,2,14,5,Durbar Rajshahi,Sylhet Strikers,SM Meherob,RP Burl,Ahsan Bhatti
2536,2,14,6,Durbar Rajshahi,Sylhet Strikers,SM Meherob,RP Burl,Ahsan Bhatti
2536,2,14,7,Durbar Rajshahi,Sylhet Strikers,RP Burl,SM Meherob,Ahsan Bhatti
2536,2,15,1,Durbar Rajshahi,Sylhet Strikers,SM Meherob,RP Burl,K Alleyne
2536,2,15,2,Durbar Rajshahi,Sylhet Strikers,RP Burl,SM Meherob,K Alleyne
2536,2,15,3,Durbar Rajshahi,Sylhet Strikers,SM Meherob,RP Burl,K Alleyne
2536,2,15,4,Durbar Rajshahi,Sylhet Strikers,SM Meherob,RP Burl,K Alleyne
2536,2,15,5,Durbar Rajshahi,Sylhet Strikers,RP Burl,SM Meherob,K Alleyne
2536,2,15,6,Durbar Rajshahi,Sylhet Strikers,RP Burl,SM Meherob,K Alleyne
2536,2,16,1,Durbar Rajshahi,Sylhet Strikers,SM Meherob,RP Burl,Ahsan Bhatti
2536,2,16,2,Durbar Rajshahi,Sylhet Strikers,RP Burl,SM Meherob,Ahsan Bhatti
2536,2,16,3,Durbar Rajshahi,Sylhet Strikers,SM Meherob,RP Burl,Ahsan Bhatti
2536,2,16,4,Durbar Rajshahi,Sylhet Strikers,RP Burl,SM Meherob,Ahsan Bhatti
2536,2,16,5,Durbar Rajshahi,Sylhet Strikers,RP Burl,SM Meherob,Ahsan Bhatti
