MATCHID,INNINGSNO,OVERNO,BALL_NO,TEAMBATTING,TEAMBOWLING,STRIKER,NON_STRIKER,BOWLER
2537,1,0,1,Rangpur Riders,Chittagong Kings,SR Taylor,Soumya Sarkar,B Fernando
2537,1,0,2,Rangpur Riders,Chittagong Kings,SR Taylor,Soumya Sarkar,B Fernando
2537,1,0,3,Rangpur Riders,Chittagong Kings,SR Taylor,Soumya Sarkar,B Fernando
2537,1,0,4,Rangpur Riders,Chittagong Kings,SR Taylor,Soumya Sarkar,B Fernando
2537,1,0,5,Rangpur Riders,Chittagong Kings,SR Taylor,Soumya Sarkar,B Fernando
2537,1,0,6,Rangpur Riders,Chittagong Kings,SR Taylor,Soumya Sarkar,B Fernando
2537,1,1,1,Rangpur Riders,Chittagong Kings,Soumya Sarkar,SR Taylor,Shoriful Islam
2537,1,1,2,Rangpur Riders,Chittagong Kings,Soumya Sarkar,SR Taylor,Shoriful Islam
2537,1,1,3,Rangpur Riders,Chittagong Kings,SR Taylor,Soumya Sarkar,Shoriful Islam
2537,1,1,4,Rangpur Riders,Chittagong Kings,SR Taylor,Soumya Sarkar,Shoriful Islam
2537,1,1,5,Rangpur Riders,Chittagong Kings,Saif Hassan,Soumya Sarkar,Shoriful Islam
2537,1,1,6,Rangpur Riders,Chittagong Kings,Saif Hassan,Soumya Sarkar,Shoriful Islam
2537,1,1,7,Rangpur Riders,Chittagong Kings,Saif Hassan,Soumya Sarkar,Shoriful Islam
2537,1,1,8,Rangpur Riders,Chittagong Kings,Saif Hassan,Soumya Sarkar,Shoriful Islam
2537,1,2,1,Rangpur Riders,Chittagong Kings,Soumya Sarkar,Saif Hassan,B Fernando
2537,1,2,2,Rangpur Riders,Chittagong Kings,Soumya Sarkar,Saif Hassan,B Fernando
2537,1,2,3,Rangpur Riders,Chittagong Kings,Soumya Sarkar,Saif Hassan,B Fernando
2537,1,2,4,Rangpur Riders,Chittagong Kings,Saif Hassan,Soumya Sarkar,B Fernando
2537,1,2,5,Rangpur Riders,Chittagong Kings,Saif Hassan,Soumya Sarkar,B Fernando
2537,1,2,6,Rangpur Riders,Chittagong Kings,Saif Hassan,Soumya Sarkar,B Fernando
2537,1,3,1,Rangpur Riders,Chittagong Kings,Soumya Sarkar,Saif Hassan,Khaled Ahmed
2537,1,3,2,Rangpur Riders,Chittagong Kings,Soumya Sarkar,Saif Hassan,Khaled Ahmed
2537,1,3,3,Rangpur Riders,Chittagong Kings,Saif Hassan,Soumya Sarkar,Khaled Ahmed
2537,1,3,4,Rangpur Riders,Chittagong Kings,Iftikhar Ahmed,Soumya Sarkar,Khaled Ahmed
2537,1,3,5,Rangpur Riders,Chittagong Kings,Soumya Sarkar,Iftikhar Ahmed,Khaled Ahmed
2537,1,3,6,Rangpur Riders,Chittagong Kings,Soumya Sarkar,Iftikhar Ahmed,Khaled Ahmed
2537,1,3,7,Rangpur Riders,Chittagong Kings,Soumya Sarkar,Iftikhar Ahmed,Khaled Ahmed
2537,1,4,1,Rangpur Riders,Chittagong Kings,Soumya Sarkar,Iftikhar Ahmed,Al Islam
2537,1,4,2,Rangpur Riders,Chittagong Kings,Soumya Sarkar,Iftikhar Ahmed,Al Islam
2537,1,4,3,Rangpur Riders,Chittagong Kings,Soumya Sarkar,Iftikhar Ahmed,Al Islam
2537,1,4,4,Rangpur Riders,Chittagong Kings,Iftikhar Ahmed,Soumya Sarkar,Al Islam
2537,1,4,5,Rangpur Riders,Chittagong Kings,Iftikhar Ahmed,Soumya Sarkar,Al Islam
2537,1,4,6,Rangpur Riders,Chittagong Kings,Iftikhar Ahmed,Soumya Sarkar,Al Islam
2537,1,5,1,Rangpur Riders,Chittagong Kings,Soumya Sarkar,Iftikhar Ahmed,Khaled Ahmed
2537,1,5,2,Rangpur Riders,Chittagong Kings,Soumya Sarkar,Iftikhar Ahmed,Khaled Ahmed
2537,1,5,3,Rangpur Riders,Chittagong Kings,Soumya Sarkar,Iftikhar Ahmed,Khaled Ahmed
2537,1,5,4,Rangpur Riders,Chittagong Kings,Soumya Sarkar,Iftikhar Ahmed,Khaled Ahmed
2537,1,5,5,Rangpur Riders,Chittagong Kings,Soumya Sarkar,Iftikhar Ahmed,Khaled Ahmed
2537,1,5,6,Rangpur Riders,Chittagong Kings,Soumya Sarkar,Iftikhar Ahmed,Khaled Ahmed
2537,1,5,7,Rangpur Riders,Chittagong Kings,Nurul Hasan,Iftikhar Ahmed,Khaled Ahmed
2537,1,6,1,Rangpur Riders,Chittagong Kings,Iftikhar Ahmed,Nurul Hasan,Al Islam
2537,1,6,2,Rangpur Riders,Chittagong Kings,Nurul Hasan,Iftikhar Ahmed,Al Islam
2537,1,6,3,Rangpur Riders,Chittagong Kings,Nurul Hasan,Iftikhar Ahmed,Al Islam
2537,1,6,4,Rangpur Riders,Chittagong Kings,Nurul Hasan,Iftikhar Ahmed,Al Islam
2537,1,6,5,Rangpur Riders,Chittagong Kings,Nurul Hasan,Iftikhar Ahmed,Al Islam
2537,1,6,6,Rangpur Riders,Chittagong Kings,Nurul Hasan,Iftikhar Ahmed,Al Islam
2537,1,7,1,Rangpur Riders,Chittagong Kings,Iftikhar Ahmed,Nurul Hasan,Rahatul Ferdous
2537,1,7,2,Rangpur Riders,Chittagong Kings,Nurul Hasan,Iftikhar Ahmed,Rahatul Ferdous
2537,1,7,3,Rangpur Riders,Chittagong Kings,Nurul Hasan,Iftikhar Ahmed,Rahatul Ferdous
2537,1,7,4,Rangpur Riders,Chittagong Kings,Nurul Hasan,Iftikhar Ahmed,Rahatul Ferdous
2537,1,7,5,Rangpur Riders,Chittagong Kings,Nurul Hasan,Iftikhar Ahmed,Rahatul Ferdous
2537,1,7,6,Rangpur Riders,Chittagong Kings,Nurul Hasan,Iftikhar Ahmed,Rahatul Ferdous
2537,1,8,1,Rangpur Riders,Chittagong Kings,Iftikhar Ahmed,Nurul Hasan,Shoriful Islam
2537,1,8,2,Rangpur Riders,Chittagong Kings,Iftikhar Ahmed,Nurul Hasan,Shoriful Islam
2537,1,8,3,Rangpur Riders,Chittagong Kings,Iftikhar Ahmed,Nurul Hasan,Shoriful Islam
2537,1,8,4,Rangpur Riders,Chittagong Kings,Iftikhar Ahmed,Nurul Hasan,Shoriful Islam
2537,1,8,5,Rangpur Riders,Chittagong Kings,Iftikhar Ahmed,Nurul Hasan,Shoriful Islam
2537,1,8,6,Rangpur Riders,Chittagong Kings,Nurul Hasan,Iftikhar Ahmed,Shoriful Islam
2537,1,9,1,Rangpur Riders,Chittagong Kings,Iftikhar Ahmed,Nurul Hasan,Rahatul Ferdous
2537,1,9,2,Rangpur Riders,Chittagong Kings,Nurul Hasan,Iftikhar Ahmed,Rahatul Ferdous
2537,1,9,3,Rangpur Riders,Chittagong Kings,Iftikhar Ahmed,Nurul Hasan,Rahatul Ferdous
2537,1,9,4,Rangpur Riders,Chittagong Kings,Iftikhar Ahmed,Nurul Hasan,Rahatul Ferdous
2537,1,9,5,Rangpur Riders,Chittagong Kings,Nurul Hasan,Iftikhar Ahmed,Rahatul Ferdous
2537,1,9,6,Rangpur Riders,Chittagong Kings,Nurul Hasan,Iftikhar Ahmed,Rahatul Ferdous
2537,1,10,1,Rangpur Riders,Chittagong Kings,Nurul Hasan,Iftikhar Ahmed,Al Islam
2537,1,10,2,Rangpur Riders,Chittagong Kings,Nurul Hasan,Iftikhar Ahmed,Al Islam
2537,1,10,3,Rangpur Riders,Chittagong Kings,Nurul Hasan,Iftikhar Ahmed,Al Islam
2537,1,10,4,Rangpur Riders,Chittagong Kings,Nurul Hasan,Iftikhar Ahmed,Al Islam
2537,1,10,5,Rangpur Riders,Chittagong Kings,Nurul Hasan,Iftikhar Ahmed,Al Islam
2537,1,10,6,Rangpur Riders,Chittagong Kings,Iftikhar Ahmed,Nurul Hasan,Al Islam
2537,1,11,1,Rangpur Riders,Chittagong Kings,Iftikhar Ahmed,Nurul Hasan,Khaled Ahmed
2537,1,11,2,Rangpur Riders,Chittagong Kings,Nurul Hasan,Iftikhar Ahmed,Khaled Ahmed
2537,1,11,3,Rangpur Riders,Chittagong Kings,Irfan Sukkur,Iftikhar Ahmed,Khaled Ahmed
2537,1,11,4,Rangpur Riders,Chittagong Kings,Iftikhar Ahmed,Irfan Sukkur,Khaled Ahmed
2537,1,11,5,Rangpur Riders,Chittagong Kings,Iftikhar Ahmed,Irfan Sukkur,Khaled Ahmed
2537,1,11,6,Rangpur Riders,Chittagong Kings,Iftikhar Ahmed,Irfan Sukkur,Khaled Ahmed
2537,1,12,1,Rangpur Riders,Chittagong Kings,Iftikhar Ahmed,Irfan Sukkur,Shamim Hossain
2537,1,12,2,Rangpur Riders,Chittagong Kings,Irfan Sukkur,Iftikhar Ahmed,Shamim Hossain
2537,1,12,3,Rangpur Riders,Chittagong Kings,Mahedi Hasan,Iftikhar Ahmed,Shamim Hossain
2537,1,12,4,Rangpur Riders,Chittagong Kings,Mahedi Hasan,Iftikhar Ahmed,Shamim Hossain
2537,1,12,5,Rangpur Riders,Chittagong Kings,Iftikhar Ahmed,Mahedi Hasan,Shamim Hossain
2537,1,12,6,Rangpur Riders,Chittagong Kings,Iftikhar Ahmed,Mahedi Hasan,Shamim Hossain
2537,1,13,1,Rangpur Riders,Chittagong Kings,Mahedi Hasan,Iftikhar Ahmed,Rahatul Ferdous
2537,1,13,2,Rangpur Riders,Chittagong Kings,Mahedi Hasan,Iftikhar Ahmed,Rahatul Ferdous
2537,1,13,3,Rangpur Riders,Chittagong Kings,Mahedi Hasan,Iftikhar Ahmed,Rahatul Ferdous
2537,1,13,4,Rangpur Riders,Chittagong Kings,Mahedi Hasan,Iftikhar Ahmed,Rahatul Ferdous
2537,1,13,5,Rangpur Riders,Chittagong Kings,Iftikhar Ahmed,Mahedi Hasan,Rahatul Ferdous
2537,1,13,6,Rangpur Riders,Chittagong Kings,Iftikhar Ahmed,Mahedi Hasan,Rahatul Ferdous
2537,1,14,1,Rangpur Riders,Chittagong Kings,Mahedi Hasan,Iftikhar Ahmed,Al Islam
2537,1,14,2,Rangpur Riders,Chittagong Kings,Mahedi Hasan,Iftikhar Ahmed,Al Islam
2537,1,14,3,Rangpur Riders,Chittagong Kings,Mahedi Hasan,Iftikhar Ahmed,Al Islam
2537,1,14,4,Rangpur Riders,Chittagong Kings,Iftikhar Ahmed,Mahedi Hasan,Al Islam
2537,1,14,5,Rangpur Riders,Chittagong Kings,Mahedi Hasan,Iftikhar Ahmed,Al Islam
2537,1,14,6,Rangpur Riders,Chittagong Kings,Iftikhar Ahmed,Mahedi Hasan,Al Islam
2537,1,15,1,Rangpur Riders,Chittagong Kings,Iftikhar Ahmed,Mahedi Hasan,Shoriful Islam
2537,1,15,2,Rangpur Riders,Chittagong Kings,Iftikhar Ahmed,Mahedi Hasan,Shoriful Islam
2537,1,15,3,Rangpur Riders,Chittagong Kings,Iftikhar Ahmed,Mahedi Hasan,Shoriful Islam
2537,1,15,4,Rangpur Riders,Chittagong Kings,Iftikhar Ahmed,Mahedi Hasan,Shoriful Islam
2537,1,15,5,Rangpur Riders,Chittagong Kings,Mahedi Hasan,Iftikhar Ahmed,Shoriful Islam
2537,1,15,6,Rangpur Riders,Chittagong Kings,Iftikhar Ahmed,Mahedi Hasan,Shoriful Islam
2537,1,16,1,Rangpur Riders,Chittagong Kings,Mahedi Hasan,Iftikhar Ahmed,B Fernando
2537,1,16,2,Rangpur Riders,Chittagong Kings,Iftikhar Ahmed,Mahedi Hasan,B Fernando
2537,1,16,3,Rangpur Riders,Chittagong Kings,Iftikhar Ahmed,Mahedi Hasan,B Fernando
2537,1,16,4,Rangpur Riders,Chittagong Kings,Iftikhar Ahmed,Mahedi Hasan,B Fernando
2537,1,16,5,Rangpur Riders,Chittagong Kings,Mahedi Hasan,Iftikhar Ahmed,B Fernando
2537,1,16,6,Rangpur Riders,Chittagong Kings,Iftikhar Ahmed,Mahedi Hasan,B Fernando
2537,1,17,1,Rangpur Riders,Chittagong Kings,Iftikhar Ahmed,Mahedi Hasan,Khaled Ahmed
2537,1,17,2,Rangpur Riders,Chittagong Kings,Iftikhar Ahmed,Mahedi Hasan,Khaled Ahmed
2537,1,17,3,Rangpur Riders,Chittagong Kings,Iftikhar Ahmed,Mahedi Hasan,Khaled Ahmed
2537,1,17,4,Rangpur Riders,Chittagong Kings,Iftikhar Ahmed,Mahedi Hasan,Khaled Ahmed
2537,1,17,5,Rangpur Riders,Chittagong Kings,Iftikhar Ahmed,Mahedi Hasan,Khaled Ahmed
2537,1,17,6,Rangpur Riders,Chittagong Kings,Mahedi Hasan,Iftikhar Ahmed,Khaled Ahmed
2537,1,17,7,Rangpur Riders,Chittagong Kings,Mahedi Hasan,Iftikhar Ahmed,Khaled Ahmed
2537,1,18,1,Rangpur Riders,Chittagong Kings,Mahedi Hasan,Iftikhar Ahmed,B Fernando
2537,1,18,2,Rangpur Riders,Chittagong Kings,Mahedi Hasan,Iftikhar Ahmed,B Fernando
2537,1,18,3,Rangpur Riders,Chittagong Kings,Mahedi Hasan,Iftikhar Ahmed,B Fernando
2537,1,18,4,Rangpur Riders,Chittagong Kings,Mahedi Hasan,Iftikhar Ahmed,B Fernando
2537,1,18,5,Rangpur Riders,Chittagong Kings,Iftikhar Ahmed,Mahedi Hasan,B Fernando
2537,1,18,6,Rangpur Riders,Chittagong Kings,Iftikhar Ahmed,Mahedi Hasan,B Fernando
2537,1,18,7,Rangpur Riders,Chittagong Kings,Mahedi Hasan,Iftikhar Ahmed,B Fernando
2537,1,18,8,Rangpur Riders,Chittagong Kings,Mahedi Hasan,Iftikhar Ahmed,B Fernando
2537,1,19,1,Rangpur Riders,Chittagong Kings,Mahedi Hasan,Iftikhar Ahmed,Shoriful Islam
2537,1,19,2,Rangpur Riders,Chittagong Kings,Iftikhar Ahmed,Mahedi Hasan,Shoriful Islam
2537,1,19,3,Rangpur Riders,Chittagong Kings,Iftikhar Ahmed,Mahedi Hasan,Shoriful Islam
2537,1,19,4,Rangpur Riders,Chittagong Kings,Iftikhar Ahmed,Mahedi Hasan,Shoriful Islam
2537,1,19,5,Rangpur Riders,Chittagong Kings,Iftikhar Ahmed,Mahedi Hasan,Shoriful Islam
2537,1,19,6,Rangpur Riders,Chittagong Kings,Iftikhar Ahmed,Mahedi Hasan,Shoriful Islam
2537,1,19,7,Rangpur Riders,Chittagong Kings,Iftikhar Ahmed,Mahedi Hasan,Shoriful Islam
2537,2,0,1,Chittagong Kings,Rangpur Riders,BKEL Milantha,Parvez Hossain Emon,Mahedi Hasan
2537,2,0,2,Chittagong Kings,Rangpur Riders,BKEL Milantha,Parvez Hossain Emon,Mahedi Hasan
2537,2,0,3,Chittagong Kings,Rangpur Riders,BKEL Milantha,Parvez Hossain Emon,Mahedi Hasan
2537,2,0,4,Chittagong Kings,Rangpur Riders,BKEL Milantha,Parvez Hossain Emon,Mahedi Hasan
2537,2,0,5,Chittagong Kings,Rangpur Riders,BKEL Milantha,Parvez Hossain Emon,Mahedi Hasan
2537,2,0,6,Chittagong Kings,Rangpur Riders,BKEL Milantha,Parvez Hossain Emon,Mahedi Hasan
2537,2,1,1,Chittagong Kings,Rangpur Riders,Parvez Hossain Emon,BKEL Milantha,Iftikhar Ahmed
2537,2,1,2,Chittagong Kings,Rangpur Riders,Parvez Hossain Emon,BKEL Milantha,Iftikhar Ahmed
2537,2,1,3,Chittagong Kings,Rangpur Riders,Parvez Hossain Emon,BKEL Milantha,Iftikhar Ahmed
2537,2,1,4,Chittagong Kings,Rangpur Riders,Parvez Hossain Emon,BKEL Milantha,Iftikhar Ahmed
2537,2,1,5,Chittagong Kings,Rangpur Riders,Parvez Hossain Emon,BKEL Milantha,Iftikhar Ahmed
2537,2,1,6,Chittagong Kings,Rangpur Riders,Parvez Hossain Emon,BKEL Milantha,Iftikhar Ahmed
2537,2,2,1,Chittagong Kings,Rangpur Riders,BKEL Milantha,Parvez Hossain Emon,Mahedi Hasan
2537,2,2,2,Chittagong Kings,Rangpur Riders,Parvez Hossain Emon,BKEL Milantha,Mahedi Hasan
2537,2,2,3,Chittagong Kings,Rangpur Riders,Parvez Hossain Emon,BKEL Milantha,Mahedi Hasan
2537,2,2,4,Chittagong Kings,Rangpur Riders,BKEL Milantha,Parvez Hossain Emon,Mahedi Hasan
2537,2,2,5,Chittagong Kings,Rangpur Riders,BKEL Milantha,Parvez Hossain Emon,Mahedi Hasan
2537,2,2,6,Chittagong Kings,Rangpur Riders,Parvez Hossain Emon,BKEL Milantha,Mahedi Hasan
2537,2,3,1,Chittagong Kings,Rangpur Riders,BKEL Milantha,Parvez Hossain Emon,Akif Javed
2537,2,3,2,Chittagong Kings,Rangpur Riders,BKEL Milantha,Parvez Hossain Emon,Akif Javed
2537,2,3,3,Chittagong Kings,Rangpur Riders,BKEL Milantha,Parvez Hossain Emon,Akif Javed
2537,2,3,4,Chittagong Kings,Rangpur Riders,G Clark,Parvez Hossain Emon,Akif Javed
2537,2,3,5,Chittagong Kings,Rangpur Riders,G Clark,Parvez Hossain Emon,Akif Javed
2537,2,3,6,Chittagong Kings,Rangpur Riders,G Clark,Parvez Hossain Emon,Akif Javed
2537,2,4,1,Chittagong Kings,Rangpur Riders,Parvez Hossain Emon,G Clark,Mahedi Hasan
2537,2,4,2,Chittagong Kings,Rangpur Riders,G Clark,Parvez Hossain Emon,Mahedi Hasan
2537,2,4,3,Chittagong Kings,Rangpur Riders,G Clark,Parvez Hossain Emon,Mahedi Hasan
2537,2,4,4,Chittagong Kings,Rangpur Riders,G Clark,Parvez Hossain Emon,Mahedi Hasan
2537,2,4,5,Chittagong Kings,Rangpur Riders,G Clark,Parvez Hossain Emon,Mahedi Hasan
2537,2,4,6,Chittagong Kings,Rangpur Riders,G Clark,Parvez Hossain Emon,Mahedi Hasan
2537,2,5,1,Chittagong Kings,Rangpur Riders,G Clark,Parvez Hossain Emon,Akif Javed
2537,2,5,2,Chittagong Kings,Rangpur Riders,G Clark,Parvez Hossain Emon,Akif Javed
2537,2,5,3,Chittagong Kings,Rangpur Riders,G Clark,Parvez Hossain Emon,Akif Javed
2537,2,5,4,Chittagong Kings,Rangpur Riders,G Clark,Parvez Hossain Emon,Akif Javed
2537,2,5,5,Chittagong Kings,Rangpur Riders,Mohammad Mithun,Parvez Hossain Emon,Akif Javed
2537,2,5,6,Chittagong Kings,Rangpur Riders,Mohammad Mithun,Parvez Hossain Emon,Akif Javed
2537,2,6,1,Chittagong Kings,Rangpur Riders,Parvez Hossain Emon,Mohammad Mithun,Iftikhar Ahmed
2537,2,6,2,Chittagong Kings,Rangpur Riders,Parvez Hossain Emon,Mohammad Mithun,Iftikhar Ahmed
2537,2,6,3,Chittagong Kings,Rangpur Riders,Mohammad Mithun,Parvez Hossain Emon,Iftikhar Ahmed
2537,2,6,4,Chittagong Kings,Rangpur Riders,Parvez Hossain Emon,Mohammad Mithun,Iftikhar Ahmed
2537,2,6,5,Chittagong Kings,Rangpur Riders,Mohammad Mithun,Parvez Hossain Emon,Iftikhar Ahmed
2537,2,6,6,Chittagong Kings,Rangpur Riders,Parvez Hossain Emon,Mohammad Mithun,Iftikhar Ahmed
2537,2,7,1,Chittagong Kings,Rangpur Riders,Mohammad Mithun,Parvez Hossain Emon,Rakibul Hasan
2537,2,7,2,Chittagong Kings,Rangpur Riders,Parvez Hossain Emon,Mohammad Mithun,Rakibul Hasan
2537,2,7,3,Chittagong Kings,Rangpur Riders,Parvez Hossain Emon,Mohammad Mithun,Rakibul Hasan
2537,2,7,4,Chittagong Kings,Rangpur Riders,Mohammad Mithun,Parvez Hossain Emon,Rakibul Hasan
2537,2,7,5,Chittagong Kings,Rangpur Riders,Parvez Hossain Emon,Mohammad Mithun,Rakibul Hasan
2537,2,7,6,Chittagong Kings,Rangpur Riders,Parvez Hossain Emon,Mohammad Mithun,Rakibul Hasan
2537,2,8,1,Chittagong Kings,Rangpur Riders,Mohammad Mithun,Parvez Hossain Emon,Nahid Rana
2537,2,8,2,Chittagong Kings,Rangpur Riders,Parvez Hossain Emon,Mohammad Mithun,Nahid Rana
2537,2,8,3,Chittagong Kings,Rangpur Riders,Parvez Hossain Emon,Mohammad Mithun,Nahid Rana
2537,2,8,4,Chittagong Kings,Rangpur Riders,Mohammad Mithun,Parvez Hossain Emon,Nahid Rana
2537,2,8,5,Chittagong Kings,Rangpur Riders,Parvez Hossain Emon,Mohammad Mithun,Nahid Rana
2537,2,8,6,Chittagong Kings,Rangpur Riders,Mohammad Mithun,Parvez Hossain Emon,Nahid Rana
2537,2,8,7,Chittagong Kings,Rangpur Riders,Mohammad Mithun,Parvez Hossain Emon,Nahid Rana
2537,2,9,1,Chittagong Kings,Rangpur Riders,Mohammad Mithun,Parvez Hossain Emon,Mohammad Saifuddin
2537,2,9,2,Chittagong Kings,Rangpur Riders,Mohammad Mithun,Parvez Hossain Emon,Mohammad Saifuddin
2537,2,9,3,Chittagong Kings,Rangpur Riders,Mohammad Mithun,Parvez Hossain Emon,Mohammad Saifuddin
2537,2,9,4,Chittagong Kings,Rangpur Riders,Mohammad Mithun,Parvez Hossain Emon,Mohammad Saifuddin
2537,2,9,5,Chittagong Kings,Rangpur Riders,Mohammad Mithun,Parvez Hossain Emon,Mohammad Saifuddin
2537,2,9,6,Chittagong Kings,Rangpur Riders,Parvez Hossain Emon,Mohammad Mithun,Mohammad Saifuddin
2537,2,9,7,Chittagong Kings,Rangpur Riders,Mohammad Mithun,Parvez Hossain Emon,Mohammad Saifuddin
2537,2,10,1,Chittagong Kings,Rangpur Riders,Parvez Hossain Emon,Haider Ali,Iftikhar Ahmed
2537,2,10,2,Chittagong Kings,Rangpur Riders,Haider Ali,Parvez Hossain Emon,Iftikhar Ahmed
2537,2,10,3,Chittagong Kings,Rangpur Riders,Parvez Hossain Emon,Haider Ali,Iftikhar Ahmed
2537,2,10,4,Chittagong Kings,Rangpur Riders,Parvez Hossain Emon,Haider Ali,Iftikhar Ahmed
2537,2,10,5,Chittagong Kings,Rangpur Riders,Parvez Hossain Emon,Haider Ali,Iftikhar Ahmed
2537,2,10,6,Chittagong Kings,Rangpur Riders,Parvez Hossain Emon,Haider Ali,Iftikhar Ahmed
2537,2,11,1,Chittagong Kings,Rangpur Riders,Haider Ali,Parvez Hossain Emon,Rakibul Hasan
2537,2,11,2,Chittagong Kings,Rangpur Riders,Haider Ali,Parvez Hossain Emon,Rakibul Hasan
2537,2,11,3,Chittagong Kings,Rangpur Riders,Parvez Hossain Emon,Haider Ali,Rakibul Hasan
2537,2,11,4,Chittagong Kings,Rangpur Riders,Haider Ali,Parvez Hossain Emon,Rakibul Hasan
2537,2,11,5,Chittagong Kings,Rangpur Riders,Haider Ali,Parvez Hossain Emon,Rakibul Hasan
2537,2,11,6,Chittagong Kings,Rangpur Riders,Haider Ali,Parvez Hossain Emon,Rakibul Hasan
2537,2,12,1,Chittagong Kings,Rangpur Riders,Parvez Hossain Emon,Haider Ali,Saif Hassan
2537,2,12,2,Chittagong Kings,Rangpur Riders,Parvez Hossain Emon,Haider Ali,Saif Hassan
2537,2,12,3,Chittagong Kings,Rangpur Riders,Parvez Hossain Emon,Haider Ali,Saif Hassan
2537,2,12,4,Chittagong Kings,Rangpur Riders,Haider Ali,Parvez Hossain Emon,Saif Hassan
2537,2,12,5,Chittagong Kings,Rangpur Riders,Haider Ali,Parvez Hossain Emon,Saif Hassan
2537,2,12,6,Chittagong Kings,Rangpur Riders,Parvez Hossain Emon,Haider Ali,Saif Hassan
2537,2,13,1,Chittagong Kings,Rangpur Riders,Haider Ali,Parvez Hossain Emon,Nahid Rana
2537,2,13,2,Chittagong Kings,Rangpur Riders,Parvez Hossain Emon,Haider Ali,Nahid Rana
2537,2,13,3,Chittagong Kings,Rangpur Riders,Parvez Hossain Emon,Haider Ali,Nahid Rana
2537,2,13,4,Chittagong Kings,Rangpur Riders,Parvez Hossain Emon,Haider Ali,Nahid Rana
2537,2,13,5,Chittagong Kings,Rangpur Riders,Parvez Hossain Emon,Haider Ali,Nahid Rana
2537,2,13,6,Chittagong Kings,Rangpur Riders,Haider Ali,Parvez Hossain Emon,Nahid Rana
2537,2,14,1,Chittagong Kings,Rangpur Riders,Parvez Hossain Emon,Haider Ali,Akif Javed
2537,2,14,2,Chittagong Kings,Rangpur Riders,Haider Ali,Parvez Hossain Emon,Akif Javed
2537,2,14,3,Chittagong Kings,Rangpur Riders,Parvez Hossain Emon,Haider Ali,Akif Javed
2537,2,14,4,Chittagong Kings,Rangpur Riders,Parvez Hossain Emon,Haider Ali,Akif Javed
2537,2,14,5,Chittagong Kings,Rangpur Riders,Parvez Hossain Emon,Haider Ali,Akif Javed
2537,2,14,6,Chittagong Kings,Rangpur Riders,Parvez Hossain Emon,Haider Ali,Akif Javed
2537,2,15,1,Chittagong Kings,Rangpur Riders,Parvez Hossain Emon,Haider Ali,Mohammad Saifuddin
2537,2,15,2,Chittagong Kings,Rangpur Riders,Haider Ali,Parvez Hossain Emon,Mohammad Saifuddin
2537,2,15,3,Chittagong Kings,Rangpur Riders,Haider Ali,Parvez Hossain Emon,Mohammad Saifuddin
2537,2,15,4,Chittagong Kings,Rangpur Riders,Parvez Hossain Emon,Haider Ali,Mohammad Saifuddin
2537,2,15,5,Chittagong Kings,Rangpur Riders,Shamim Hossain,Haider Ali,Mohammad Saifuddin
2537,2,15,6,Chittagong Kings,Rangpur Riders,Shamim Hossain,Haider Ali,Mohammad Saifuddin
2537,2,16,1,Chittagong Kings,Rangpur Riders,Haider Ali,Shamim Hossain,Mahedi Hasan
2537,2,16,2,Chittagong Kings,Rangpur Riders,Haider Ali,Shamim Hossain,Mahedi Hasan
2537,2,16,3,Chittagong Kings,Rangpur Riders,Haider Ali,Shamim Hossain,Mahedi Hasan
2537,2,16,4,Chittagong Kings,Rangpur Riders,Rahatul Ferdous,Haider Ali,Mahedi Hasan
2537,2,16,5,Chittagong Kings,Rangpur Riders,Rahatul Ferdous,Haider Ali,Mahedi Hasan
2537,2,16,6,Chittagong Kings,Rangpur Riders,Rahatul Ferdous,Haider Ali,Mahedi Hasan
2537,2,16,7,Chittagong Kings,Rangpur Riders,Rahatul Ferdous,Haider Ali,Mahedi Hasan
2537,2,16,8,Chittagong Kings,Rangpur Riders,Rahatul Ferdous,Haider Ali,Mahedi Hasan
2537,2,17,1,Chittagong Kings,Rangpur Riders,Haider Ali,Rahatul Ferdous,Akif Javed
2537,2,17,2,Chittagong Kings,Rangpur Riders,Haider Ali,Rahatul Ferdous,Akif Javed
2537,2,17,3,Chittagong Kings,Rangpur Riders,Haider Ali,Rahatul Ferdous,Akif Javed
2537,2,17,4,Chittagong Kings,Rangpur Riders,Haider Ali,Rahatul Ferdous,Akif Javed
