MATCHID,INNINGSNO,OVERNO,BALL_NO,TEAMBATTING,TEAM_BOWLING,STRIKER,NON_STRIKER,BOWLER
2525,1,0,1,Chittagong Kings,Fortune Barishal,Usman Khan,Parvez Hossain Emon,Jahandad Khan
2525,1,0,2,Chittagong Kings,Fortune Barishal,Usman Khan,Parvez Hossain Emon,Jahandad Khan
2525,1,0,3,Chittagong Kings,Fortune Barishal,Usman Khan,Parvez Hossain Emon,Jahandad Khan
2525,1,0,4,Chittagong Kings,Fortune Barishal,Usman Khan,Parvez Hossain Emon,Jahandad Khan
2525,1,0,5,Chittagong Kings,Fortune Barishal,Usman Khan,Parvez Hossain Emon,Jahandad Khan
2525,1,0,6,Chittagong Kings,Fortune Barishal,Usman Khan,Parvez Hossain Emon,Jahandad Khan
2525,1,0,7,Chittagong Kings,Fortune Barishal,Usman Khan,Parvez Hossain Emon,Jahandad Khan
2525,1,1,1,Chittagong Kings,Fortune Barishal,Parvez Hossain Emon,Usman Khan,Tanvir Islam
2525,1,1,2,Chittagong Kings,Fortune Barishal,Usman Khan,Parvez Hossain Emon,Tanvir Islam
2525,1,1,3,Chittagong Kings,Fortune Barishal,Usman Khan,Parvez Hossain Emon,Tanvir Islam
2525,1,1,4,Chittagong Kings,Fortune Barishal,Usman Khan,Parvez Hossain Emon,Tanvir Islam
2525,1,1,5,Chittagong Kings,Fortune Barishal,Usman Khan,Parvez Hossain Emon,Tanvir Islam
2525,1,1,6,Chittagong Kings,Fortune Barishal,Usman Khan,Parvez Hossain Emon,Tanvir Islam
2525,1,2,1,Chittagong Kings,Fortune Barishal,Usman Khan,Parvez Hossain Emon,R Mondol
2525,1,2,2,Chittagong Kings,Fortune Barishal,Usman Khan,Parvez Hossain Emon,R Mondol
2525,1,2,3,Chittagong Kings,Fortune Barishal,G Clark,Parvez Hossain Emon,R Mondol
2525,1,2,4,Chittagong Kings,Fortune Barishal,G Clark,Parvez Hossain Emon,R Mondol
2525,1,2,5,Chittagong Kings,Fortune Barishal,G Clark,Parvez Hossain Emon,R Mondol
2525,1,2,6,Chittagong Kings,Fortune Barishal,G Clark,Parvez Hossain Emon,R Mondol
2525,1,3,1,Chittagong Kings,Fortune Barishal,Parvez Hossain Emon,Mohammad Mithun,Faheem Ashraf
2525,1,3,2,Chittagong Kings,Fortune Barishal,Parvez Hossain Emon,Mohammad Mithun,Faheem Ashraf
2525,1,3,3,Chittagong Kings,Fortune Barishal,Haider Ali,Mohammad Mithun,Faheem Ashraf
2525,1,3,4,Chittagong Kings,Fortune Barishal,Mohammad Mithun,Haider Ali,Faheem Ashraf
2525,1,3,5,Chittagong Kings,Fortune Barishal,Haider Ali,Mohammad Mithun,Faheem Ashraf
2525,1,3,6,Chittagong Kings,Fortune Barishal,Haider Ali,Mohammad Mithun,Faheem Ashraf
2525,1,4,1,Chittagong Kings,Fortune Barishal,Mohammad Mithun,Shamim Hossain,R Mondol
2525,1,4,2,Chittagong Kings,Fortune Barishal,Shamim Hossain,Mohammad Mithun,R Mondol
2525,1,4,3,Chittagong Kings,Fortune Barishal,Shamim Hossain,Mohammad Mithun,R Mondol
2525,1,4,4,Chittagong Kings,Fortune Barishal,Shamim Hossain,Mohammad Mithun,R Mondol
2525,1,4,5,Chittagong Kings,Fortune Barishal,Mohammad Mithun,Shamim Hossain,R Mondol
2525,1,4,6,Chittagong Kings,Fortune Barishal,Mohammad Mithun,Shamim Hossain,R Mondol
2525,1,5,1,Chittagong Kings,Fortune Barishal,Shamim Hossain,Mohammad Mithun,Faheem Ashraf
2525,1,5,2,Chittagong Kings,Fortune Barishal,Shamim Hossain,Mohammad Mithun,Faheem Ashraf
2525,1,5,3,Chittagong Kings,Fortune Barishal,Shamim Hossain,Mohammad Mithun,Faheem Ashraf
2525,1,5,4,Chittagong Kings,Fortune Barishal,Al Islam,Mohammad Mithun,Faheem Ashraf
2525,1,5,5,Chittagong Kings,Fortune Barishal,Al Islam,Mohammad Mithun,Faheem Ashraf
2525,1,5,6,Chittagong Kings,Fortune Barishal,Al Islam,Mohammad Mithun,Faheem Ashraf
2525,1,6,1,Chittagong Kings,Fortune Barishal,Mohammad Mithun,Al Islam,Tanvir Islam
2525,1,6,2,Chittagong Kings,Fortune Barishal,Mohammad Mithun,Al Islam,Tanvir Islam
2525,1,6,3,Chittagong Kings,Fortune Barishal,Mohammad Mithun,Al Islam,Tanvir Islam
2525,1,6,4,Chittagong Kings,Fortune Barishal,Mohammad Mithun,Al Islam,Tanvir Islam
2525,1,6,5,Chittagong Kings,Fortune Barishal,Mohammad Mithun,Al Islam,Tanvir Islam
2525,1,6,6,Chittagong Kings,Fortune Barishal,Al Islam,Mohammad Mithun,Tanvir Islam
2525,1,7,1,Chittagong Kings,Fortune Barishal,Mohammad Mithun,Al Islam,Jahandad Khan
2525,1,7,2,Chittagong Kings,Fortune Barishal,Mohammad Mithun,Al Islam,Jahandad Khan
2525,1,7,3,Chittagong Kings,Fortune Barishal,Mohammad Mithun,Al Islam,Jahandad Khan
2525,1,7,4,Chittagong Kings,Fortune Barishal,Mohammad Mithun,Al Islam,Jahandad Khan
2525,1,7,5,Chittagong Kings,Fortune Barishal,Mohammad Mithun,Al Islam,Jahandad Khan
2525,1,7,6,Chittagong Kings,Fortune Barishal,Al Islam,Mohammad Mithun,Jahandad Khan
2525,1,8,1,Chittagong Kings,Fortune Barishal,Mohammad Mithun,Al Islam,Tanvir Islam
2525,1,8,2,Chittagong Kings,Fortune Barishal,Mohammad Mithun,Al Islam,Tanvir Islam
2525,1,8,3,Chittagong Kings,Fortune Barishal,Al Islam,Mohammad Mithun,Tanvir Islam
2525,1,8,4,Chittagong Kings,Fortune Barishal,Al Islam,Mohammad Mithun,Tanvir Islam
2525,1,8,5,Chittagong Kings,Fortune Barishal,Arafat Sunny,Mohammad Mithun,Tanvir Islam
2525,1,8,6,Chittagong Kings,Fortune Barishal,Arafat Sunny,Mohammad Mithun,Tanvir Islam
2525,1,9,1,Chittagong Kings,Fortune Barishal,Mohammad Mithun,Arafat Sunny,Rishad Hossain
2525,1,9,2,Chittagong Kings,Fortune Barishal,Arafat Sunny,Mohammad Mithun,Rishad Hossain
2525,1,9,3,Chittagong Kings,Fortune Barishal,Arafat Sunny,Mohammad Mithun,Rishad Hossain
2525,1,9,4,Chittagong Kings,Fortune Barishal,Arafat Sunny,Mohammad Mithun,Rishad Hossain
2525,1,9,5,Chittagong Kings,Fortune Barishal,Arafat Sunny,Mohammad Mithun,Rishad Hossain
2525,1,9,6,Chittagong Kings,Fortune Barishal,Mohammad Mithun,Arafat Sunny,Rishad Hossain
2525,1,10,1,Chittagong Kings,Fortune Barishal,Mohammad Mithun,Arafat Sunny,Mohammad Nabi
2525,1,10,2,Chittagong Kings,Fortune Barishal,Arafat Sunny,Mohammad Mithun,Mohammad Nabi
2525,1,10,3,Chittagong Kings,Fortune Barishal,Arafat Sunny,Mohammad Mithun,Mohammad Nabi
2525,1,10,4,Chittagong Kings,Fortune Barishal,Mohammad Mithun,Arafat Sunny,Mohammad Nabi
2525,1,10,5,Chittagong Kings,Fortune Barishal,Arafat Sunny,Mohammad Mithun,Mohammad Nabi
2525,1,10,6,Chittagong Kings,Fortune Barishal,Arafat Sunny,Mohammad Mithun,Mohammad Nabi
2525,1,11,1,Chittagong Kings,Fortune Barishal,Mohammad Mithun,Arafat Sunny,Rishad Hossain
2525,1,11,2,Chittagong Kings,Fortune Barishal,Mohammad Mithun,Arafat Sunny,Rishad Hossain
2525,1,11,3,Chittagong Kings,Fortune Barishal,Arafat Sunny,Mohammad Mithun,Rishad Hossain
2525,1,11,4,Chittagong Kings,Fortune Barishal,Arafat Sunny,Mohammad Mithun,Rishad Hossain
2525,1,11,5,Chittagong Kings,Fortune Barishal,Arafat Sunny,Mohammad Mithun,Rishad Hossain
2525,1,11,6,Chittagong Kings,Fortune Barishal,Mohammad Mithun,Arafat Sunny,Rishad Hossain
2525,1,12,1,Chittagong Kings,Fortune Barishal,Mohammad Mithun,Arafat Sunny,Mohammad Nabi
2525,1,12,2,Chittagong Kings,Fortune Barishal,Mohammad Mithun,Arafat Sunny,Mohammad Nabi
2525,1,12,3,Chittagong Kings,Fortune Barishal,Mohammad Mithun,Arafat Sunny,Mohammad Nabi
2525,1,12,4,Chittagong Kings,Fortune Barishal,Arafat Sunny,Mohammad Mithun,Mohammad Nabi
2525,1,12,5,Chittagong Kings,Fortune Barishal,Arafat Sunny,Mohammad Mithun,Mohammad Nabi
2525,1,12,6,Chittagong Kings,Fortune Barishal,Mohammad Mithun,Arafat Sunny,Mohammad Nabi
2525,1,13,1,Chittagong Kings,Fortune Barishal,Mohammad Mithun,Arafat Sunny,Faheem Ashraf
2525,1,13,2,Chittagong Kings,Fortune Barishal,Mohammad Mithun,Arafat Sunny,Faheem Ashraf
2525,1,13,3,Chittagong Kings,Fortune Barishal,Arafat Sunny,Mohammad Mithun,Faheem Ashraf
2525,1,13,4,Chittagong Kings,Fortune Barishal,Arafat Sunny,Mohammad Mithun,Faheem Ashraf
2525,1,13,5,Chittagong Kings,Fortune Barishal,Mohammad Mithun,Arafat Sunny,Faheem Ashraf
2525,1,13,6,Chittagong Kings,Fortune Barishal,Arafat Sunny,Mohammad Mithun,Faheem Ashraf
2525,1,14,1,Chittagong Kings,Fortune Barishal,Mohammad Mithun,Arafat Sunny,Tanvir Islam
2525,1,14,2,Chittagong Kings,Fortune Barishal,Arafat Sunny,Mohammad Mithun,Tanvir Islam
2525,1,14,3,Chittagong Kings,Fortune Barishal,Mohammad Mithun,Arafat Sunny,Tanvir Islam
2525,1,14,4,Chittagong Kings,Fortune Barishal,Mohammad Mithun,Arafat Sunny,Tanvir Islam
2525,1,14,5,Chittagong Kings,Fortune Barishal,Mohammad Mithun,Arafat Sunny,Tanvir Islam
2525,1,14,6,Chittagong Kings,Fortune Barishal,Khaled Ahmed,Arafat Sunny,Tanvir Islam
2525,1,15,1,Chittagong Kings,Fortune Barishal,Arafat Sunny,Khaled Ahmed,Rishad Hossain
2525,1,15,2,Chittagong Kings,Fortune Barishal,Arafat Sunny,Khaled Ahmed,Rishad Hossain
2525,1,15,3,Chittagong Kings,Fortune Barishal,Arafat Sunny,Khaled Ahmed,Rishad Hossain
2525,1,15,4,Chittagong Kings,Fortune Barishal,Khaled Ahmed,Arafat Sunny,Rishad Hossain
2525,1,15,5,Chittagong Kings,Fortune Barishal,Khaled Ahmed,Arafat Sunny,Rishad Hossain
2525,1,15,6,Chittagong Kings,Fortune Barishal,Khaled Ahmed,Arafat Sunny,Rishad Hossain
2525,1,16,1,Chittagong Kings,Fortune Barishal,Arafat Sunny,Khaled Ahmed,R Mondol
2525,1,16,2,Chittagong Kings,Fortune Barishal,Khaled Ahmed,Arafat Sunny,R Mondol
2525,1,16,3,Chittagong Kings,Fortune Barishal,Arafat Sunny,Khaled Ahmed,R Mondol
2525,1,16,4,Chittagong Kings,Fortune Barishal,Khaled Ahmed,Arafat Sunny,R Mondol
2525,1,16,5,Chittagong Kings,Fortune Barishal,Arafat Sunny,Khaled Ahmed,R Mondol
2525,1,16,6,Chittagong Kings,Fortune Barishal,Arafat Sunny,Khaled Ahmed,R Mondol
2525,1,17,1,Chittagong Kings,Fortune Barishal,Khaled Ahmed,Arafat Sunny,Faheem Ashraf
2525,1,17,2,Chittagong Kings,Fortune Barishal,Arafat Sunny,Khaled Ahmed,Faheem Ashraf
2525,1,17,3,Chittagong Kings,Fortune Barishal,Khaled Ahmed,Arafat Sunny,Faheem Ashraf
2525,1,17,4,Chittagong Kings,Fortune Barishal,Khaled Ahmed,Arafat Sunny,Faheem Ashraf
2525,1,17,5,Chittagong Kings,Fortune Barishal,Khaled Ahmed,Arafat Sunny,Faheem Ashraf
2525,1,17,6,Chittagong Kings,Fortune Barishal,Arafat Sunny,Khaled Ahmed,Faheem Ashraf
2525,1,18,1,Chittagong Kings,Fortune Barishal,Khaled Ahmed,Arafat Sunny,R Mondol
2525,1,18,2,Chittagong Kings,Fortune Barishal,Shoriful Islam,Arafat Sunny,R Mondol
2525,1,18,3,Chittagong Kings,Fortune Barishal,Arafat Sunny,Shoriful Islam,R Mondol
2525,1,18,4,Chittagong Kings,Fortune Barishal,Arafat Sunny,Shoriful Islam,R Mondol
2525,1,18,5,Chittagong Kings,Fortune Barishal,Shoriful Islam,Arafat Sunny,R Mondol
2525,1,18,6,Chittagong Kings,Fortune Barishal,Shoriful Islam,Arafat Sunny,R Mondol
2525,1,19,1,Chittagong Kings,Fortune Barishal,Arafat Sunny,Shoriful Islam,Jahandad Khan
2525,1,19,2,Chittagong Kings,Fortune Barishal,Arafat Sunny,Shoriful Islam,Jahandad Khan
2525,1,19,3,Chittagong Kings,Fortune Barishal,Arafat Sunny,Shoriful Islam,Jahandad Khan
2525,1,19,4,Chittagong Kings,Fortune Barishal,Shoriful Islam,Arafat Sunny,Jahandad Khan
2525,1,19,5,Chittagong Kings,Fortune Barishal,Arafat Sunny,Shoriful Islam,Jahandad Khan
2525,1,19,6,Chittagong Kings,Fortune Barishal,Shoriful Islam,Arafat Sunny,Jahandad Khan
2525,2,0,1,Fortune Barishal,Chittagong Kings,Tamim Iqbal,DJ Malan,B Fernando
2525,2,0,2,Fortune Barishal,Chittagong Kings,Tamim Iqbal,DJ Malan,B Fernando
2525,2,0,3,Fortune Barishal,Chittagong Kings,Tamim Iqbal,DJ Malan,B Fernando
2525,2,0,4,Fortune Barishal,Chittagong Kings,Tamim Iqbal,DJ Malan,B Fernando
2525,2,0,5,Fortune Barishal,Chittagong Kings,Tamim Iqbal,DJ Malan,B Fernando
2525,2,0,6,Fortune Barishal,Chittagong Kings,Tamim Iqbal,DJ Malan,B Fernando
2525,2,1,1,Fortune Barishal,Chittagong Kings,Tamim Iqbal,DJ Malan,Shoriful Islam
2525,2,1,2,Fortune Barishal,Chittagong Kings,Tamim Iqbal,DJ Malan,Shoriful Islam
2525,2,1,3,Fortune Barishal,Chittagong Kings,Tamim Iqbal,DJ Malan,Shoriful Islam
2525,2,1,4,Fortune Barishal,Chittagong Kings,Tamim Iqbal,DJ Malan,Shoriful Islam
2525,2,1,5,Fortune Barishal,Chittagong Kings,Tamim Iqbal,DJ Malan,Shoriful Islam
2525,2,1,6,Fortune Barishal,Chittagong Kings,Tamim Iqbal,DJ Malan,Shoriful Islam
2525,2,2,1,Fortune Barishal,Chittagong Kings,DJ Malan,Tamim Iqbal,B Fernando
2525,2,2,2,Fortune Barishal,Chittagong Kings,DJ Malan,Tamim Iqbal,B Fernando
2525,2,2,3,Fortune Barishal,Chittagong Kings,DJ Malan,Tamim Iqbal,B Fernando
2525,2,2,4,Fortune Barishal,Chittagong Kings,Tamim Iqbal,DJ Malan,B Fernando
2525,2,2,5,Fortune Barishal,Chittagong Kings,Tamim Iqbal,DJ Malan,B Fernando
2525,2,2,6,Fortune Barishal,Chittagong Kings,DJ Malan,Tamim Iqbal,B Fernando
2525,2,3,1,Fortune Barishal,Chittagong Kings,DJ Malan,Tamim Iqbal,Al Islam
2525,2,3,2,Fortune Barishal,Chittagong Kings,DJ Malan,Tamim Iqbal,Al Islam
2525,2,3,3,Fortune Barishal,Chittagong Kings,DJ Malan,Towhid Hridoy,Al Islam
2525,2,3,4,Fortune Barishal,Chittagong Kings,Towhid Hridoy,DJ Malan,Al Islam
2525,2,3,5,Fortune Barishal,Chittagong Kings,Towhid Hridoy,DJ Malan,Al Islam
2525,2,3,6,Fortune Barishal,Chittagong Kings,Towhid Hridoy,DJ Malan,Al Islam
2525,2,4,1,Fortune Barishal,Chittagong Kings,Towhid Hridoy,DJ Malan,Khaled Ahmed
2525,2,4,2,Fortune Barishal,Chittagong Kings,Mushfiqur Rahim,DJ Malan,Khaled Ahmed
2525,2,4,3,Fortune Barishal,Chittagong Kings,DJ Malan,Mushfiqur Rahim,Khaled Ahmed
2525,2,4,4,Fortune Barishal,Chittagong Kings,DJ Malan,Mushfiqur Rahim,Khaled Ahmed
2525,2,4,5,Fortune Barishal,Chittagong Kings,DJ Malan,Mushfiqur Rahim,Khaled Ahmed
2525,2,4,6,Fortune Barishal,Chittagong Kings,DJ Malan,Mushfiqur Rahim,Khaled Ahmed
2525,2,5,1,Fortune Barishal,Chittagong Kings,Mushfiqur Rahim,DJ Malan,Shoriful Islam
2525,2,5,2,Fortune Barishal,Chittagong Kings,Mushfiqur Rahim,DJ Malan,Shoriful Islam
2525,2,5,3,Fortune Barishal,Chittagong Kings,Mushfiqur Rahim,DJ Malan,Shoriful Islam
2525,2,5,4,Fortune Barishal,Chittagong Kings,Mushfiqur Rahim,DJ Malan,Shoriful Islam
2525,2,5,5,Fortune Barishal,Chittagong Kings,DJ Malan,Mushfiqur Rahim,Shoriful Islam
2525,2,5,6,Fortune Barishal,Chittagong Kings,Mushfiqur Rahim,DJ Malan,Shoriful Islam
2525,2,6,1,Fortune Barishal,Chittagong Kings,Mushfiqur Rahim,DJ Malan,Arafat Sunny
2525,2,6,2,Fortune Barishal,Chittagong Kings,Mushfiqur Rahim,DJ Malan,Arafat Sunny
2525,2,6,3,Fortune Barishal,Chittagong Kings,Mushfiqur Rahim,DJ Malan,Arafat Sunny
2525,2,6,4,Fortune Barishal,Chittagong Kings,Mushfiqur Rahim,DJ Malan,Arafat Sunny
2525,2,6,5,Fortune Barishal,Chittagong Kings,Mahmudullah,DJ Malan,Arafat Sunny
2525,2,6,6,Fortune Barishal,Chittagong Kings,DJ Malan,Mahmudullah,Arafat Sunny
2525,2,7,1,Fortune Barishal,Chittagong Kings,DJ Malan,Mahmudullah,Al Islam
2525,2,7,2,Fortune Barishal,Chittagong Kings,Mahmudullah,DJ Malan,Al Islam
2525,2,7,3,Fortune Barishal,Chittagong Kings,Mahmudullah,DJ Malan,Al Islam
2525,2,7,4,Fortune Barishal,Chittagong Kings,DJ Malan,Mahmudullah,Al Islam
2525,2,7,5,Fortune Barishal,Chittagong Kings,DJ Malan,Mahmudullah,Al Islam
2525,2,7,6,Fortune Barishal,Chittagong Kings,Mahmudullah,DJ Malan,Al Islam
2525,2,8,1,Fortune Barishal,Chittagong Kings,Mahmudullah,DJ Malan,Arafat Sunny
2525,2,8,2,Fortune Barishal,Chittagong Kings,Mahmudullah,DJ Malan,Arafat Sunny
2525,2,8,3,Fortune Barishal,Chittagong Kings,DJ Malan,Mahmudullah,Arafat Sunny
2525,2,8,4,Fortune Barishal,Chittagong Kings,Mahmudullah,DJ Malan,Arafat Sunny
2525,2,8,5,Fortune Barishal,Chittagong Kings,Mahmudullah,DJ Malan,Arafat Sunny
2525,2,8,6,Fortune Barishal,Chittagong Kings,Mahmudullah,DJ Malan,Arafat Sunny
2525,2,9,1,Fortune Barishal,Chittagong Kings,Mahmudullah,DJ Malan,Khaled Ahmed
2525,2,9,2,Fortune Barishal,Chittagong Kings,DJ Malan,Mahmudullah,Khaled Ahmed
2525,2,9,3,Fortune Barishal,Chittagong Kings,Mahmudullah,DJ Malan,Khaled Ahmed
2525,2,9,4,Fortune Barishal,Chittagong Kings,Mohammad Nabi,DJ Malan,Khaled Ahmed
2525,2,9,5,Fortune Barishal,Chittagong Kings,DJ Malan,Mohammad Nabi,Khaled Ahmed
2525,2,9,6,Fortune Barishal,Chittagong Kings,Mohammad Nabi,DJ Malan,Khaled Ahmed
2525,2,10,1,Fortune Barishal,Chittagong Kings,Mohammad Nabi,DJ Malan,Arafat Sunny
2525,2,10,2,Fortune Barishal,Chittagong Kings,DJ Malan,Mohammad Nabi,Arafat Sunny
2525,2,10,3,Fortune Barishal,Chittagong Kings,DJ Malan,Mohammad Nabi,Arafat Sunny
2525,2,10,4,Fortune Barishal,Chittagong Kings,Mohammad Nabi,DJ Malan,Arafat Sunny
2525,2,10,5,Fortune Barishal,Chittagong Kings,Mohammad Nabi,DJ Malan,Arafat Sunny
2525,2,10,6,Fortune Barishal,Chittagong Kings,Mohammad Nabi,DJ Malan,Arafat Sunny
2525,2,11,1,Fortune Barishal,Chittagong Kings,Mohammad Nabi,DJ Malan,Shoriful Islam
2525,2,11,2,Fortune Barishal,Chittagong Kings,DJ Malan,Mohammad Nabi,Shoriful Islam
2525,2,11,3,Fortune Barishal,Chittagong Kings,Mohammad Nabi,DJ Malan,Shoriful Islam
2525,2,11,4,Fortune Barishal,Chittagong Kings,Mohammad Nabi,DJ Malan,Shoriful Islam
2525,2,11,5,Fortune Barishal,Chittagong Kings,DJ Malan,Mohammad Nabi,Shoriful Islam
2525,2,11,6,Fortune Barishal,Chittagong Kings,DJ Malan,Mohammad Nabi,Shoriful Islam
2525,2,12,1,Fortune Barishal,Chittagong Kings,Mohammad Nabi,DJ Malan,Al Islam
2525,2,12,2,Fortune Barishal,Chittagong Kings,DJ Malan,Mohammad Nabi,Al Islam
2525,2,12,3,Fortune Barishal,Chittagong Kings,DJ Malan,Mohammad Nabi,Al Islam
2525,2,12,4,Fortune Barishal,Chittagong Kings,DJ Malan,Mohammad Nabi,Al Islam
2525,2,12,5,Fortune Barishal,Chittagong Kings,Mohammad Nabi,DJ Malan,Al Islam
2525,2,12,6,Fortune Barishal,Chittagong Kings,Mohammad Nabi,DJ Malan,Al Islam
2525,2,13,1,Fortune Barishal,Chittagong Kings,Mohammad Nabi,DJ Malan,Khaled Ahmed
2525,2,13,2,Fortune Barishal,Chittagong Kings,DJ Malan,Mohammad Nabi,Khaled Ahmed
2525,2,13,3,Fortune Barishal,Chittagong Kings,DJ Malan,Mohammad Nabi,Khaled Ahmed
2525,2,13,4,Fortune Barishal,Chittagong Kings,DJ Malan,Mohammad Nabi,Khaled Ahmed
2525,2,13,5,Fortune Barishal,Chittagong Kings,Mohammad Nabi,DJ Malan,Khaled Ahmed
2525,2,13,6,Fortune Barishal,Chittagong Kings,DJ Malan,Mohammad Nabi,Khaled Ahmed
2525,2,14,1,Fortune Barishal,Chittagong Kings,DJ Malan,Mohammad Nabi,Arafat Sunny
2525,2,14,2,Fortune Barishal,Chittagong Kings,Mohammad Nabi,DJ Malan,Arafat Sunny
2525,2,14,3,Fortune Barishal,Chittagong Kings,DJ Malan,Mohammad Nabi,Arafat Sunny
2525,2,14,4,Fortune Barishal,Chittagong Kings,Mohammad Nabi,DJ Malan,Arafat Sunny
2525,2,14,5,Fortune Barishal,Chittagong Kings,DJ Malan,Mohammad Nabi,Arafat Sunny
2525,2,14,6,Fortune Barishal,Chittagong Kings,DJ Malan,Mohammad Nabi,Arafat Sunny
2525,2,15,1,Fortune Barishal,Chittagong Kings,DJ Malan,Mohammad Nabi,B Fernando
2525,2,15,2,Fortune Barishal,Chittagong Kings,DJ Malan,Mohammad Nabi,B Fernando
2525,2,15,3,Fortune Barishal,Chittagong Kings,DJ Malan,Mohammad Nabi,B Fernando
2525,2,15,4,Fortune Barishal,Chittagong Kings,DJ Malan,Mohammad Nabi,B Fernando
2525,2,15,5,Fortune Barishal,Chittagong Kings,DJ Malan,Mohammad Nabi,B Fernando
2525,2,15,6,Fortune Barishal,Chittagong Kings,Mohammad Nabi,DJ Malan,B Fernando
2525,2,15,7,Fortune Barishal,Chittagong Kings,Mohammad Nabi,DJ Malan,B Fernando
2525,2,15,8,Fortune Barishal,Chittagong Kings,Mohammad Nabi,DJ Malan,B Fernando
2525,2,15,9,Fortune Barishal,Chittagong Kings,Mohammad Nabi,DJ Malan,B Fernando
2525,2,16,1,Fortune Barishal,Chittagong Kings,DJ Malan,Mohammad Nabi,Khaled Ahmed
2525,2,16,2,Fortune Barishal,Chittagong Kings,DJ Malan,Mohammad Nabi,Khaled Ahmed
2525,2,16,3,Fortune Barishal,Chittagong Kings,DJ Malan,Mohammad Nabi,Khaled Ahmed
2525,2,16,4,Fortune Barishal,Chittagong Kings,Mohammad Nabi,DJ Malan,Khaled Ahmed
2525,2,16,5,Fortune Barishal,Chittagong Kings,Mohammad Nabi,DJ Malan,Khaled Ahmed
