MATCHID,INNINGSNO,OVERNO,BALL_NO,TEAMBATTING,TEAM_BOWLING,STRIKER,NON_STRIKER,BOWLER
2526,1,0,1,Khulna Tigers,Durbar Rajshahi,Mohammad Naim,Mehedi Hasan Miraz,Sunzamul Islam
2526,1,0,2,Khulna Tigers,Durbar Rajshahi,Mohammad Naim,Mehedi Hasan Miraz,Sunzamul Islam
2526,1,0,3,Khulna Tigers,Durbar Rajshahi,Mohammad Naim,Mehedi Hasan Miraz,Sunzamul Islam
2526,1,0,4,Khulna Tigers,Durbar Rajshahi,Mohammad Naim,Mehedi Hasan Miraz,Sunzamul Islam
2526,1,0,5,Khulna Tigers,Durbar Rajshahi,Mehedi Hasan Miraz,Mohammad Naim,Sunzamul Islam
2526,1,0,6,Khulna Tigers,Durbar Rajshahi,Mehedi Hasan Miraz,Mohammad Naim,Sunzamul Islam
2526,1,1,1,Khulna Tigers,Durbar Rajshahi,Mohammad Naim,Mehedi Hasan Miraz,Jishan Alam
2526,1,1,2,Khulna Tigers,Durbar Rajshahi,Mohammad Naim,Mehedi Hasan Miraz,Jishan Alam
2526,1,1,3,Khulna Tigers,Durbar Rajshahi,Mohammad Naim,Mehedi Hasan Miraz,Jishan Alam
2526,1,1,4,Khulna Tigers,Durbar Rajshahi,Mohammad Naim,Mehedi Hasan Miraz,Jishan Alam
2526,1,1,5,Khulna Tigers,Durbar Rajshahi,Mohammad Naim,Mehedi Hasan Miraz,Jishan Alam
2526,1,1,6,Khulna Tigers,Durbar Rajshahi,Mehedi Hasan Miraz,Mohammad Naim,Jishan Alam
2526,1,2,1,Khulna Tigers,Durbar Rajshahi,Mohammad Naim,Mehedi Hasan Miraz,Taskin Ahmed
2526,1,2,2,Khulna Tigers,Durbar Rajshahi,Mohammad Naim,Mehedi Hasan Miraz,Taskin Ahmed
2526,1,2,3,Khulna Tigers,Durbar Rajshahi,Mohammad Naim,Mehedi Hasan Miraz,Taskin Ahmed
2526,1,2,4,Khulna Tigers,Durbar Rajshahi,Mehedi Hasan Miraz,Mohammad Naim,Taskin Ahmed
2526,1,2,5,Khulna Tigers,Durbar Rajshahi,Mehedi Hasan Miraz,Mohammad Naim,Taskin Ahmed
2526,1,2,6,Khulna Tigers,Durbar Rajshahi,Mehedi Hasan Miraz,Mohammad Naim,Taskin Ahmed
2526,1,2,7,Khulna Tigers,Durbar Rajshahi,Mehedi Hasan Miraz,Mohammad Naim,Taskin Ahmed
2526,1,3,1,Khulna Tigers,Durbar Rajshahi,Mehedi Hasan Miraz,Mohammad Naim,Jishan Alam
2526,1,3,2,Khulna Tigers,Durbar Rajshahi,Mehedi Hasan Miraz,Mohammad Naim,Jishan Alam
2526,1,3,3,Khulna Tigers,Durbar Rajshahi,Mehedi Hasan Miraz,Mohammad Naim,Jishan Alam
2526,1,3,4,Khulna Tigers,Durbar Rajshahi,Mohammad Naim,Mehedi Hasan Miraz,Jishan Alam
2526,1,3,5,Khulna Tigers,Durbar Rajshahi,Mohammad Naim,Mehedi Hasan Miraz,Jishan Alam
2526,1,3,6,Khulna Tigers,Durbar Rajshahi,Afif Hossain,Mehedi Hasan Miraz,Jishan Alam
2526,1,4,1,Khulna Tigers,Durbar Rajshahi,Mehedi Hasan Miraz,Afif Hossain,Taskin Ahmed
2526,1,4,2,Khulna Tigers,Durbar Rajshahi,Mehedi Hasan Miraz,Afif Hossain,Taskin Ahmed
2526,1,4,3,Khulna Tigers,Durbar Rajshahi,Mehedi Hasan Miraz,Afif Hossain,Taskin Ahmed
2526,1,4,4,Khulna Tigers,Durbar Rajshahi,Mehedi Hasan Miraz,Afif Hossain,Taskin Ahmed
2526,1,4,5,Khulna Tigers,Durbar Rajshahi,AI Ross,Afif Hossain,Taskin Ahmed
2526,1,4,6,Khulna Tigers,Durbar Rajshahi,AI Ross,Afif Hossain,Taskin Ahmed
2526,1,5,1,Khulna Tigers,Durbar Rajshahi,Afif Hossain,AI Ross,Jishan Alam
2526,1,5,2,Khulna Tigers,Durbar Rajshahi,Afif Hossain,AI Ross,Jishan Alam
2526,1,5,3,Khulna Tigers,Durbar Rajshahi,AI Ross,Afif Hossain,Jishan Alam
2526,1,5,4,Khulna Tigers,Durbar Rajshahi,Afif Hossain,AI Ross,Jishan Alam
2526,1,5,5,Khulna Tigers,Durbar Rajshahi,Afif Hossain,AI Ross,Jishan Alam
2526,1,5,6,Khulna Tigers,Durbar Rajshahi,Afif Hossain,AI Ross,Jishan Alam
2526,1,6,1,Khulna Tigers,Durbar Rajshahi,Afif Hossain,WG Bosisto,Mrittunjoy Chowdhury
2526,1,6,2,Khulna Tigers,Durbar Rajshahi,Afif Hossain,WG Bosisto,Mrittunjoy Chowdhury
2526,1,6,3,Khulna Tigers,Durbar Rajshahi,Afif Hossain,WG Bosisto,Mrittunjoy Chowdhury
2526,1,6,4,Khulna Tigers,Durbar Rajshahi,WG Bosisto,Afif Hossain,Mrittunjoy Chowdhury
2526,1,6,5,Khulna Tigers,Durbar Rajshahi,Afif Hossain,WG Bosisto,Mrittunjoy Chowdhury
2526,1,6,6,Khulna Tigers,Durbar Rajshahi,WG Bosisto,Afif Hossain,Mrittunjoy Chowdhury
2526,1,6,7,Khulna Tigers,Durbar Rajshahi,WG Bosisto,Afif Hossain,Mrittunjoy Chowdhury
2526,1,7,1,Khulna Tigers,Durbar Rajshahi,WG Bosisto,Afif Hossain,M Deyal
2526,1,7,2,Khulna Tigers,Durbar Rajshahi,WG Bosisto,Afif Hossain,M Deyal
2526,1,7,3,Khulna Tigers,Durbar Rajshahi,Afif Hossain,WG Bosisto,M Deyal
2526,1,7,4,Khulna Tigers,Durbar Rajshahi,WG Bosisto,Afif Hossain,M Deyal
2526,1,7,5,Khulna Tigers,Durbar Rajshahi,WG Bosisto,Afif Hossain,M Deyal
2526,1,7,6,Khulna Tigers,Durbar Rajshahi,WG Bosisto,Afif Hossain,M Deyal
2526,1,8,1,Khulna Tigers,Durbar Rajshahi,WG Bosisto,Afif Hossain,Aftab Alam
2526,1,8,2,Khulna Tigers,Durbar Rajshahi,Afif Hossain,WG Bosisto,Aftab Alam
2526,1,8,3,Khulna Tigers,Durbar Rajshahi,Afif Hossain,WG Bosisto,Aftab Alam
2526,1,8,4,Khulna Tigers,Durbar Rajshahi,Afif Hossain,WG Bosisto,Aftab Alam
2526,1,8,5,Khulna Tigers,Durbar Rajshahi,WG Bosisto,Afif Hossain,Aftab Alam
2526,1,8,6,Khulna Tigers,Durbar Rajshahi,Afif Hossain,WG Bosisto,Aftab Alam
2526,1,9,1,Khulna Tigers,Durbar Rajshahi,WG Bosisto,Afif Hossain,M Deyal
2526,1,9,2,Khulna Tigers,Durbar Rajshahi,Afif Hossain,WG Bosisto,M Deyal
2526,1,9,3,Khulna Tigers,Durbar Rajshahi,WG Bosisto,Afif Hossain,M Deyal
2526,1,9,4,Khulna Tigers,Durbar Rajshahi,Afif Hossain,WG Bosisto,M Deyal
2526,1,9,5,Khulna Tigers,Durbar Rajshahi,Afif Hossain,WG Bosisto,M Deyal
2526,1,9,6,Khulna Tigers,Durbar Rajshahi,Afif Hossain,WG Bosisto,M Deyal
2526,1,9,7,Khulna Tigers,Durbar Rajshahi,Afif Hossain,WG Bosisto,M Deyal
2526,1,10,1,Khulna Tigers,Durbar Rajshahi,Afif Hossain,WG Bosisto,Aftab Alam
2526,1,10,2,Khulna Tigers,Durbar Rajshahi,Afif Hossain,WG Bosisto,Aftab Alam
2526,1,10,3,Khulna Tigers,Durbar Rajshahi,Afif Hossain,WG Bosisto,Aftab Alam
2526,1,10,4,Khulna Tigers,Durbar Rajshahi,Afif Hossain,WG Bosisto,Aftab Alam
2526,1,10,5,Khulna Tigers,Durbar Rajshahi,WG Bosisto,Afif Hossain,Aftab Alam
2526,1,10,6,Khulna Tigers,Durbar Rajshahi,Afif Hossain,WG Bosisto,Aftab Alam
2526,1,11,1,Khulna Tigers,Durbar Rajshahi,WG Bosisto,Afif Hossain,Mrittunjoy Chowdhury
2526,1,11,2,Khulna Tigers,Durbar Rajshahi,WG Bosisto,Afif Hossain,Mrittunjoy Chowdhury
2526,1,11,3,Khulna Tigers,Durbar Rajshahi,WG Bosisto,Afif Hossain,Mrittunjoy Chowdhury
2526,1,11,4,Khulna Tigers,Durbar Rajshahi,Afif Hossain,WG Bosisto,Mrittunjoy Chowdhury
2526,1,11,5,Khulna Tigers,Durbar Rajshahi,WG Bosisto,Afif Hossain,Mrittunjoy Chowdhury
2526,1,11,6,Khulna Tigers,Durbar Rajshahi,Afif Hossain,WG Bosisto,Mrittunjoy Chowdhury
2526,1,12,1,Khulna Tigers,Durbar Rajshahi,WG Bosisto,Afif Hossain,RP Burl
2526,1,12,2,Khulna Tigers,Durbar Rajshahi,WG Bosisto,Afif Hossain,RP Burl
2526,1,12,3,Khulna Tigers,Durbar Rajshahi,Afif Hossain,WG Bosisto,RP Burl
2526,1,12,4,Khulna Tigers,Durbar Rajshahi,Afif Hossain,WG Bosisto,RP Burl
2526,1,12,5,Khulna Tigers,Durbar Rajshahi,WG Bosisto,Afif Hossain,RP Burl
2526,1,12,6,Khulna Tigers,Durbar Rajshahi,WG Bosisto,Afif Hossain,RP Burl
2526,1,13,1,Khulna Tigers,Durbar Rajshahi,WG Bosisto,Afif Hossain,Jishan Alam
2526,1,13,2,Khulna Tigers,Durbar Rajshahi,Afif Hossain,WG Bosisto,Jishan Alam
2526,1,13,3,Khulna Tigers,Durbar Rajshahi,Afif Hossain,WG Bosisto,Jishan Alam
2526,1,13,4,Khulna Tigers,Durbar Rajshahi,WG Bosisto,Afif Hossain,Jishan Alam
2526,1,13,5,Khulna Tigers,Durbar Rajshahi,WG Bosisto,Afif Hossain,Jishan Alam
2526,1,13,6,Khulna Tigers,Durbar Rajshahi,Afif Hossain,WG Bosisto,Jishan Alam
2526,1,14,1,Khulna Tigers,Durbar Rajshahi,WG Bosisto,Afif Hossain,Mrittunjoy Chowdhury
2526,1,14,2,Khulna Tigers,Durbar Rajshahi,WG Bosisto,Afif Hossain,Mrittunjoy Chowdhury
2526,1,14,3,Khulna Tigers,Durbar Rajshahi,WG Bosisto,Afif Hossain,Mrittunjoy Chowdhury
2526,1,14,4,Khulna Tigers,Durbar Rajshahi,WG Bosisto,Afif Hossain,Mrittunjoy Chowdhury
2526,1,14,5,Khulna Tigers,Durbar Rajshahi,WG Bosisto,Afif Hossain,Mrittunjoy Chowdhury
2526,1,14,6,Khulna Tigers,Durbar Rajshahi,WG Bosisto,Afif Hossain,Mrittunjoy Chowdhury
2526,1,14,7,Khulna Tigers,Durbar Rajshahi,Afif Hossain,WG Bosisto,Mrittunjoy Chowdhury
2526,1,14,8,Khulna Tigers,Durbar Rajshahi,Afif Hossain,WG Bosisto,Mrittunjoy Chowdhury
2526,1,15,1,Khulna Tigers,Durbar Rajshahi,Afif Hossain,WG Bosisto,M Deyal
2526,1,15,2,Khulna Tigers,Durbar Rajshahi,WG Bosisto,Afif Hossain,M Deyal
2526,1,15,3,Khulna Tigers,Durbar Rajshahi,Afif Hossain,WG Bosisto,M Deyal
2526,1,15,4,Khulna Tigers,Durbar Rajshahi,Afif Hossain,WG Bosisto,M Deyal
2526,1,15,5,Khulna Tigers,Durbar Rajshahi,Afif Hossain,WG Bosisto,M Deyal
2526,1,15,6,Khulna Tigers,Durbar Rajshahi,Afif Hossain,WG Bosisto,M Deyal
2526,1,16,1,Khulna Tigers,Durbar Rajshahi,WG Bosisto,Afif Hossain,Aftab Alam
2526,1,16,2,Khulna Tigers,Durbar Rajshahi,WG Bosisto,Afif Hossain,Aftab Alam
2526,1,16,3,Khulna Tigers,Durbar Rajshahi,WG Bosisto,Afif Hossain,Aftab Alam
2526,1,16,4,Khulna Tigers,Durbar Rajshahi,WG Bosisto,Afif Hossain,Aftab Alam
2526,1,16,5,Khulna Tigers,Durbar Rajshahi,Afif Hossain,WG Bosisto,Aftab Alam
2526,1,16,6,Khulna Tigers,Durbar Rajshahi,WG Bosisto,Afif Hossain,Aftab Alam
2526,1,17,1,Khulna Tigers,Durbar Rajshahi,WG Bosisto,Afif Hossain,Taskin Ahmed
2526,1,17,2,Khulna Tigers,Durbar Rajshahi,Afif Hossain,WG Bosisto,Taskin Ahmed
2526,1,17,3,Khulna Tigers,Durbar Rajshahi,Afif Hossain,WG Bosisto,Taskin Ahmed
2526,1,17,4,Khulna Tigers,Durbar Rajshahi,WG Bosisto,Afif Hossain,Taskin Ahmed
2526,1,17,5,Khulna Tigers,Durbar Rajshahi,Afif Hossain,WG Bosisto,Taskin Ahmed
2526,1,17,6,Khulna Tigers,Durbar Rajshahi,Mahidul Islam Ankon,WG Bosisto,Taskin Ahmed
2526,1,18,1,Khulna Tigers,Durbar Rajshahi,Mahidul Islam Ankon,WG Bosisto,Mrittunjoy Chowdhury
2526,1,18,2,Khulna Tigers,Durbar Rajshahi,Mahidul Islam Ankon,WG Bosisto,Mrittunjoy Chowdhury
2526,1,18,3,Khulna Tigers,Durbar Rajshahi,Mahidul Islam Ankon,WG Bosisto,Mrittunjoy Chowdhury
2526,1,18,4,Khulna Tigers,Durbar Rajshahi,Mahidul Islam Ankon,WG Bosisto,Mrittunjoy Chowdhury
2526,1,18,5,Khulna Tigers,Durbar Rajshahi,Mahidul Islam Ankon,WG Bosisto,Mrittunjoy Chowdhury
2526,1,18,6,Khulna Tigers,Durbar Rajshahi,Mahidul Islam Ankon,WG Bosisto,Mrittunjoy Chowdhury
2526,1,18,7,Khulna Tigers,Durbar Rajshahi,Mahidul Islam Ankon,WG Bosisto,Mrittunjoy Chowdhury
2526,1,18,8,Khulna Tigers,Durbar Rajshahi,Mahidul Islam Ankon,WG Bosisto,Mrittunjoy Chowdhury
2526,1,18,9,Khulna Tigers,Durbar Rajshahi,WG Bosisto,Mahidul Islam Ankon,Mrittunjoy Chowdhury
2526,1,19,1,Khulna Tigers,Durbar Rajshahi,WG Bosisto,Mahidul Islam Ankon,Taskin Ahmed
2526,1,19,2,Khulna Tigers,Durbar Rajshahi,Mahidul Islam Ankon,WG Bosisto,Taskin Ahmed
2526,1,19,3,Khulna Tigers,Durbar Rajshahi,Mahidul Islam Ankon,WG Bosisto,Taskin Ahmed
2526,1,19,4,Khulna Tigers,Durbar Rajshahi,Mahidul Islam Ankon,WG Bosisto,Taskin Ahmed
2526,1,19,5,Khulna Tigers,Durbar Rajshahi,Mahidul Islam Ankon,WG Bosisto,Taskin Ahmed
2526,1,19,6,Khulna Tigers,Durbar Rajshahi,Mahidul Islam Ankon,WG Bosisto,Taskin Ahmed
2526,2,0,1,Durbar Rajshahi,Khulna Tigers,Mohammad Haris,Jishan Alam,Abu Hider
2526,2,0,2,Durbar Rajshahi,Khulna Tigers,Jishan Alam,Mohammad Haris,Abu Hider
2526,2,0,3,Durbar Rajshahi,Khulna Tigers,Jishan Alam,Mohammad Haris,Abu Hider
2526,2,0,4,Durbar Rajshahi,Khulna Tigers,Jishan Alam,Mohammad Haris,Abu Hider
2526,2,0,5,Durbar Rajshahi,Khulna Tigers,Jishan Alam,Mohammad Haris,Abu Hider
2526,2,0,6,Durbar Rajshahi,Khulna Tigers,Jishan Alam,Mohammad Haris,Abu Hider
2526,2,0,7,Durbar Rajshahi,Khulna Tigers,Jishan Alam,Mohammad Haris,Abu Hider
2526,2,0,8,Durbar Rajshahi,Khulna Tigers,Jishan Alam,Mohammad Haris,Abu Hider
2526,2,1,1,Durbar Rajshahi,Khulna Tigers,Mohammad Haris,Jishan Alam,Rubel Hossain
2526,2,1,2,Durbar Rajshahi,Khulna Tigers,Mohammad Haris,Jishan Alam,Rubel Hossain
2526,2,1,3,Durbar Rajshahi,Khulna Tigers,Mohammad Haris,Jishan Alam,Rubel Hossain
2526,2,1,4,Durbar Rajshahi,Khulna Tigers,Jishan Alam,Mohammad Haris,Rubel Hossain
2526,2,1,5,Durbar Rajshahi,Khulna Tigers,Jishan Alam,Mohammad Haris,Rubel Hossain
2526,2,1,6,Durbar Rajshahi,Khulna Tigers,Mohammad Haris,Jishan Alam,Rubel Hossain
2526,2,2,1,Durbar Rajshahi,Khulna Tigers,Jishan Alam,Mohammad Haris,Abu Hider
2526,2,2,2,Durbar Rajshahi,Khulna Tigers,Jishan Alam,Mohammad Haris,Abu Hider
2526,2,2,3,Durbar Rajshahi,Khulna Tigers,Jishan Alam,Mohammad Haris,Abu Hider
2526,2,2,4,Durbar Rajshahi,Khulna Tigers,Jishan Alam,Mohammad Haris,Abu Hider
2526,2,2,5,Durbar Rajshahi,Khulna Tigers,Mohammad Haris,Jishan Alam,Abu Hider
2526,2,2,6,Durbar Rajshahi,Khulna Tigers,Mohammad Haris,Jishan Alam,Abu Hider
2526,2,3,1,Durbar Rajshahi,Khulna Tigers,Jishan Alam,Mohammad Haris,Mohammad Nawaz
2526,2,3,2,Durbar Rajshahi,Khulna Tigers,Jishan Alam,Mohammad Haris,Mohammad Nawaz
2526,2,3,3,Durbar Rajshahi,Khulna Tigers,Jishan Alam,Mohammad Haris,Mohammad Nawaz
2526,2,3,4,Durbar Rajshahi,Khulna Tigers,Mohammad Haris,Jishan Alam,Mohammad Nawaz
2526,2,3,5,Durbar Rajshahi,Khulna Tigers,Mohammad Haris,Jishan Alam,Mohammad Nawaz
2526,2,3,6,Durbar Rajshahi,Khulna Tigers,Mohammad Haris,Jishan Alam,Mohammad Nawaz
2526,2,4,1,Durbar Rajshahi,Khulna Tigers,Jishan Alam,Mohammad Haris,Hasan Mahmud
2526,2,4,2,Durbar Rajshahi,Khulna Tigers,Anamul Haque,Mohammad Haris,Hasan Mahmud
2526,2,4,3,Durbar Rajshahi,Khulna Tigers,Mohammad Haris,Anamul Haque,Hasan Mahmud
2526,2,4,4,Durbar Rajshahi,Khulna Tigers,Mohammad Haris,Anamul Haque,Hasan Mahmud
2526,2,4,5,Durbar Rajshahi,Khulna Tigers,Mohammad Haris,Anamul Haque,Hasan Mahmud
2526,2,4,6,Durbar Rajshahi,Khulna Tigers,Anamul Haque,Mohammad Haris,Hasan Mahmud
2526,2,5,1,Durbar Rajshahi,Khulna Tigers,Anamul Haque,Mohammad Haris,Mohammad Nawaz
2526,2,5,2,Durbar Rajshahi,Khulna Tigers,Anamul Haque,Mohammad Haris,Mohammad Nawaz
2526,2,5,3,Durbar Rajshahi,Khulna Tigers,Anamul Haque,Mohammad Haris,Mohammad Nawaz
2526,2,5,4,Durbar Rajshahi,Khulna Tigers,Anamul Haque,Mohammad Haris,Mohammad Nawaz
2526,2,5,5,Durbar Rajshahi,Khulna Tigers,Anamul Haque,Mohammad Haris,Mohammad Nawaz
2526,2,5,6,Durbar Rajshahi,Khulna Tigers,Mohammad Haris,Anamul Haque,Mohammad Nawaz
2526,2,6,1,Durbar Rajshahi,Khulna Tigers,Anamul Haque,Mohammad Haris,Hasan Mahmud
2526,2,6,2,Durbar Rajshahi,Khulna Tigers,Mohammad Haris,Anamul Haque,Hasan Mahmud
2526,2,6,3,Durbar Rajshahi,Khulna Tigers,Yasir Ali Chowdhury,Anamul Haque,Hasan Mahmud
2526,2,6,4,Durbar Rajshahi,Khulna Tigers,Yasir Ali Chowdhury,Anamul Haque,Hasan Mahmud
2526,2,6,5,Durbar Rajshahi,Khulna Tigers,Yasir Ali Chowdhury,Anamul Haque,Hasan Mahmud
2526,2,6,6,Durbar Rajshahi,Khulna Tigers,Yasir Ali Chowdhury,Anamul Haque,Hasan Mahmud
2526,2,7,1,Durbar Rajshahi,Khulna Tigers,Anamul Haque,Yasir Ali Chowdhury,Rubel Hossain
2526,2,7,2,Durbar Rajshahi,Khulna Tigers,Anamul Haque,Yasir Ali Chowdhury,Rubel Hossain
2526,2,7,3,Durbar Rajshahi,Khulna Tigers,Yasir Ali Chowdhury,Anamul Haque,Rubel Hossain
2526,2,7,4,Durbar Rajshahi,Khulna Tigers,Anamul Haque,Yasir Ali Chowdhury,Rubel Hossain
2526,2,7,5,Durbar Rajshahi,Khulna Tigers,Anamul Haque,Yasir Ali Chowdhury,Rubel Hossain
2526,2,7,6,Durbar Rajshahi,Khulna Tigers,Anamul Haque,Yasir Ali Chowdhury,Rubel Hossain
2526,2,7,7,Durbar Rajshahi,Khulna Tigers,Anamul Haque,Yasir Ali Chowdhury,Rubel Hossain
2526,2,8,1,Durbar Rajshahi,Khulna Tigers,Anamul Haque,Yasir Ali Chowdhury,Salman Irshad
2526,2,8,2,Durbar Rajshahi,Khulna Tigers,Anamul Haque,Yasir Ali Chowdhury,Salman Irshad
2526,2,8,3,Durbar Rajshahi,Khulna Tigers,Anamul Haque,Yasir Ali Chowdhury,Salman Irshad
2526,2,8,4,Durbar Rajshahi,Khulna Tigers,Yasir Ali Chowdhury,Anamul Haque,Salman Irshad
2526,2,8,5,Durbar Rajshahi,Khulna Tigers,Anamul Haque,Yasir Ali Chowdhury,Salman Irshad
2526,2,8,6,Durbar Rajshahi,Khulna Tigers,Yasir Ali Chowdhury,Anamul Haque,Salman Irshad
2526,2,9,1,Durbar Rajshahi,Khulna Tigers,Anamul Haque,Yasir Ali Chowdhury,Mohammad Nawaz
2526,2,9,2,Durbar Rajshahi,Khulna Tigers,Anamul Haque,Yasir Ali Chowdhury,Mohammad Nawaz
2526,2,9,3,Durbar Rajshahi,Khulna Tigers,Yasir Ali Chowdhury,Anamul Haque,Mohammad Nawaz
2526,2,9,4,Durbar Rajshahi,Khulna Tigers,Anamul Haque,Yasir Ali Chowdhury,Mohammad Nawaz
2526,2,9,5,Durbar Rajshahi,Khulna Tigers,Yasir Ali Chowdhury,Anamul Haque,Mohammad Nawaz
2526,2,9,6,Durbar Rajshahi,Khulna Tigers,Anamul Haque,Yasir Ali Chowdhury,Mohammad Nawaz
2526,2,10,1,Durbar Rajshahi,Khulna Tigers,Yasir Ali Chowdhury,Anamul Haque,Salman Irshad
2526,2,10,2,Durbar Rajshahi,Khulna Tigers,Yasir Ali Chowdhury,Anamul Haque,Salman Irshad
2526,2,10,3,Durbar Rajshahi,Khulna Tigers,Anamul Haque,Yasir Ali Chowdhury,Salman Irshad
2526,2,10,4,Durbar Rajshahi,Khulna Tigers,Yasir Ali Chowdhury,Anamul Haque,Salman Irshad
2526,2,10,5,Durbar Rajshahi,Khulna Tigers,Yasir Ali Chowdhury,Anamul Haque,Salman Irshad
2526,2,10,6,Durbar Rajshahi,Khulna Tigers,Yasir Ali Chowdhury,Anamul Haque,Salman Irshad
2526,2,10,7,Durbar Rajshahi,Khulna Tigers,Yasir Ali Chowdhury,Anamul Haque,Salman Irshad
2526,2,11,1,Durbar Rajshahi,Khulna Tigers,Yasir Ali Chowdhury,Anamul Haque,Mohammad Nawaz
2526,2,11,2,Durbar Rajshahi,Khulna Tigers,Anamul Haque,Yasir Ali Chowdhury,Mohammad Nawaz
2526,2,11,3,Durbar Rajshahi,Khulna Tigers,Anamul Haque,Yasir Ali Chowdhury,Mohammad Nawaz
2526,2,11,4,Durbar Rajshahi,Khulna Tigers,Anamul Haque,Yasir Ali Chowdhury,Mohammad Nawaz
2526,2,11,5,Durbar Rajshahi,Khulna Tigers,Anamul Haque,Yasir Ali Chowdhury,Mohammad Nawaz
2526,2,11,6,Durbar Rajshahi,Khulna Tigers,Anamul Haque,Yasir Ali Chowdhury,Mohammad Nawaz
2526,2,12,1,Durbar Rajshahi,Khulna Tigers,Anamul Haque,Yasir Ali Chowdhury,Abu Hider
2526,2,12,2,Durbar Rajshahi,Khulna Tigers,Anamul Haque,Yasir Ali Chowdhury,Abu Hider
2526,2,12,3,Durbar Rajshahi,Khulna Tigers,Yasir Ali Chowdhury,Anamul Haque,Abu Hider
2526,2,12,4,Durbar Rajshahi,Khulna Tigers,Anamul Haque,Yasir Ali Chowdhury,Abu Hider
2526,2,12,5,Durbar Rajshahi,Khulna Tigers,Yasir Ali Chowdhury,Anamul Haque,Abu Hider
2526,2,12,6,Durbar Rajshahi,Khulna Tigers,RP Burl,Anamul Haque,Abu Hider
2526,2,13,1,Durbar Rajshahi,Khulna Tigers,Anamul Haque,RP Burl,Mehedi Hasan Miraz
2526,2,13,2,Durbar Rajshahi,Khulna Tigers,Anamul Haque,RP Burl,Mehedi Hasan Miraz
2526,2,13,3,Durbar Rajshahi,Khulna Tigers,Anamul Haque,RP Burl,Mehedi Hasan Miraz
2526,2,13,4,Durbar Rajshahi,Khulna Tigers,Anamul Haque,RP Burl,Mehedi Hasan Miraz
2526,2,13,5,Durbar Rajshahi,Khulna Tigers,RP Burl,Anamul Haque,Mehedi Hasan Miraz
2526,2,13,6,Durbar Rajshahi,Khulna Tigers,Anamul Haque,RP Burl,Mehedi Hasan Miraz
2526,2,14,1,Durbar Rajshahi,Khulna Tigers,RP Burl,Anamul Haque,Abu Hider
2526,2,14,2,Durbar Rajshahi,Khulna Tigers,RP Burl,Anamul Haque,Abu Hider
2526,2,14,3,Durbar Rajshahi,Khulna Tigers,RP Burl,Anamul Haque,Abu Hider
2526,2,14,4,Durbar Rajshahi,Khulna Tigers,Anamul Haque,RP Burl,Abu Hider
2526,2,14,5,Durbar Rajshahi,Khulna Tigers,Anamul Haque,RP Burl,Abu Hider
2526,2,14,6,Durbar Rajshahi,Khulna Tigers,Anamul Haque,RP Burl,Abu Hider
2526,2,15,1,Durbar Rajshahi,Khulna Tigers,Anamul Haque,RP Burl,Hasan Mahmud
2526,2,15,2,Durbar Rajshahi,Khulna Tigers,Anamul Haque,RP Burl,Hasan Mahmud
2526,2,15,3,Durbar Rajshahi,Khulna Tigers,Anamul Haque,RP Burl,Hasan Mahmud
2526,2,15,4,Durbar Rajshahi,Khulna Tigers,RP Burl,Anamul Haque,Hasan Mahmud
2526,2,15,5,Durbar Rajshahi,Khulna Tigers,RP Burl,Anamul Haque,Hasan Mahmud
2526,2,15,6,Durbar Rajshahi,Khulna Tigers,RP Burl,Anamul Haque,Hasan Mahmud
2526,2,16,1,Durbar Rajshahi,Khulna Tigers,Anamul Haque,RP Burl,Salman Irshad
2526,2,16,2,Durbar Rajshahi,Khulna Tigers,Anamul Haque,RP Burl,Salman Irshad
2526,2,16,3,Durbar Rajshahi,Khulna Tigers,RP Burl,Anamul Haque,Salman Irshad
2526,2,16,4,Durbar Rajshahi,Khulna Tigers,RP Burl,Anamul Haque,Salman Irshad
2526,2,16,5,Durbar Rajshahi,Khulna Tigers,Anamul Haque,RP Burl,Salman Irshad
2526,2,16,6,Durbar Rajshahi,Khulna Tigers,Anamul Haque,RP Burl,Salman Irshad
2526,2,17,1,Durbar Rajshahi,Khulna Tigers,Anamul Haque,RP Burl,Mehedi Hasan Miraz
2526,2,17,2,Durbar Rajshahi,Khulna Tigers,RP Burl,Anamul Haque,Mehedi Hasan Miraz
2526,2,17,3,Durbar Rajshahi,Khulna Tigers,Anamul Haque,RP Burl,Mehedi Hasan Miraz
2526,2,17,4,Durbar Rajshahi,Khulna Tigers,Anamul Haque,RP Burl,Mehedi Hasan Miraz
2526,2,17,5,Durbar Rajshahi,Khulna Tigers,RP Burl,Anamul Haque,Mehedi Hasan Miraz
2526,2,17,6,Durbar Rajshahi,Khulna Tigers,Anamul Haque,RP Burl,Mehedi Hasan Miraz
2526,2,17,7,Durbar Rajshahi,Khulna Tigers,Anamul Haque,RP Burl,Mehedi Hasan Miraz
2526,2,18,1,Durbar Rajshahi,Khulna Tigers,RP Burl,Anamul Haque,Salman Irshad
2526,2,18,2,Durbar Rajshahi,Khulna Tigers,RP Burl,Anamul Haque,Salman Irshad
2526,2,18,3,Durbar Rajshahi,Khulna Tigers,Anamul Haque,RP Burl,Salman Irshad
2526,2,18,4,Durbar Rajshahi,Khulna Tigers,RP Burl,Anamul Haque,Salman Irshad
2526,2,18,5,Durbar Rajshahi,Khulna Tigers,Anamul Haque,RP Burl,Salman Irshad
2526,2,18,6,Durbar Rajshahi,Khulna Tigers,RP Burl,Anamul Haque,Salman Irshad
2526,2,19,1,Durbar Rajshahi,Khulna Tigers,Anamul Haque,Akbar Ali,Hasan Mahmud
2526,2,19,2,Durbar Rajshahi,Khulna Tigers,Anamul Haque,Akbar Ali,Hasan Mahmud
2526,2,19,3,Durbar Rajshahi,Khulna Tigers,Anamul Haque,Akbar Ali,Hasan Mahmud
2526,2,19,4,Durbar Rajshahi,Khulna Tigers,Anamul Haque,Akbar Ali,Hasan Mahmud
2526,2,19,5,Durbar Rajshahi,Khulna Tigers,Anamul Haque,Akbar Ali,Hasan Mahmud
2526,2,19,6,Durbar Rajshahi,Khulna Tigers,Anamul Haque,Akbar Ali,Hasan Mahmud
