MATCHID,INNINGSNO,OVERNO,BALL_NO,TEAMBATTING,TEAM_BOWLING,STRIKER,NON_STRIKER,BOWLER
2514,1,0,1,Dhaka Capital,Chittagong Kings,JJ Roy,Tanzid Hasan,Shoriful Islam
2514,1,0,2,Dhaka Capital,Chittagong Kings,JJ Roy,Tanzid Hasan,Shoriful Islam
2514,1,0,3,Dhaka Capital,Chittagong Kings,JJ Roy,Tanzid Hasan,Shoriful Islam
2514,1,0,4,Dhaka Capital,Chittagong Kings,Tanzid Hasan,JJ Roy,Shoriful Islam
2514,1,0,5,Dhaka Capital,Chittagong Kings,Tanzid Hasan,JJ Roy,Shoriful Islam
2514,1,0,6,Dhaka Capital,Chittagong Kings,Tanzid Hasan,JJ Roy,Shoriful Islam
2514,1,1,1,Dhaka Capital,Chittagong Kings,JJ Roy,Tanzid Hasan,Al Islam
2514,1,1,2,Dhaka Capital,Chittagong Kings,SS Eskinazi,Tanzid Hasan,Al Islam
2514,1,1,3,Dhaka Capital,Chittagong Kings,SS Eskinazi,Tanzid Hasan,Al Islam
2514,1,1,4,Dhaka Capital,Chittagong Kings,SS Eskinazi,Tanzid Hasan,Al Islam
2514,1,1,5,Dhaka Capital,Chittagong Kings,SS Eskinazi,Tanzid Hasan,Al Islam
2514,1,1,6,Dhaka Capital,Chittagong Kings,Tanzid Hasan,SS Eskinazi,Al Islam
2514,1,2,1,Dhaka Capital,Chittagong Kings,SS Eskinazi,Tanzid Hasan,Shoriful Islam
2514,1,2,2,Dhaka Capital,Chittagong Kings,Tanzid Hasan,SS Eskinazi,Shoriful Islam
2514,1,2,3,Dhaka Capital,Chittagong Kings,Tanzid Hasan,SS Eskinazi,Shoriful Islam
2514,1,2,4,Dhaka Capital,Chittagong Kings,Tanzid Hasan,SS Eskinazi,Shoriful Islam
2514,1,2,5,Dhaka Capital,Chittagong Kings,Tanzid Hasan,SS Eskinazi,Shoriful Islam
2514,1,2,6,Dhaka Capital,Chittagong Kings,Tanzid Hasan,SS Eskinazi,Shoriful Islam
2514,1,2,7,Dhaka Capital,Chittagong Kings,Tanzid Hasan,SS Eskinazi,Shoriful Islam
2514,1,2,8,Dhaka Capital,Chittagong Kings,Tanzid Hasan,SS Eskinazi,Shoriful Islam
2514,1,3,1,Dhaka Capital,Chittagong Kings,SS Eskinazi,Tanzid Hasan,Khaled Ahmed
2514,1,3,2,Dhaka Capital,Chittagong Kings,Tanzid Hasan,SS Eskinazi,Khaled Ahmed
2514,1,3,3,Dhaka Capital,Chittagong Kings,Tanzid Hasan,SS Eskinazi,Khaled Ahmed
2514,1,3,4,Dhaka Capital,Chittagong Kings,Tanzid Hasan,SS Eskinazi,Khaled Ahmed
2514,1,3,5,Dhaka Capital,Chittagong Kings,Tanzid Hasan,SS Eskinazi,Khaled Ahmed
2514,1,3,6,Dhaka Capital,Chittagong Kings,SS Eskinazi,Tanzid Hasan,Khaled Ahmed
2514,1,4,1,Dhaka Capital,Chittagong Kings,Tanzid Hasan,SS Eskinazi,Al Islam
2514,1,4,2,Dhaka Capital,Chittagong Kings,SS Eskinazi,Tanzid Hasan,Al Islam
2514,1,4,3,Dhaka Capital,Chittagong Kings,Tanzid Hasan,SS Eskinazi,Al Islam
2514,1,4,4,Dhaka Capital,Chittagong Kings,Tanzid Hasan,SS Eskinazi,Al Islam
2514,1,4,5,Dhaka Capital,Chittagong Kings,Tanzid Hasan,SS Eskinazi,Al Islam
2514,1,4,6,Dhaka Capital,Chittagong Kings,Tanzid Hasan,SS Eskinazi,Al Islam
2514,1,5,1,Dhaka Capital,Chittagong Kings,Tanzid Hasan,SS Eskinazi,Arafat Sunny
2514,1,5,2,Dhaka Capital,Chittagong Kings,Tanzid Hasan,SS Eskinazi,Arafat Sunny
2514,1,5,3,Dhaka Capital,Chittagong Kings,Tanzid Hasan,SS Eskinazi,Arafat Sunny
2514,1,5,4,Dhaka Capital,Chittagong Kings,Tanzid Hasan,SS Eskinazi,Arafat Sunny
2514,1,5,5,Dhaka Capital,Chittagong Kings,SS Eskinazi,Tanzid Hasan,Arafat Sunny
2514,1,5,6,Dhaka Capital,Chittagong Kings,SS Eskinazi,Tanzid Hasan,Arafat Sunny
2514,1,6,1,Dhaka Capital,Chittagong Kings,Tanzid Hasan,SS Eskinazi,Mohammad Wasim
2514,1,6,2,Dhaka Capital,Chittagong Kings,Tanzid Hasan,SS Eskinazi,Mohammad Wasim
2514,1,6,3,Dhaka Capital,Chittagong Kings,SS Eskinazi,Tanzid Hasan,Mohammad Wasim
2514,1,6,4,Dhaka Capital,Chittagong Kings,Tanzid Hasan,SS Eskinazi,Mohammad Wasim
2514,1,6,5,Dhaka Capital,Chittagong Kings,SS Eskinazi,Tanzid Hasan,Mohammad Wasim
2514,1,6,6,Dhaka Capital,Chittagong Kings,SS Eskinazi,Tanzid Hasan,Mohammad Wasim
2514,1,7,1,Dhaka Capital,Chittagong Kings,Tanzid Hasan,SS Eskinazi,Khaled Ahmed
2514,1,7,2,Dhaka Capital,Chittagong Kings,SS Eskinazi,Tanzid Hasan,Khaled Ahmed
2514,1,7,3,Dhaka Capital,Chittagong Kings,Shahadat Hossain,Tanzid Hasan,Khaled Ahmed
2514,1,7,4,Dhaka Capital,Chittagong Kings,Tanzid Hasan,Shahadat Hossain,Khaled Ahmed
2514,1,7,5,Dhaka Capital,Chittagong Kings,Shahadat Hossain,Tanzid Hasan,Khaled Ahmed
2514,1,7,6,Dhaka Capital,Chittagong Kings,Shahadat Hossain,Tanzid Hasan,Khaled Ahmed
2514,1,8,1,Dhaka Capital,Chittagong Kings,Tanzid Hasan,Shahadat Hossain,Mohammad Wasim
2514,1,8,2,Dhaka Capital,Chittagong Kings,Shahadat Hossain,Tanzid Hasan,Mohammad Wasim
2514,1,8,3,Dhaka Capital,Chittagong Kings,Shahadat Hossain,Tanzid Hasan,Mohammad Wasim
2514,1,8,4,Dhaka Capital,Chittagong Kings,Shahadat Hossain,Tanzid Hasan,Mohammad Wasim
2514,1,8,5,Dhaka Capital,Chittagong Kings,Tanzid Hasan,Shahadat Hossain,Mohammad Wasim
2514,1,8,6,Dhaka Capital,Chittagong Kings,Tanzid Hasan,Shahadat Hossain,Mohammad Wasim
2514,1,8,7,Dhaka Capital,Chittagong Kings,Tanzid Hasan,Shahadat Hossain,Mohammad Wasim
2514,1,9,1,Dhaka Capital,Chittagong Kings,Tanzid Hasan,Shahadat Hossain,Arafat Sunny
2514,1,9,2,Dhaka Capital,Chittagong Kings,Shahadat Hossain,Tanzid Hasan,Arafat Sunny
2514,1,9,3,Dhaka Capital,Chittagong Kings,Shahadat Hossain,Tanzid Hasan,Arafat Sunny
2514,1,9,4,Dhaka Capital,Chittagong Kings,Tanzid Hasan,Shahadat Hossain,Arafat Sunny
2514,1,9,5,Dhaka Capital,Chittagong Kings,Shahadat Hossain,Tanzid Hasan,Arafat Sunny
2514,1,9,6,Dhaka Capital,Chittagong Kings,Tanzid Hasan,Shahadat Hossain,Arafat Sunny
2514,1,10,1,Dhaka Capital,Chittagong Kings,Shahadat Hossain,Tanzid Hasan,Khaled Ahmed
2514,1,10,2,Dhaka Capital,Chittagong Kings,Tanzid Hasan,Shahadat Hossain,Khaled Ahmed
2514,1,10,3,Dhaka Capital,Chittagong Kings,Shahadat Hossain,Tanzid Hasan,Khaled Ahmed
2514,1,10,4,Dhaka Capital,Chittagong Kings,Shahadat Hossain,Tanzid Hasan,Khaled Ahmed
2514,1,10,5,Dhaka Capital,Chittagong Kings,Sabbir Rahman,Tanzid Hasan,Khaled Ahmed
2514,1,10,6,Dhaka Capital,Chittagong Kings,Sabbir Rahman,Tanzid Hasan,Khaled Ahmed
2514,1,10,7,Dhaka Capital,Chittagong Kings,Sabbir Rahman,Tanzid Hasan,Khaled Ahmed
2514,1,11,1,Dhaka Capital,Chittagong Kings,Sabbir Rahman,Tanzid Hasan,Arafat Sunny
2514,1,11,2,Dhaka Capital,Chittagong Kings,Tanzid Hasan,Sabbir Rahman,Arafat Sunny
2514,1,11,3,Dhaka Capital,Chittagong Kings,Sabbir Rahman,Tanzid Hasan,Arafat Sunny
2514,1,11,4,Dhaka Capital,Chittagong Kings,Tanzid Hasan,Sabbir Rahman,Arafat Sunny
2514,1,11,5,Dhaka Capital,Chittagong Kings,Tanzid Hasan,Sabbir Rahman,Arafat Sunny
2514,1,11,6,Dhaka Capital,Chittagong Kings,Sabbir Rahman,Tanzid Hasan,Arafat Sunny
2514,1,12,1,Dhaka Capital,Chittagong Kings,Tanzid Hasan,Sabbir Rahman,Al Islam
2514,1,12,2,Dhaka Capital,Chittagong Kings,Tanzid Hasan,Sabbir Rahman,Al Islam
2514,1,12,3,Dhaka Capital,Chittagong Kings,Sabbir Rahman,Tanzid Hasan,Al Islam
2514,1,12,4,Dhaka Capital,Chittagong Kings,Sabbir Rahman,Tanzid Hasan,Al Islam
2514,1,12,5,Dhaka Capital,Chittagong Kings,Tanzid Hasan,Sabbir Rahman,Al Islam
2514,1,12,6,Dhaka Capital,Chittagong Kings,Sabbir Rahman,Tanzid Hasan,Al Islam
2514,1,13,1,Dhaka Capital,Chittagong Kings,Tanzid Hasan,Sabbir Rahman,Shoriful Islam
2514,1,13,2,Dhaka Capital,Chittagong Kings,Tanzid Hasan,Sabbir Rahman,Shoriful Islam
2514,1,13,3,Dhaka Capital,Chittagong Kings,Tanzid Hasan,Sabbir Rahman,Shoriful Islam
2514,1,13,4,Dhaka Capital,Chittagong Kings,Sabbir Rahman,Tanzid Hasan,Shoriful Islam
2514,1,13,5,Dhaka Capital,Chittagong Kings,Sabbir Rahman,Tanzid Hasan,Shoriful Islam
2514,1,13,6,Dhaka Capital,Chittagong Kings,Sabbir Rahman,Tanzid Hasan,Shoriful Islam
2514,1,14,1,Dhaka Capital,Chittagong Kings,Sabbir Rahman,Tanzid Hasan,Arafat Sunny
2514,1,14,2,Dhaka Capital,Chittagong Kings,Sabbir Rahman,Tanzid Hasan,Arafat Sunny
2514,1,14,3,Dhaka Capital,Chittagong Kings,Sabbir Rahman,Tanzid Hasan,Arafat Sunny
2514,1,14,4,Dhaka Capital,Chittagong Kings,Sabbir Rahman,Tanzid Hasan,Arafat Sunny
2514,1,14,5,Dhaka Capital,Chittagong Kings,Sabbir Rahman,Tanzid Hasan,Arafat Sunny
2514,1,14,6,Dhaka Capital,Chittagong Kings,Tanzid Hasan,Sabbir Rahman,Arafat Sunny
2514,1,14,7,Dhaka Capital,Chittagong Kings,Sabbir Rahman,Tanzid Hasan,Arafat Sunny
2514,1,14,8,Dhaka Capital,Chittagong Kings,Sabbir Rahman,Tanzid Hasan,Arafat Sunny
2514,1,15,1,Dhaka Capital,Chittagong Kings,Tanzid Hasan,Sabbir Rahman,Al Islam
2514,1,15,2,Dhaka Capital,Chittagong Kings,Sabbir Rahman,Tanzid Hasan,Al Islam
2514,1,15,3,Dhaka Capital,Chittagong Kings,Sabbir Rahman,Tanzid Hasan,Al Islam
2514,1,15,4,Dhaka Capital,Chittagong Kings,Sabbir Rahman,Tanzid Hasan,Al Islam
2514,1,15,5,Dhaka Capital,Chittagong Kings,Sabbir Rahman,Tanzid Hasan,Al Islam
2514,1,15,6,Dhaka Capital,Chittagong Kings,Tanzid Hasan,Sabbir Rahman,Al Islam
2514,1,16,1,Dhaka Capital,Chittagong Kings,Sabbir Rahman,Tanzid Hasan,Mohammad Wasim
2514,1,16,2,Dhaka Capital,Chittagong Kings,Tanzid Hasan,Sabbir Rahman,Mohammad Wasim
2514,1,16,3,Dhaka Capital,Chittagong Kings,NLTC Perera,Sabbir Rahman,Mohammad Wasim
2514,1,16,4,Dhaka Capital,Chittagong Kings,Sabbir Rahman,NLTC Perera,Mohammad Wasim
2514,1,16,5,Dhaka Capital,Chittagong Kings,Sabbir Rahman,NLTC Perera,Mohammad Wasim
2514,1,16,6,Dhaka Capital,Chittagong Kings,Sabbir Rahman,NLTC Perera,Mohammad Wasim
2514,1,17,1,Dhaka Capital,Chittagong Kings,NLTC Perera,Sabbir Rahman,Khaled Ahmed
2514,1,17,2,Dhaka Capital,Chittagong Kings,NLTC Perera,Sabbir Rahman,Khaled Ahmed
2514,1,17,3,Dhaka Capital,Chittagong Kings,Farmanullah,Sabbir Rahman,Khaled Ahmed
2514,1,17,4,Dhaka Capital,Chittagong Kings,Sabbir Rahman,Farmanullah,Khaled Ahmed
2514,1,17,5,Dhaka Capital,Chittagong Kings,Sabbir Rahman,Farmanullah,Khaled Ahmed
2514,1,17,6,Dhaka Capital,Chittagong Kings,Farmanullah,Sabbir Rahman,Khaled Ahmed
2514,1,17,7,Dhaka Capital,Chittagong Kings,Sabbir Rahman,Farmanullah,Khaled Ahmed
2514,1,17,8,Dhaka Capital,Chittagong Kings,Farmanullah,Sabbir Rahman,Khaled Ahmed
2514,1,17,9,Dhaka Capital,Chittagong Kings,Farmanullah,Sabbir Rahman,Khaled Ahmed
2514,1,18,1,Dhaka Capital,Chittagong Kings,Farmanullah,Sabbir Rahman,Shoriful Islam
2514,1,18,2,Dhaka Capital,Chittagong Kings,Sabbir Rahman,Farmanullah,Shoriful Islam
2514,1,18,3,Dhaka Capital,Chittagong Kings,Sabbir Rahman,Farmanullah,Shoriful Islam
2514,1,18,4,Dhaka Capital,Chittagong Kings,Sabbir Rahman,Farmanullah,Shoriful Islam
2514,1,18,5,Dhaka Capital,Chittagong Kings,Farmanullah,Sabbir Rahman,Shoriful Islam
2514,1,18,6,Dhaka Capital,Chittagong Kings,Sabbir Rahman,Farmanullah,Shoriful Islam
2514,1,19,1,Dhaka Capital,Chittagong Kings,Farmanullah,Sabbir Rahman,Mohammad Wasim
2514,1,19,2,Dhaka Capital,Chittagong Kings,Farmanullah,Sabbir Rahman,Mohammad Wasim
2514,1,19,3,Dhaka Capital,Chittagong Kings,Farmanullah,Sabbir Rahman,Mohammad Wasim
2514,1,19,4,Dhaka Capital,Chittagong Kings,Sabbir Rahman,Farmanullah,Mohammad Wasim
2514,1,19,5,Dhaka Capital,Chittagong Kings,Sabbir Rahman,Farmanullah,Mohammad Wasim
2514,1,19,6,Dhaka Capital,Chittagong Kings,Sabbir Rahman,Farmanullah,Mohammad Wasim
2514,1,19,7,Dhaka Capital,Chittagong Kings,Farmanullah,Sabbir Rahman,Mohammad Wasim
2514,2,0,1,Chittagong Kings,Dhaka Capital,Parvez Hossain Emon,Usman Khan,Mukidul Islam
2514,2,0,2,Chittagong Kings,Dhaka Capital,Parvez Hossain Emon,Usman Khan,Mukidul Islam
2514,2,0,3,Chittagong Kings,Dhaka Capital,Parvez Hossain Emon,Usman Khan,Mukidul Islam
2514,2,0,4,Chittagong Kings,Dhaka Capital,Parvez Hossain Emon,Usman Khan,Mukidul Islam
2514,2,0,5,Chittagong Kings,Dhaka Capital,Parvez Hossain Emon,Usman Khan,Mukidul Islam
2514,2,0,6,Chittagong Kings,Dhaka Capital,Parvez Hossain Emon,Usman Khan,Mukidul Islam
2514,2,1,1,Chittagong Kings,Dhaka Capital,Usman Khan,Parvez Hossain Emon,Mustafizur Rahman
2514,2,1,2,Chittagong Kings,Dhaka Capital,Usman Khan,Parvez Hossain Emon,Mustafizur Rahman
2514,2,1,3,Chittagong Kings,Dhaka Capital,Usman Khan,Parvez Hossain Emon,Mustafizur Rahman
2514,2,1,4,Chittagong Kings,Dhaka Capital,Usman Khan,Parvez Hossain Emon,Mustafizur Rahman
2514,2,1,5,Chittagong Kings,Dhaka Capital,Usman Khan,Parvez Hossain Emon,Mustafizur Rahman
2514,2,1,6,Chittagong Kings,Dhaka Capital,Usman Khan,Parvez Hossain Emon,Mustafizur Rahman
2514,2,2,1,Chittagong Kings,Dhaka Capital,Parvez Hossain Emon,Usman Khan,Mukidul Islam
2514,2,2,2,Chittagong Kings,Dhaka Capital,Usman Khan,Parvez Hossain Emon,Mukidul Islam
2514,2,2,3,Chittagong Kings,Dhaka Capital,Usman Khan,Parvez Hossain Emon,Mukidul Islam
2514,2,2,4,Chittagong Kings,Dhaka Capital,Usman Khan,Parvez Hossain Emon,Mukidul Islam
2514,2,2,5,Chittagong Kings,Dhaka Capital,Usman Khan,Parvez Hossain Emon,Mukidul Islam
2514,2,2,6,Chittagong Kings,Dhaka Capital,Usman Khan,Parvez Hossain Emon,Mukidul Islam
2514,2,3,1,Chittagong Kings,Dhaka Capital,Parvez Hossain Emon,Usman Khan,Mustafizur Rahman
2514,2,3,2,Chittagong Kings,Dhaka Capital,Parvez Hossain Emon,Usman Khan,Mustafizur Rahman
2514,2,3,3,Chittagong Kings,Dhaka Capital,Parvez Hossain Emon,Usman Khan,Mustafizur Rahman
2514,2,3,4,Chittagong Kings,Dhaka Capital,Parvez Hossain Emon,Usman Khan,Mustafizur Rahman
2514,2,3,5,Chittagong Kings,Dhaka Capital,Usman Khan,Parvez Hossain Emon,Mustafizur Rahman
2514,2,3,6,Chittagong Kings,Dhaka Capital,Usman Khan,Parvez Hossain Emon,Mustafizur Rahman
2514,2,3,7,Chittagong Kings,Dhaka Capital,Usman Khan,Parvez Hossain Emon,Mustafizur Rahman
2514,2,4,1,Chittagong Kings,Dhaka Capital,Parvez Hossain Emon,Usman Khan,Nazmul Islam
2514,2,4,2,Chittagong Kings,Dhaka Capital,Parvez Hossain Emon,Usman Khan,Nazmul Islam
2514,2,4,3,Chittagong Kings,Dhaka Capital,Parvez Hossain Emon,Usman Khan,Nazmul Islam
2514,2,4,4,Chittagong Kings,Dhaka Capital,Usman Khan,Parvez Hossain Emon,Nazmul Islam
2514,2,4,5,Chittagong Kings,Dhaka Capital,Usman Khan,Parvez Hossain Emon,Nazmul Islam
2514,2,4,6,Chittagong Kings,Dhaka Capital,Usman Khan,Parvez Hossain Emon,Nazmul Islam
2514,2,5,1,Chittagong Kings,Dhaka Capital,Parvez Hossain Emon,Usman Khan,Mukidul Islam
2514,2,5,2,Chittagong Kings,Dhaka Capital,Usman Khan,Parvez Hossain Emon,Mukidul Islam
2514,2,5,3,Chittagong Kings,Dhaka Capital,Usman Khan,Parvez Hossain Emon,Mukidul Islam
2514,2,5,4,Chittagong Kings,Dhaka Capital,Parvez Hossain Emon,Usman Khan,Mukidul Islam
2514,2,5,5,Chittagong Kings,Dhaka Capital,Usman Khan,Parvez Hossain Emon,Mukidul Islam
2514,2,5,6,Chittagong Kings,Dhaka Capital,Usman Khan,Parvez Hossain Emon,Mukidul Islam
2514,2,6,1,Chittagong Kings,Dhaka Capital,Parvez Hossain Emon,Usman Khan,Farmanullah
2514,2,6,2,Chittagong Kings,Dhaka Capital,G Clark,Usman Khan,Farmanullah
2514,2,6,3,Chittagong Kings,Dhaka Capital,Usman Khan,G Clark,Farmanullah
2514,2,6,4,Chittagong Kings,Dhaka Capital,Usman Khan,G Clark,Farmanullah
2514,2,6,5,Chittagong Kings,Dhaka Capital,G Clark,Usman Khan,Farmanullah
2514,2,6,6,Chittagong Kings,Dhaka Capital,G Clark,Usman Khan,Farmanullah
2514,2,7,1,Chittagong Kings,Dhaka Capital,Usman Khan,G Clark,Nazmul Islam
2514,2,7,2,Chittagong Kings,Dhaka Capital,Usman Khan,G Clark,Nazmul Islam
2514,2,7,3,Chittagong Kings,Dhaka Capital,Usman Khan,G Clark,Nazmul Islam
2514,2,7,4,Chittagong Kings,Dhaka Capital,Usman Khan,G Clark,Nazmul Islam
2514,2,7,5,Chittagong Kings,Dhaka Capital,G Clark,Usman Khan,Nazmul Islam
2514,2,7,6,Chittagong Kings,Dhaka Capital,G Clark,Usman Khan,Nazmul Islam
2514,2,8,1,Chittagong Kings,Dhaka Capital,G Clark,Usman Khan,Farmanullah
2514,2,8,2,Chittagong Kings,Dhaka Capital,G Clark,Usman Khan,Farmanullah
2514,2,8,3,Chittagong Kings,Dhaka Capital,G Clark,Usman Khan,Farmanullah
2514,2,8,4,Chittagong Kings,Dhaka Capital,Usman Khan,G Clark,Farmanullah
2514,2,8,5,Chittagong Kings,Dhaka Capital,Usman Khan,G Clark,Farmanullah
2514,2,8,6,Chittagong Kings,Dhaka Capital,G Clark,Usman Khan,Farmanullah
2514,2,9,1,Chittagong Kings,Dhaka Capital,G Clark,Usman Khan,NLTC Perera
2514,2,9,2,Chittagong Kings,Dhaka Capital,Usman Khan,G Clark,NLTC Perera
2514,2,9,3,Chittagong Kings,Dhaka Capital,G Clark,Usman Khan,NLTC Perera
2514,2,9,4,Chittagong Kings,Dhaka Capital,G Clark,Usman Khan,NLTC Perera
2514,2,9,5,Chittagong Kings,Dhaka Capital,G Clark,Usman Khan,NLTC Perera
2514,2,9,6,Chittagong Kings,Dhaka Capital,G Clark,Usman Khan,NLTC Perera
2514,2,9,7,Chittagong Kings,Dhaka Capital,G Clark,Usman Khan,NLTC Perera
2514,2,10,1,Chittagong Kings,Dhaka Capital,G Clark,Usman Khan,Farmanullah
2514,2,10,2,Chittagong Kings,Dhaka Capital,G Clark,Usman Khan,Farmanullah
2514,2,10,3,Chittagong Kings,Dhaka Capital,Usman Khan,G Clark,Farmanullah
2514,2,10,4,Chittagong Kings,Dhaka Capital,G Clark,Usman Khan,Farmanullah
2514,2,10,5,Chittagong Kings,Dhaka Capital,Usman Khan,G Clark,Farmanullah
2514,2,10,6,Chittagong Kings,Dhaka Capital,G Clark,Usman Khan,Farmanullah
2514,2,11,1,Chittagong Kings,Dhaka Capital,Usman Khan,G Clark,Mustafizur Rahman
2514,2,11,2,Chittagong Kings,Dhaka Capital,Mohammad Mithun,G Clark,Mustafizur Rahman
2514,2,11,3,Chittagong Kings,Dhaka Capital,Mohammad Mithun,G Clark,Mustafizur Rahman
2514,2,11,4,Chittagong Kings,Dhaka Capital,Mohammad Mithun,G Clark,Mustafizur Rahman
2514,2,11,5,Chittagong Kings,Dhaka Capital,Mohammad Mithun,G Clark,Mustafizur Rahman
2514,2,11,6,Chittagong Kings,Dhaka Capital,G Clark,Mohammad Mithun,Mustafizur Rahman
2514,2,12,1,Chittagong Kings,Dhaka Capital,Mohammad Mithun,G Clark,Nazmul Islam
2514,2,12,2,Chittagong Kings,Dhaka Capital,G Clark,Mohammad Mithun,Nazmul Islam
2514,2,12,3,Chittagong Kings,Dhaka Capital,G Clark,Mohammad Mithun,Nazmul Islam
2514,2,12,4,Chittagong Kings,Dhaka Capital,G Clark,Mohammad Mithun,Nazmul Islam
2514,2,12,5,Chittagong Kings,Dhaka Capital,G Clark,Mohammad Mithun,Nazmul Islam
2514,2,12,6,Chittagong Kings,Dhaka Capital,Mohammad Mithun,G Clark,Nazmul Islam
2514,2,13,1,Chittagong Kings,Dhaka Capital,Mohammad Mithun,G Clark,NLTC Perera
2514,2,13,2,Chittagong Kings,Dhaka Capital,Mohammad Mithun,G Clark,NLTC Perera
2514,2,13,3,Chittagong Kings,Dhaka Capital,Mohammad Mithun,G Clark,NLTC Perera
2514,2,13,4,Chittagong Kings,Dhaka Capital,Mohammad Mithun,G Clark,NLTC Perera
2514,2,13,5,Chittagong Kings,Dhaka Capital,Mohammad Mithun,G Clark,NLTC Perera
2514,2,13,6,Chittagong Kings,Dhaka Capital,Mohammad Mithun,G Clark,NLTC Perera
2514,2,14,1,Chittagong Kings,Dhaka Capital,G Clark,Mohammad Mithun,Mosaddek Hossain
2514,2,14,2,Chittagong Kings,Dhaka Capital,G Clark,Mohammad Mithun,Mosaddek Hossain
2514,2,14,3,Chittagong Kings,Dhaka Capital,G Clark,Mohammad Mithun,Mosaddek Hossain
2514,2,14,4,Chittagong Kings,Dhaka Capital,Mohammad Mithun,G Clark,Mosaddek Hossain
2514,2,14,5,Chittagong Kings,Dhaka Capital,G Clark,Mohammad Mithun,Mosaddek Hossain
2514,2,14,6,Chittagong Kings,Dhaka Capital,Mohammad Mithun,G Clark,Mosaddek Hossain
2514,2,15,1,Chittagong Kings,Dhaka Capital,Mohammad Mithun,G Clark,Farmanullah
2514,2,15,2,Chittagong Kings,Dhaka Capital,Mohammad Mithun,G Clark,Farmanullah
2514,2,15,3,Chittagong Kings,Dhaka Capital,G Clark,Mohammad Mithun,Farmanullah
2514,2,15,4,Chittagong Kings,Dhaka Capital,G Clark,Mohammad Mithun,Farmanullah
2514,2,15,5,Chittagong Kings,Dhaka Capital,Mohammad Mithun,G Clark,Farmanullah
2514,2,15,6,Chittagong Kings,Dhaka Capital,G Clark,Mohammad Mithun,Farmanullah
2514,2,16,1,Chittagong Kings,Dhaka Capital,Mohammad Mithun,G Clark,Mosaddek Hossain
2514,2,16,2,Chittagong Kings,Dhaka Capital,G Clark,Mohammad Mithun,Mosaddek Hossain
2514,2,16,3,Chittagong Kings,Dhaka Capital,Mohammad Mithun,G Clark,Mosaddek Hossain
2514,2,16,4,Chittagong Kings,Dhaka Capital,G Clark,Mohammad Mithun,Mosaddek Hossain
2514,2,16,5,Chittagong Kings,Dhaka Capital,Shamim Hossain,Mohammad Mithun,Mosaddek Hossain
2514,2,16,6,Chittagong Kings,Dhaka Capital,Shamim Hossain,Mohammad Mithun,Mosaddek Hossain
2514,2,17,1,Chittagong Kings,Dhaka Capital,Shamim Hossain,Mohammad Mithun,Mustafizur Rahman
2514,2,17,2,Chittagong Kings,Dhaka Capital,Shamim Hossain,Mohammad Mithun,Mustafizur Rahman
2514,2,17,3,Chittagong Kings,Dhaka Capital,Shamim Hossain,Mohammad Mithun,Mustafizur Rahman
2514,2,17,4,Chittagong Kings,Dhaka Capital,Shamim Hossain,Mohammad Mithun,Mustafizur Rahman
2514,2,17,5,Chittagong Kings,Dhaka Capital,Shamim Hossain,Mohammad Mithun,Mustafizur Rahman
2514,2,17,6,Chittagong Kings,Dhaka Capital,Mohammad Mithun,Shamim Hossain,Mustafizur Rahman
2514,2,18,1,Chittagong Kings,Dhaka Capital,Mohammad Mithun,Shamim Hossain,Mosaddek Hossain
2514,2,18,2,Chittagong Kings,Dhaka Capital,Shamim Hossain,Mohammad Mithun,Mosaddek Hossain
2514,2,18,3,Chittagong Kings,Dhaka Capital,Shamim Hossain,Mohammad Mithun,Mosaddek Hossain
2514,2,18,4,Chittagong Kings,Dhaka Capital,Shamim Hossain,Mohammad Mithun,Mosaddek Hossain
2514,2,18,5,Chittagong Kings,Dhaka Capital,Shamim Hossain,Mohammad Mithun,Mosaddek Hossain
2514,2,18,6,Chittagong Kings,Dhaka Capital,Shamim Hossain,Mohammad Mithun,Mosaddek Hossain
2514,2,19,1,Chittagong Kings,Dhaka Capital,Shamim Hossain,Mohammad Mithun,Mukidul Islam
2514,2,19,2,Chittagong Kings,Dhaka Capital,Shamim Hossain,Mohammad Mithun,Mukidul Islam
2514,2,19,3,Chittagong Kings,Dhaka Capital,Mohammad Mithun,Shamim Hossain,Mukidul Islam
