MATCHID,INNINGSNO,OVERNO,BALL_NO,TEAMBATTING,TEAM_BOWLING,STRIKER,NON_STRIKER,BOWLER
2506,1,0,1,Fortune Barishal,Rangpur Riders,Tamim Iqbal,Nazmul Hossain Shanto,Kamrul Islam Rabbi
2506,1,0,2,Fortune Barishal,Rangpur Riders,Tamim Iqbal,Nazmul Hossain Shanto,Kamrul Islam Rabbi
2506,1,0,3,Fortune Barishal,Rangpur Riders,Tamim Iqbal,Nazmul Hossain Shanto,Kamrul Islam Rabbi
2506,1,0,4,Fortune Barishal,Rangpur Riders,Tamim Iqbal,Nazmul Hossain Shanto,Kamrul Islam Rabbi
2506,1,0,5,Fortune Barishal,Rangpur Riders,Tamim Iqbal,Nazmul Hossain Shanto,Kamrul Islam Rabbi
2506,1,0,6,Fortune Barishal,Rangpur Riders,Tamim Iqbal,Nazmul Hossain Shanto,Kamrul Islam Rabbi
2506,1,1,1,Fortune Barishal,Rangpur Riders,Nazmul Hossain Shanto,Tamim Iqbal,Mahedi Hasan
2506,1,1,2,Fortune Barishal,Rangpur Riders,Tamim Iqbal,Nazmul Hossain Shanto,Mahedi Hasan
2506,1,1,3,Fortune Barishal,Rangpur Riders,Tamim Iqbal,Nazmul Hossain Shanto,Mahedi Hasan
2506,1,1,4,Fortune Barishal,Rangpur Riders,Tamim Iqbal,Nazmul Hossain Shanto,Mahedi Hasan
2506,1,1,5,Fortune Barishal,Rangpur Riders,Tamim Iqbal,Nazmul Hossain Shanto,Mahedi Hasan
2506,1,1,6,Fortune Barishal,Rangpur Riders,Nazmul Hossain Shanto,Tamim Iqbal,Mahedi Hasan
2506,1,2,1,Fortune Barishal,Rangpur Riders,Nazmul Hossain Shanto,Tamim Iqbal,Iftikhar Ahmed
2506,1,2,2,Fortune Barishal,Rangpur Riders,Nazmul Hossain Shanto,Tamim Iqbal,Iftikhar Ahmed
2506,1,2,3,Fortune Barishal,Rangpur Riders,Nazmul Hossain Shanto,Tamim Iqbal,Iftikhar Ahmed
2506,1,2,4,Fortune Barishal,Rangpur Riders,Nazmul Hossain Shanto,Tamim Iqbal,Iftikhar Ahmed
2506,1,2,5,Fortune Barishal,Rangpur Riders,Nazmul Hossain Shanto,Tamim Iqbal,Iftikhar Ahmed
2506,1,2,6,Fortune Barishal,Rangpur Riders,Nazmul Hossain Shanto,Tamim Iqbal,Iftikhar Ahmed
2506,1,2,7,Fortune Barishal,Rangpur Riders,Nazmul Hossain Shanto,Tamim Iqbal,Iftikhar Ahmed
2506,1,3,1,Fortune Barishal,Rangpur Riders,Nazmul Hossain Shanto,Tamim Iqbal,Mahedi Hasan
2506,1,3,2,Fortune Barishal,Rangpur Riders,Nazmul Hossain Shanto,Tamim Iqbal,Mahedi Hasan
2506,1,3,3,Fortune Barishal,Rangpur Riders,Towhid Hridoy,Tamim Iqbal,Mahedi Hasan
2506,1,3,4,Fortune Barishal,Rangpur Riders,Tamim Iqbal,Towhid Hridoy,Mahedi Hasan
2506,1,3,5,Fortune Barishal,Rangpur Riders,Tamim Iqbal,Towhid Hridoy,Mahedi Hasan
2506,1,3,6,Fortune Barishal,Rangpur Riders,Tamim Iqbal,Towhid Hridoy,Mahedi Hasan
2506,1,4,1,Fortune Barishal,Rangpur Riders,Towhid Hridoy,Tamim Iqbal,Akif Javed
2506,1,4,2,Fortune Barishal,Rangpur Riders,Tamim Iqbal,Towhid Hridoy,Akif Javed
2506,1,4,3,Fortune Barishal,Rangpur Riders,Towhid Hridoy,Tamim Iqbal,Akif Javed
2506,1,4,4,Fortune Barishal,Rangpur Riders,Towhid Hridoy,Tamim Iqbal,Akif Javed
2506,1,4,5,Fortune Barishal,Rangpur Riders,Towhid Hridoy,Tamim Iqbal,Akif Javed
2506,1,4,6,Fortune Barishal,Rangpur Riders,Towhid Hridoy,Tamim Iqbal,Akif Javed
2506,1,5,1,Fortune Barishal,Rangpur Riders,Tamim Iqbal,KR Mayers,Nahid Rana
2506,1,5,2,Fortune Barishal,Rangpur Riders,Tamim Iqbal,KR Mayers,Nahid Rana
2506,1,5,3,Fortune Barishal,Rangpur Riders,Tamim Iqbal,KR Mayers,Nahid Rana
2506,1,5,4,Fortune Barishal,Rangpur Riders,Tamim Iqbal,KR Mayers,Nahid Rana
2506,1,5,5,Fortune Barishal,Rangpur Riders,Tamim Iqbal,KR Mayers,Nahid Rana
2506,1,5,6,Fortune Barishal,Rangpur Riders,Mushfiqur Rahim,KR Mayers,Nahid Rana
2506,1,5,7,Fortune Barishal,Rangpur Riders,Mushfiqur Rahim,KR Mayers,Nahid Rana
2506,1,6,1,Fortune Barishal,Rangpur Riders,KR Mayers,Mushfiqur Rahim,Akif Javed
2506,1,6,2,Fortune Barishal,Rangpur Riders,KR Mayers,Mushfiqur Rahim,Akif Javed
2506,1,6,3,Fortune Barishal,Rangpur Riders,Mushfiqur Rahim,KR Mayers,Akif Javed
2506,1,6,4,Fortune Barishal,Rangpur Riders,Mushfiqur Rahim,KR Mayers,Akif Javed
2506,1,6,5,Fortune Barishal,Rangpur Riders,KR Mayers,Mushfiqur Rahim,Akif Javed
2506,1,6,6,Fortune Barishal,Rangpur Riders,KR Mayers,Mushfiqur Rahim,Akif Javed
2506,1,7,1,Fortune Barishal,Rangpur Riders,Mushfiqur Rahim,KR Mayers,Nahid Rana
2506,1,7,2,Fortune Barishal,Rangpur Riders,Mushfiqur Rahim,KR Mayers,Nahid Rana
2506,1,7,3,Fortune Barishal,Rangpur Riders,Mushfiqur Rahim,KR Mayers,Nahid Rana
2506,1,7,4,Fortune Barishal,Rangpur Riders,KR Mayers,Mushfiqur Rahim,Nahid Rana
2506,1,7,5,Fortune Barishal,Rangpur Riders,KR Mayers,Mushfiqur Rahim,Nahid Rana
2506,1,7,6,Fortune Barishal,Rangpur Riders,KR Mayers,Mushfiqur Rahim,Nahid Rana
2506,1,8,1,Fortune Barishal,Rangpur Riders,KR Mayers,Mushfiqur Rahim,Kamrul Islam Rabbi
2506,1,8,2,Fortune Barishal,Rangpur Riders,Mushfiqur Rahim,KR Mayers,Kamrul Islam Rabbi
2506,1,8,3,Fortune Barishal,Rangpur Riders,Mushfiqur Rahim,KR Mayers,Kamrul Islam Rabbi
2506,1,8,4,Fortune Barishal,Rangpur Riders,KR Mayers,Mushfiqur Rahim,Kamrul Islam Rabbi
2506,1,8,5,Fortune Barishal,Rangpur Riders,Mushfiqur Rahim,KR Mayers,Kamrul Islam Rabbi
2506,1,8,6,Fortune Barishal,Rangpur Riders,Mushfiqur Rahim,KR Mayers,Kamrul Islam Rabbi
2506,1,9,1,Fortune Barishal,Rangpur Riders,Mushfiqur Rahim,KR Mayers,Mahedi Hasan
2506,1,9,2,Fortune Barishal,Rangpur Riders,KR Mayers,Mushfiqur Rahim,Mahedi Hasan
2506,1,9,3,Fortune Barishal,Rangpur Riders,Mushfiqur Rahim,KR Mayers,Mahedi Hasan
2506,1,9,4,Fortune Barishal,Rangpur Riders,KR Mayers,Mushfiqur Rahim,Mahedi Hasan
2506,1,9,5,Fortune Barishal,Rangpur Riders,KR Mayers,Mushfiqur Rahim,Mahedi Hasan
2506,1,9,6,Fortune Barishal,Rangpur Riders,KR Mayers,Mushfiqur Rahim,Mahedi Hasan
2506,1,10,1,Fortune Barishal,Rangpur Riders,Mushfiqur Rahim,KR Mayers,Khushdil Shah
2506,1,10,2,Fortune Barishal,Rangpur Riders,Mushfiqur Rahim,KR Mayers,Khushdil Shah
2506,1,10,3,Fortune Barishal,Rangpur Riders,Mushfiqur Rahim,KR Mayers,Khushdil Shah
2506,1,10,4,Fortune Barishal,Rangpur Riders,Mushfiqur Rahim,KR Mayers,Khushdil Shah
2506,1,10,5,Fortune Barishal,Rangpur Riders,Mahmudullah,KR Mayers,Khushdil Shah
2506,1,10,6,Fortune Barishal,Rangpur Riders,Mahmudullah,KR Mayers,Khushdil Shah
2506,1,11,1,Fortune Barishal,Rangpur Riders,KR Mayers,Mahmudullah,Iftikhar Ahmed
2506,1,11,2,Fortune Barishal,Rangpur Riders,Faheem Ashraf,Mahmudullah,Iftikhar Ahmed
2506,1,11,3,Fortune Barishal,Rangpur Riders,Faheem Ashraf,Mahmudullah,Iftikhar Ahmed
2506,1,11,4,Fortune Barishal,Rangpur Riders,Mahmudullah,Faheem Ashraf,Iftikhar Ahmed
2506,1,11,5,Fortune Barishal,Rangpur Riders,Faheem Ashraf,Mahmudullah,Iftikhar Ahmed
2506,1,11,6,Fortune Barishal,Rangpur Riders,Mohammad Nabi,Mahmudullah,Iftikhar Ahmed
2506,1,12,1,Fortune Barishal,Rangpur Riders,Mahmudullah,Mohammad Nabi,Khushdil Shah
2506,1,12,2,Fortune Barishal,Rangpur Riders,Mahmudullah,Mohammad Nabi,Khushdil Shah
2506,1,12,3,Fortune Barishal,Rangpur Riders,Mohammad Nabi,Mahmudullah,Khushdil Shah
2506,1,12,4,Fortune Barishal,Rangpur Riders,Mohammad Nabi,Mahmudullah,Khushdil Shah
2506,1,12,5,Fortune Barishal,Rangpur Riders,Mohammad Nabi,Mahmudullah,Khushdil Shah
2506,1,12,6,Fortune Barishal,Rangpur Riders,Mahmudullah,Mohammad Nabi,Khushdil Shah
2506,1,13,1,Fortune Barishal,Rangpur Riders,Mohammad Nabi,Mahmudullah,Nahid Rana
2506,1,13,2,Fortune Barishal,Rangpur Riders,Mahmudullah,Mohammad Nabi,Nahid Rana
2506,1,13,3,Fortune Barishal,Rangpur Riders,Mahmudullah,Mohammad Nabi,Nahid Rana
2506,1,13,4,Fortune Barishal,Rangpur Riders,Shaheen Shah Afridi,Mohammad Nabi,Nahid Rana
2506,1,13,5,Fortune Barishal,Rangpur Riders,Shaheen Shah Afridi,Mohammad Nabi,Nahid Rana
2506,1,13,6,Fortune Barishal,Rangpur Riders,Shaheen Shah Afridi,Mohammad Nabi,Nahid Rana
2506,1,13,7,Fortune Barishal,Rangpur Riders,Shaheen Shah Afridi,Mohammad Nabi,Nahid Rana
2506,1,14,1,Fortune Barishal,Rangpur Riders,Mohammad Nabi,Shaheen Shah Afridi,Khushdil Shah
2506,1,14,2,Fortune Barishal,Rangpur Riders,Mohammad Nabi,Shaheen Shah Afridi,Khushdil Shah
2506,1,14,3,Fortune Barishal,Rangpur Riders,Mohammad Nabi,Shaheen Shah Afridi,Khushdil Shah
2506,1,14,4,Fortune Barishal,Rangpur Riders,Shaheen Shah Afridi,Mohammad Nabi,Khushdil Shah
2506,1,14,5,Fortune Barishal,Rangpur Riders,Shaheen Shah Afridi,Mohammad Nabi,Khushdil Shah
2506,1,14,6,Fortune Barishal,Rangpur Riders,Shaheen Shah Afridi,Mohammad Nabi,Khushdil Shah
2506,1,14,7,Fortune Barishal,Rangpur Riders,Shaheen Shah Afridi,Mohammad Nabi,Khushdil Shah
2506,1,15,1,Fortune Barishal,Rangpur Riders,Mohammad Nabi,Tanvir Islam,Akif Javed
2506,1,15,2,Fortune Barishal,Rangpur Riders,Tanvir Islam,Mohammad Nabi,Akif Javed
2506,1,15,3,Fortune Barishal,Rangpur Riders,Tanvir Islam,Mohammad Nabi,Akif Javed
2506,1,15,4,Fortune Barishal,Rangpur Riders,Tanvir Islam,Mohammad Nabi,Akif Javed
2506,1,15,5,Fortune Barishal,Rangpur Riders,Tanvir Islam,Mohammad Nabi,Akif Javed
2506,1,15,6,Fortune Barishal,Rangpur Riders,Tanvir Islam,Mohammad Nabi,Akif Javed
2506,1,16,1,Fortune Barishal,Rangpur Riders,Tanvir Islam,Mohammad Nabi,Khushdil Shah
2506,1,16,2,Fortune Barishal,Rangpur Riders,Tanvir Islam,Mohammad Nabi,Khushdil Shah
2506,1,16,3,Fortune Barishal,Rangpur Riders,Mohammad Nabi,Tanvir Islam,Khushdil Shah
2506,1,16,4,Fortune Barishal,Rangpur Riders,Mohammad Nabi,Tanvir Islam,Khushdil Shah
2506,1,16,5,Fortune Barishal,Rangpur Riders,Tanvir Islam,Mohammad Nabi,Khushdil Shah
2506,1,16,6,Fortune Barishal,Rangpur Riders,Iqbal Hossain Emon,Mohammad Nabi,Khushdil Shah
2506,1,17,1,Fortune Barishal,Rangpur Riders,Mohammad Nabi,Iqbal Hossain Emon,Nahid Rana
2506,1,17,2,Fortune Barishal,Rangpur Riders,Mohammad Nabi,Iqbal Hossain Emon,Nahid Rana
2506,1,17,3,Fortune Barishal,Rangpur Riders,Mohammad Nabi,Iqbal Hossain Emon,Nahid Rana
2506,1,17,4,Fortune Barishal,Rangpur Riders,Mohammad Nabi,Iqbal Hossain Emon,Nahid Rana
2506,1,17,5,Fortune Barishal,Rangpur Riders,Mohammad Nabi,Iqbal Hossain Emon,Nahid Rana
2506,1,17,6,Fortune Barishal,Rangpur Riders,Mohammad Nabi,Iqbal Hossain Emon,Nahid Rana
2506,1,17,7,Fortune Barishal,Rangpur Riders,Iqbal Hossain Emon,Mohammad Nabi,Nahid Rana
2506,1,18,1,Fortune Barishal,Rangpur Riders,Mohammad Nabi,Iqbal Hossain Emon,Akif Javed
2506,1,18,2,Fortune Barishal,Rangpur Riders,Mohammad Nabi,Iqbal Hossain Emon,Akif Javed
2506,1,18,3,Fortune Barishal,Rangpur Riders,Mohammad Nabi,Iqbal Hossain Emon,Akif Javed
2506,2,0,1,Rangpur Riders,Fortune Barishal,AD Hales,Azizul Hakim,Shaheen Shah Afridi
2506,2,0,2,Rangpur Riders,Fortune Barishal,AD Hales,Azizul Hakim,Shaheen Shah Afridi
2506,2,0,3,Rangpur Riders,Fortune Barishal,AD Hales,Azizul Hakim,Shaheen Shah Afridi
2506,2,0,4,Rangpur Riders,Fortune Barishal,AD Hales,Azizul Hakim,Shaheen Shah Afridi
2506,2,0,5,Rangpur Riders,Fortune Barishal,AD Hales,Azizul Hakim,Shaheen Shah Afridi
2506,2,0,6,Rangpur Riders,Fortune Barishal,AD Hales,Azizul Hakim,Shaheen Shah Afridi
2506,2,0,7,Rangpur Riders,Fortune Barishal,AD Hales,Azizul Hakim,Shaheen Shah Afridi
2506,2,1,1,Rangpur Riders,Fortune Barishal,Azizul Hakim,AD Hales,Iqbal Hossain Emon
2506,2,1,2,Rangpur Riders,Fortune Barishal,Azizul Hakim,AD Hales,Iqbal Hossain Emon
2506,2,1,3,Rangpur Riders,Fortune Barishal,Towfiq Khan,AD Hales,Iqbal Hossain Emon
2506,2,1,4,Rangpur Riders,Fortune Barishal,Towfiq Khan,AD Hales,Iqbal Hossain Emon
2506,2,1,5,Rangpur Riders,Fortune Barishal,Towfiq Khan,AD Hales,Iqbal Hossain Emon
2506,2,1,6,Rangpur Riders,Fortune Barishal,Saif Hassan,AD Hales,Iqbal Hossain Emon
2506,2,1,7,Rangpur Riders,Fortune Barishal,Saif Hassan,AD Hales,Iqbal Hossain Emon
2506,2,1,8,Rangpur Riders,Fortune Barishal,Saif Hassan,AD Hales,Iqbal Hossain Emon
2506,2,1,9,Rangpur Riders,Fortune Barishal,Saif Hassan,AD Hales,Iqbal Hossain Emon
2506,2,2,1,Rangpur Riders,Fortune Barishal,AD Hales,Saif Hassan,Shaheen Shah Afridi
2506,2,2,2,Rangpur Riders,Fortune Barishal,Saif Hassan,AD Hales,Shaheen Shah Afridi
2506,2,2,3,Rangpur Riders,Fortune Barishal,Saif Hassan,AD Hales,Shaheen Shah Afridi
2506,2,2,4,Rangpur Riders,Fortune Barishal,AD Hales,Saif Hassan,Shaheen Shah Afridi
2506,2,2,5,Rangpur Riders,Fortune Barishal,AD Hales,Saif Hassan,Shaheen Shah Afridi
2506,2,2,6,Rangpur Riders,Fortune Barishal,AD Hales,Saif Hassan,Shaheen Shah Afridi
2506,2,2,7,Rangpur Riders,Fortune Barishal,AD Hales,Saif Hassan,Shaheen Shah Afridi
2506,2,3,1,Rangpur Riders,Fortune Barishal,Saif Hassan,AD Hales,Tanvir Islam
2506,2,3,2,Rangpur Riders,Fortune Barishal,Saif Hassan,AD Hales,Tanvir Islam
2506,2,3,3,Rangpur Riders,Fortune Barishal,Saif Hassan,AD Hales,Tanvir Islam
2506,2,3,4,Rangpur Riders,Fortune Barishal,Saif Hassan,AD Hales,Tanvir Islam
2506,2,3,5,Rangpur Riders,Fortune Barishal,AD Hales,Saif Hassan,Tanvir Islam
2506,2,3,6,Rangpur Riders,Fortune Barishal,AD Hales,Saif Hassan,Tanvir Islam
2506,2,4,1,Rangpur Riders,Fortune Barishal,AD Hales,Saif Hassan,KR Mayers
2506,2,4,2,Rangpur Riders,Fortune Barishal,AD Hales,Saif Hassan,KR Mayers
2506,2,4,3,Rangpur Riders,Fortune Barishal,Saif Hassan,AD Hales,KR Mayers
2506,2,4,4,Rangpur Riders,Fortune Barishal,Saif Hassan,AD Hales,KR Mayers
2506,2,4,5,Rangpur Riders,Fortune Barishal,Saif Hassan,AD Hales,KR Mayers
2506,2,4,6,Rangpur Riders,Fortune Barishal,Saif Hassan,AD Hales,KR Mayers
2506,2,4,7,Rangpur Riders,Fortune Barishal,Saif Hassan,AD Hales,KR Mayers
2506,2,5,1,Rangpur Riders,Fortune Barishal,AD Hales,Saif Hassan,Tanvir Islam
2506,2,5,2,Rangpur Riders,Fortune Barishal,Saif Hassan,AD Hales,Tanvir Islam
2506,2,5,3,Rangpur Riders,Fortune Barishal,Saif Hassan,AD Hales,Tanvir Islam
2506,2,5,4,Rangpur Riders,Fortune Barishal,Saif Hassan,AD Hales,Tanvir Islam
2506,2,5,5,Rangpur Riders,Fortune Barishal,Saif Hassan,AD Hales,Tanvir Islam
2506,2,5,6,Rangpur Riders,Fortune Barishal,Saif Hassan,AD Hales,Tanvir Islam
2506,2,6,1,Rangpur Riders,Fortune Barishal,AD Hales,Saif Hassan,Iqbal Hossain Emon
2506,2,6,2,Rangpur Riders,Fortune Barishal,Saif Hassan,AD Hales,Iqbal Hossain Emon
2506,2,6,3,Rangpur Riders,Fortune Barishal,AD Hales,Saif Hassan,Iqbal Hossain Emon
2506,2,6,4,Rangpur Riders,Fortune Barishal,AD Hales,Saif Hassan,Iqbal Hossain Emon
2506,2,6,5,Rangpur Riders,Fortune Barishal,Saif Hassan,AD Hales,Iqbal Hossain Emon
2506,2,6,6,Rangpur Riders,Fortune Barishal,Saif Hassan,AD Hales,Iqbal Hossain Emon
2506,2,7,1,Rangpur Riders,Fortune Barishal,AD Hales,Saif Hassan,Tanvir Islam
2506,2,7,2,Rangpur Riders,Fortune Barishal,Saif Hassan,AD Hales,Tanvir Islam
2506,2,7,3,Rangpur Riders,Fortune Barishal,Saif Hassan,AD Hales,Tanvir Islam
2506,2,7,4,Rangpur Riders,Fortune Barishal,AD Hales,Saif Hassan,Tanvir Islam
2506,2,7,5,Rangpur Riders,Fortune Barishal,AD Hales,Saif Hassan,Tanvir Islam
2506,2,7,6,Rangpur Riders,Fortune Barishal,Saif Hassan,AD Hales,Tanvir Islam
2506,2,7,7,Rangpur Riders,Fortune Barishal,Saif Hassan,AD Hales,Tanvir Islam
2506,2,8,1,Rangpur Riders,Fortune Barishal,AD Hales,Saif Hassan,Iqbal Hossain Emon
2506,2,8,2,Rangpur Riders,Fortune Barishal,Saif Hassan,AD Hales,Iqbal Hossain Emon
2506,2,8,3,Rangpur Riders,Fortune Barishal,Saif Hassan,AD Hales,Iqbal Hossain Emon
2506,2,8,4,Rangpur Riders,Fortune Barishal,Saif Hassan,AD Hales,Iqbal Hossain Emon
2506,2,8,5,Rangpur Riders,Fortune Barishal,Saif Hassan,AD Hales,Iqbal Hossain Emon
2506,2,8,6,Rangpur Riders,Fortune Barishal,AD Hales,Saif Hassan,Iqbal Hossain Emon
2506,2,9,1,Rangpur Riders,Fortune Barishal,Saif Hassan,AD Hales,Mohammad Nabi
2506,2,9,2,Rangpur Riders,Fortune Barishal,AD Hales,Saif Hassan,Mohammad Nabi
2506,2,9,3,Rangpur Riders,Fortune Barishal,AD Hales,Saif Hassan,Mohammad Nabi
2506,2,9,4,Rangpur Riders,Fortune Barishal,Saif Hassan,AD Hales,Mohammad Nabi
2506,2,9,5,Rangpur Riders,Fortune Barishal,AD Hales,Saif Hassan,Mohammad Nabi
2506,2,9,6,Rangpur Riders,Fortune Barishal,AD Hales,Saif Hassan,Mohammad Nabi
2506,2,10,1,Rangpur Riders,Fortune Barishal,Saif Hassan,AD Hales,Tanvir Islam
2506,2,10,2,Rangpur Riders,Fortune Barishal,Saif Hassan,AD Hales,Tanvir Islam
2506,2,10,3,Rangpur Riders,Fortune Barishal,Saif Hassan,AD Hales,Tanvir Islam
2506,2,10,4,Rangpur Riders,Fortune Barishal,Saif Hassan,AD Hales,Tanvir Islam
2506,2,10,5,Rangpur Riders,Fortune Barishal,AD Hales,Saif Hassan,Tanvir Islam
2506,2,10,6,Rangpur Riders,Fortune Barishal,AD Hales,Saif Hassan,Tanvir Islam
2506,2,11,1,Rangpur Riders,Fortune Barishal,AD Hales,Saif Hassan,Mohammad Nabi
2506,2,11,2,Rangpur Riders,Fortune Barishal,AD Hales,Saif Hassan,Mohammad Nabi
2506,2,11,3,Rangpur Riders,Fortune Barishal,Saif Hassan,AD Hales,Mohammad Nabi
2506,2,11,4,Rangpur Riders,Fortune Barishal,Saif Hassan,AD Hales,Mohammad Nabi
2506,2,11,5,Rangpur Riders,Fortune Barishal,Saif Hassan,AD Hales,Mohammad Nabi
2506,2,11,6,Rangpur Riders,Fortune Barishal,AD Hales,Saif Hassan,Mohammad Nabi
2506,2,12,1,Rangpur Riders,Fortune Barishal,AD Hales,Saif Hassan,Faheem Ashraf
2506,2,12,2,Rangpur Riders,Fortune Barishal,Saif Hassan,AD Hales,Faheem Ashraf
2506,2,12,3,Rangpur Riders,Fortune Barishal,AD Hales,Saif Hassan,Faheem Ashraf
2506,2,12,4,Rangpur Riders,Fortune Barishal,AD Hales,Saif Hassan,Faheem Ashraf
2506,2,12,5,Rangpur Riders,Fortune Barishal,Saif Hassan,AD Hales,Faheem Ashraf
2506,2,12,6,Rangpur Riders,Fortune Barishal,Saif Hassan,AD Hales,Faheem Ashraf
2506,2,12,7,Rangpur Riders,Fortune Barishal,Saif Hassan,AD Hales,Faheem Ashraf
2506,2,13,1,Rangpur Riders,Fortune Barishal,Saif Hassan,AD Hales,Shaheen Shah Afridi
2506,2,13,2,Rangpur Riders,Fortune Barishal,Saif Hassan,AD Hales,Shaheen Shah Afridi
2506,2,13,3,Rangpur Riders,Fortune Barishal,Saif Hassan,AD Hales,Shaheen Shah Afridi
2506,2,13,4,Rangpur Riders,Fortune Barishal,Saif Hassan,AD Hales,Shaheen Shah Afridi
2506,2,13,5,Rangpur Riders,Fortune Barishal,AD Hales,Saif Hassan,Shaheen Shah Afridi
2506,2,13,6,Rangpur Riders,Fortune Barishal,AD Hales,Saif Hassan,Shaheen Shah Afridi
2506,2,14,1,Rangpur Riders,Fortune Barishal,Saif Hassan,AD Hales,Faheem Ashraf
2506,2,14,2,Rangpur Riders,Fortune Barishal,AD Hales,Saif Hassan,Faheem Ashraf
2506,2,14,3,Rangpur Riders,Fortune Barishal,AD Hales,Saif Hassan,Faheem Ashraf
2506,2,14,4,Rangpur Riders,Fortune Barishal,Saif Hassan,AD Hales,Faheem Ashraf
2506,2,14,5,Rangpur Riders,Fortune Barishal,AD Hales,Saif Hassan,Faheem Ashraf
2506,2,14,6,Rangpur Riders,Fortune Barishal,AD Hales,Saif Hassan,Faheem Ashraf
