MATCHID,INNINGSNO,OVERNO,BALL_NO,TEAMBATTING,TEAM_BOWLING,STRIKER,NON_STRIKER,BOWLER
2527,1,0,1,Dhaka Capital,Sylhet Strikers,Tanzid Hasan,Liton Das,Sumon Khan
2527,1,0,2,Dhaka Capital,Sylhet Strikers,Tanzid Hasan,Liton Das,Sumon Khan
2527,1,0,3,Dhaka Capital,Sylhet Strikers,Tanzid Hasan,Liton Das,Sumon Khan
2527,1,0,4,Dhaka Capital,Sylhet Strikers,Tanzid Hasan,Liton Das,Sumon Khan
2527,1,0,5,Dhaka Capital,Sylhet Strikers,Liton Das,Tanzid Hasan,Sumon Khan
2527,1,0,6,Dhaka Capital,Sylhet Strikers,Tanzid Hasan,Liton Das,Sumon Khan
2527,1,1,1,Dhaka Capital,Sylhet Strikers,Tanzid Hasan,Liton Das,Ruyel Miah
2527,1,1,2,Dhaka Capital,Sylhet Strikers,Tanzid Hasan,Liton Das,Ruyel Miah
2527,1,1,3,Dhaka Capital,Sylhet Strikers,Liton Das,Tanzid Hasan,Ruyel Miah
2527,1,1,4,Dhaka Capital,Sylhet Strikers,Tanzid Hasan,Liton Das,Ruyel Miah
2527,1,1,5,Dhaka Capital,Sylhet Strikers,Tanzid Hasan,Liton Das,Ruyel Miah
2527,1,1,6,Dhaka Capital,Sylhet Strikers,Tanzid Hasan,Liton Das,Ruyel Miah
2527,1,1,7,Dhaka Capital,Sylhet Strikers,Tanzid Hasan,Liton Das,Ruyel Miah
2527,1,2,1,Dhaka Capital,Sylhet Strikers,Tanzid Hasan,Liton Das,Sumon Khan
2527,1,2,2,Dhaka Capital,Sylhet Strikers,Tanzid Hasan,Liton Das,Sumon Khan
2527,1,2,3,Dhaka Capital,Sylhet Strikers,Liton Das,Tanzid Hasan,Sumon Khan
2527,1,2,4,Dhaka Capital,Sylhet Strikers,Liton Das,Tanzid Hasan,Sumon Khan
2527,1,2,5,Dhaka Capital,Sylhet Strikers,Tanzid Hasan,Liton Das,Sumon Khan
2527,1,2,6,Dhaka Capital,Sylhet Strikers,Tanzid Hasan,Liton Das,Sumon Khan
2527,1,3,1,Dhaka Capital,Sylhet Strikers,Liton Das,Tanzid Hasan,Tipu Sultan
2527,1,3,2,Dhaka Capital,Sylhet Strikers,Liton Das,Tanzid Hasan,Tipu Sultan
2527,1,3,3,Dhaka Capital,Sylhet Strikers,Liton Das,Tanzid Hasan,Tipu Sultan
2527,1,3,4,Dhaka Capital,Sylhet Strikers,Tanzid Hasan,Liton Das,Tipu Sultan
2527,1,3,5,Dhaka Capital,Sylhet Strikers,Tanzid Hasan,Liton Das,Tipu Sultan
2527,1,3,6,Dhaka Capital,Sylhet Strikers,JP Kotze,Liton Das,Tipu Sultan
2527,1,4,1,Dhaka Capital,Sylhet Strikers,Liton Das,JP Kotze,Aaron Jones
2527,1,4,2,Dhaka Capital,Sylhet Strikers,Liton Das,JP Kotze,Aaron Jones
2527,1,4,3,Dhaka Capital,Sylhet Strikers,Liton Das,JP Kotze,Aaron Jones
2527,1,4,4,Dhaka Capital,Sylhet Strikers,Liton Das,JP Kotze,Aaron Jones
2527,1,4,5,Dhaka Capital,Sylhet Strikers,Liton Das,JP Kotze,Aaron Jones
2527,1,4,6,Dhaka Capital,Sylhet Strikers,JP Kotze,Liton Das,Aaron Jones
2527,1,5,1,Dhaka Capital,Sylhet Strikers,Liton Das,JP Kotze,Tipu Sultan
2527,1,5,2,Dhaka Capital,Sylhet Strikers,JP Kotze,Liton Das,Tipu Sultan
2527,1,5,3,Dhaka Capital,Sylhet Strikers,JP Kotze,Liton Das,Tipu Sultan
2527,1,5,4,Dhaka Capital,Sylhet Strikers,JP Kotze,Liton Das,Tipu Sultan
2527,1,5,5,Dhaka Capital,Sylhet Strikers,Liton Das,JP Kotze,Tipu Sultan
2527,1,5,6,Dhaka Capital,Sylhet Strikers,Liton Das,JP Kotze,Tipu Sultan
2527,1,6,1,Dhaka Capital,Sylhet Strikers,JP Kotze,Liton Das,Samiullah Shenwari
2527,1,6,2,Dhaka Capital,Sylhet Strikers,JP Kotze,Liton Das,Samiullah Shenwari
2527,1,6,3,Dhaka Capital,Sylhet Strikers,JP Kotze,Liton Das,Samiullah Shenwari
2527,1,6,4,Dhaka Capital,Sylhet Strikers,Mosaddek Hossain,Liton Das,Samiullah Shenwari
2527,1,6,5,Dhaka Capital,Sylhet Strikers,Mosaddek Hossain,Liton Das,Samiullah Shenwari
2527,1,6,6,Dhaka Capital,Sylhet Strikers,Mosaddek Hossain,Liton Das,Samiullah Shenwari
2527,1,7,1,Dhaka Capital,Sylhet Strikers,Liton Das,Mosaddek Hossain,Ariful Haque
2527,1,7,2,Dhaka Capital,Sylhet Strikers,Mosaddek Hossain,Liton Das,Ariful Haque
2527,1,7,3,Dhaka Capital,Sylhet Strikers,Mosaddek Hossain,Liton Das,Ariful Haque
2527,1,7,4,Dhaka Capital,Sylhet Strikers,Liton Das,Mosaddek Hossain,Ariful Haque
2527,1,7,5,Dhaka Capital,Sylhet Strikers,Mosaddek Hossain,Liton Das,Ariful Haque
2527,1,7,6,Dhaka Capital,Sylhet Strikers,Liton Das,Mosaddek Hossain,Ariful Haque
2527,1,7,7,Dhaka Capital,Sylhet Strikers,Mosaddek Hossain,Liton Das,Ariful Haque
2527,1,8,1,Dhaka Capital,Sylhet Strikers,Mosaddek Hossain,Liton Das,Samiullah Shenwari
2527,1,8,2,Dhaka Capital,Sylhet Strikers,Sabbir Rahman,Liton Das,Samiullah Shenwari
2527,1,8,3,Dhaka Capital,Sylhet Strikers,Liton Das,Sabbir Rahman,Samiullah Shenwari
2527,1,8,4,Dhaka Capital,Sylhet Strikers,Liton Das,Sabbir Rahman,Samiullah Shenwari
2527,1,8,5,Dhaka Capital,Sylhet Strikers,Liton Das,Sabbir Rahman,Samiullah Shenwari
2527,1,8,6,Dhaka Capital,Sylhet Strikers,Sabbir Rahman,Liton Das,Samiullah Shenwari
2527,1,9,1,Dhaka Capital,Sylhet Strikers,Liton Das,Sabbir Rahman,Ariful Haque
2527,1,9,2,Dhaka Capital,Sylhet Strikers,Sabbir Rahman,Liton Das,Ariful Haque
2527,1,9,3,Dhaka Capital,Sylhet Strikers,Liton Das,Sabbir Rahman,Ariful Haque
2527,1,9,4,Dhaka Capital,Sylhet Strikers,Sabbir Rahman,Liton Das,Ariful Haque
2527,1,9,5,Dhaka Capital,Sylhet Strikers,Sabbir Rahman,Liton Das,Ariful Haque
2527,1,9,6,Dhaka Capital,Sylhet Strikers,Liton Das,Sabbir Rahman,Ariful Haque
2527,1,10,1,Dhaka Capital,Sylhet Strikers,Sabbir Rahman,Liton Das,Samiullah Shenwari
2527,1,10,2,Dhaka Capital,Sylhet Strikers,Liton Das,Sabbir Rahman,Samiullah Shenwari
2527,1,10,3,Dhaka Capital,Sylhet Strikers,Liton Das,Sabbir Rahman,Samiullah Shenwari
2527,1,10,4,Dhaka Capital,Sylhet Strikers,Liton Das,Sabbir Rahman,Samiullah Shenwari
2527,1,10,5,Dhaka Capital,Sylhet Strikers,Sabbir Rahman,Liton Das,Samiullah Shenwari
2527,1,10,6,Dhaka Capital,Sylhet Strikers,Sabbir Rahman,Liton Das,Samiullah Shenwari
2527,1,11,1,Dhaka Capital,Sylhet Strikers,Sabbir Rahman,Liton Das,Tipu Sultan
2527,1,11,2,Dhaka Capital,Sylhet Strikers,Sabbir Rahman,Liton Das,Tipu Sultan
2527,1,11,3,Dhaka Capital,Sylhet Strikers,Liton Das,Sabbir Rahman,Tipu Sultan
2527,1,11,4,Dhaka Capital,Sylhet Strikers,Sabbir Rahman,Liton Das,Tipu Sultan
2527,1,11,5,Dhaka Capital,Sylhet Strikers,Liton Das,Sabbir Rahman,Tipu Sultan
2527,1,11,6,Dhaka Capital,Sylhet Strikers,Sabbir Rahman,Liton Das,Tipu Sultan
2527,1,12,1,Dhaka Capital,Sylhet Strikers,Sabbir Rahman,Liton Das,Samiullah Shenwari
2527,1,12,2,Dhaka Capital,Sylhet Strikers,Liton Das,Sabbir Rahman,Samiullah Shenwari
2527,1,12,3,Dhaka Capital,Sylhet Strikers,Sabbir Rahman,Liton Das,Samiullah Shenwari
2527,1,12,4,Dhaka Capital,Sylhet Strikers,Sabbir Rahman,Liton Das,Samiullah Shenwari
2527,1,12,5,Dhaka Capital,Sylhet Strikers,Liton Das,Sabbir Rahman,Samiullah Shenwari
2527,1,12,6,Dhaka Capital,Sylhet Strikers,Sabbir Rahman,Liton Das,Samiullah Shenwari
2527,1,13,1,Dhaka Capital,Sylhet Strikers,Liton Das,Sabbir Rahman,Ruyel Miah
2527,1,13,2,Dhaka Capital,Sylhet Strikers,Sabbir Rahman,Liton Das,Ruyel Miah
2527,1,13,3,Dhaka Capital,Sylhet Strikers,Sabbir Rahman,Liton Das,Ruyel Miah
2527,1,13,4,Dhaka Capital,Sylhet Strikers,Liton Das,Sabbir Rahman,Ruyel Miah
2527,1,13,5,Dhaka Capital,Sylhet Strikers,Sabbir Rahman,Liton Das,Ruyel Miah
2527,1,13,6,Dhaka Capital,Sylhet Strikers,Sabbir Rahman,Liton Das,Ruyel Miah
2527,1,14,1,Dhaka Capital,Sylhet Strikers,Liton Das,Sabbir Rahman,Tipu Sultan
2527,1,14,2,Dhaka Capital,Sylhet Strikers,Liton Das,Sabbir Rahman,Tipu Sultan
2527,1,14,3,Dhaka Capital,Sylhet Strikers,Sabbir Rahman,Liton Das,Tipu Sultan
2527,1,14,4,Dhaka Capital,Sylhet Strikers,NLTC Perera,Liton Das,Tipu Sultan
2527,1,14,5,Dhaka Capital,Sylhet Strikers,NLTC Perera,Liton Das,Tipu Sultan
2527,1,14,6,Dhaka Capital,Sylhet Strikers,NLTC Perera,Liton Das,Tipu Sultan
2527,1,14,7,Dhaka Capital,Sylhet Strikers,Liton Das,NLTC Perera,Tipu Sultan
2527,1,14,8,Dhaka Capital,Sylhet Strikers,NLTC Perera,Liton Das,Tipu Sultan
2527,1,14,9,Dhaka Capital,Sylhet Strikers,NLTC Perera,Liton Das,Tipu Sultan
2527,1,14,10,Dhaka Capital,Sylhet Strikers,Liton Das,NLTC Perera,Tipu Sultan
2527,1,15,1,Dhaka Capital,Sylhet Strikers,NLTC Perera,Liton Das,Sumon Khan
2527,1,15,2,Dhaka Capital,Sylhet Strikers,Liton Das,NLTC Perera,Sumon Khan
2527,1,15,3,Dhaka Capital,Sylhet Strikers,NLTC Perera,Liton Das,Sumon Khan
2527,1,15,4,Dhaka Capital,Sylhet Strikers,Liton Das,NLTC Perera,Sumon Khan
2527,1,15,5,Dhaka Capital,Sylhet Strikers,Liton Das,NLTC Perera,Sumon Khan
2527,1,15,6,Dhaka Capital,Sylhet Strikers,NLTC Perera,Liton Das,Sumon Khan
2527,1,15,7,Dhaka Capital,Sylhet Strikers,Liton Das,NLTC Perera,Sumon Khan
2527,1,15,8,Dhaka Capital,Sylhet Strikers,Liton Das,NLTC Perera,Sumon Khan
2527,1,16,1,Dhaka Capital,Sylhet Strikers,Liton Das,NLTC Perera,Ruyel Miah
2527,1,16,2,Dhaka Capital,Sylhet Strikers,Liton Das,NLTC Perera,Ruyel Miah
2527,1,16,3,Dhaka Capital,Sylhet Strikers,NLTC Perera,Liton Das,Ruyel Miah
2527,1,16,4,Dhaka Capital,Sylhet Strikers,Liton Das,NLTC Perera,Ruyel Miah
2527,1,16,5,Dhaka Capital,Sylhet Strikers,Liton Das,NLTC Perera,Ruyel Miah
2527,1,16,6,Dhaka Capital,Sylhet Strikers,Liton Das,NLTC Perera,Ruyel Miah
2527,1,16,7,Dhaka Capital,Sylhet Strikers,NLTC Perera,Liton Das,Ruyel Miah
2527,1,17,1,Dhaka Capital,Sylhet Strikers,NLTC Perera,Liton Das,Ariful Haque
2527,1,17,2,Dhaka Capital,Sylhet Strikers,NLTC Perera,Liton Das,Ariful Haque
2527,1,17,3,Dhaka Capital,Sylhet Strikers,NLTC Perera,Liton Das,Ariful Haque
2527,1,17,4,Dhaka Capital,Sylhet Strikers,Liton Das,NLTC Perera,Ariful Haque
2527,1,17,5,Dhaka Capital,Sylhet Strikers,Liton Das,NLTC Perera,Ariful Haque
2527,1,17,6,Dhaka Capital,Sylhet Strikers,NLTC Perera,Liton Das,Ariful Haque
2527,1,17,7,Dhaka Capital,Sylhet Strikers,NLTC Perera,Liton Das,Ariful Haque
2527,1,18,1,Dhaka Capital,Sylhet Strikers,NLTC Perera,Liton Das,Ruyel Miah
2527,1,18,2,Dhaka Capital,Sylhet Strikers,NLTC Perera,Liton Das,Ruyel Miah
2527,1,18,3,Dhaka Capital,Sylhet Strikers,NLTC Perera,Liton Das,Ruyel Miah
2527,1,18,4,Dhaka Capital,Sylhet Strikers,Liton Das,NLTC Perera,Ruyel Miah
2527,1,18,5,Dhaka Capital,Sylhet Strikers,Liton Das,NLTC Perera,Ruyel Miah
2527,1,18,6,Dhaka Capital,Sylhet Strikers,Liton Das,NLTC Perera,Ruyel Miah
2527,1,18,7,Dhaka Capital,Sylhet Strikers,NLTC Perera,Liton Das,Ruyel Miah
2527,1,18,8,Dhaka Capital,Sylhet Strikers,Liton Das,NLTC Perera,Ruyel Miah
2527,1,19,1,Dhaka Capital,Sylhet Strikers,NLTC Perera,Farmanullah,Sumon Khan
2527,1,19,2,Dhaka Capital,Sylhet Strikers,NLTC Perera,Farmanullah,Sumon Khan
2527,1,19,3,Dhaka Capital,Sylhet Strikers,Mukidul Islam,Farmanullah,Sumon Khan
2527,1,19,4,Dhaka Capital,Sylhet Strikers,Farmanullah,Mukidul Islam,Sumon Khan
2527,1,19,5,Dhaka Capital,Sylhet Strikers,Farmanullah,Mukidul Islam,Sumon Khan
2527,1,19,6,Dhaka Capital,Sylhet Strikers,Farmanullah,Mukidul Islam,Sumon Khan
2527,2,0,1,Sylhet Strikers,Dhaka Capital,HG Munsey,Rony Talukdar,Abu Jayed
2527,2,0,2,Sylhet Strikers,Dhaka Capital,Rony Talukdar,HG Munsey,Abu Jayed
2527,2,0,3,Sylhet Strikers,Dhaka Capital,HG Munsey,Rony Talukdar,Abu Jayed
2527,2,0,4,Sylhet Strikers,Dhaka Capital,Rony Talukdar,HG Munsey,Abu Jayed
2527,2,0,5,Sylhet Strikers,Dhaka Capital,HG Munsey,Rony Talukdar,Abu Jayed
2527,2,0,6,Sylhet Strikers,Dhaka Capital,Rony Talukdar,HG Munsey,Abu Jayed
2527,2,1,1,Sylhet Strikers,Dhaka Capital,Rony Talukdar,HG Munsey,Mosaddek Hossain
2527,2,1,2,Sylhet Strikers,Dhaka Capital,Rony Talukdar,HG Munsey,Mosaddek Hossain
2527,2,1,3,Sylhet Strikers,Dhaka Capital,Rony Talukdar,HG Munsey,Mosaddek Hossain
2527,2,1,4,Sylhet Strikers,Dhaka Capital,HG Munsey,Rony Talukdar,Mosaddek Hossain
2527,2,1,5,Sylhet Strikers,Dhaka Capital,HG Munsey,Rony Talukdar,Mosaddek Hossain
2527,2,1,6,Sylhet Strikers,Dhaka Capital,Zakir Hasan,Rony Talukdar,Mosaddek Hossain
2527,2,2,1,Sylhet Strikers,Dhaka Capital,Zakir Hasan,Rony Talukdar,Abu Jayed
2527,2,2,2,Sylhet Strikers,Dhaka Capital,Zakir Hasan,Rony Talukdar,Abu Jayed
2527,2,2,3,Sylhet Strikers,Dhaka Capital,Rony Talukdar,Zakir Hasan,Abu Jayed
2527,2,2,4,Sylhet Strikers,Dhaka Capital,Rony Talukdar,Zakir Hasan,Abu Jayed
2527,2,2,5,Sylhet Strikers,Dhaka Capital,Rony Talukdar,Zakir Hasan,Abu Jayed
2527,2,2,6,Sylhet Strikers,Dhaka Capital,Rony Talukdar,Zakir Hasan,Abu Jayed
2527,2,3,1,Sylhet Strikers,Dhaka Capital,Rony Talukdar,Zakir Hasan,Mosaddek Hossain
2527,2,3,2,Sylhet Strikers,Dhaka Capital,Rony Talukdar,Zakir Hasan,Mosaddek Hossain
2527,2,3,3,Sylhet Strikers,Dhaka Capital,Zakir Hasan,Rony Talukdar,Mosaddek Hossain
2527,2,3,4,Sylhet Strikers,Dhaka Capital,Zakir Hasan,Rony Talukdar,Mosaddek Hossain
2527,2,3,5,Sylhet Strikers,Dhaka Capital,Rony Talukdar,Zakir Hasan,Mosaddek Hossain
2527,2,3,6,Sylhet Strikers,Dhaka Capital,Rony Talukdar,Zakir Hasan,Mosaddek Hossain
2527,2,4,1,Sylhet Strikers,Dhaka Capital,Zakir Hasan,Rony Talukdar,Mustafizur Rahman
2527,2,4,2,Sylhet Strikers,Dhaka Capital,Rony Talukdar,Zakir Hasan,Mustafizur Rahman
2527,2,4,3,Sylhet Strikers,Dhaka Capital,Zakir Hasan,Rony Talukdar,Mustafizur Rahman
2527,2,4,4,Sylhet Strikers,Dhaka Capital,Aaron Jones,Rony Talukdar,Mustafizur Rahman
2527,2,4,5,Sylhet Strikers,Dhaka Capital,Rony Talukdar,Aaron Jones,Mustafizur Rahman
2527,2,4,6,Sylhet Strikers,Dhaka Capital,Aaron Jones,Rony Talukdar,Mustafizur Rahman
2527,2,5,1,Sylhet Strikers,Dhaka Capital,Rony Talukdar,Aaron Jones,Nazmul Islam
2527,2,5,2,Sylhet Strikers,Dhaka Capital,Aaron Jones,Rony Talukdar,Nazmul Islam
2527,2,5,3,Sylhet Strikers,Dhaka Capital,Aaron Jones,Rony Talukdar,Nazmul Islam
2527,2,5,4,Sylhet Strikers,Dhaka Capital,Aaron Jones,Rony Talukdar,Nazmul Islam
2527,2,5,5,Sylhet Strikers,Dhaka Capital,Aaron Jones,Rony Talukdar,Nazmul Islam
2527,2,5,6,Sylhet Strikers,Dhaka Capital,Rony Talukdar,Aaron Jones,Nazmul Islam
2527,2,6,1,Sylhet Strikers,Dhaka Capital,Rony Talukdar,Aaron Jones,Mukidul Islam
2527,2,6,2,Sylhet Strikers,Dhaka Capital,Aaron Jones,Rony Talukdar,Mukidul Islam
2527,2,6,3,Sylhet Strikers,Dhaka Capital,Rony Talukdar,Aaron Jones,Mukidul Islam
2527,2,6,4,Sylhet Strikers,Dhaka Capital,Rony Talukdar,Aaron Jones,Mukidul Islam
2527,2,6,5,Sylhet Strikers,Dhaka Capital,Rony Talukdar,Aaron Jones,Mukidul Islam
2527,2,6,6,Sylhet Strikers,Dhaka Capital,Aaron Jones,Rony Talukdar,Mukidul Islam
2527,2,6,7,Sylhet Strikers,Dhaka Capital,Aaron Jones,Rony Talukdar,Mukidul Islam
2527,2,7,1,Sylhet Strikers,Dhaka Capital,Rony Talukdar,Aaron Jones,Nazmul Islam
2527,2,7,2,Sylhet Strikers,Dhaka Capital,Aaron Jones,Rony Talukdar,Nazmul Islam
2527,2,7,3,Sylhet Strikers,Dhaka Capital,Rony Talukdar,Aaron Jones,Nazmul Islam
2527,2,7,4,Sylhet Strikers,Dhaka Capital,Aaron Jones,Rony Talukdar,Nazmul Islam
2527,2,7,5,Sylhet Strikers,Dhaka Capital,Aaron Jones,Rony Talukdar,Nazmul Islam
2527,2,7,6,Sylhet Strikers,Dhaka Capital,Rony Talukdar,Aaron Jones,Nazmul Islam
2527,2,8,1,Sylhet Strikers,Dhaka Capital,Rony Talukdar,Aaron Jones,Farmanullah
2527,2,8,2,Sylhet Strikers,Dhaka Capital,Rony Talukdar,Aaron Jones,Farmanullah
2527,2,8,3,Sylhet Strikers,Dhaka Capital,Rony Talukdar,Aaron Jones,Farmanullah
2527,2,8,4,Sylhet Strikers,Dhaka Capital,Aaron Jones,Rony Talukdar,Farmanullah
2527,2,8,5,Sylhet Strikers,Dhaka Capital,Aaron Jones,Rony Talukdar,Farmanullah
2527,2,8,6,Sylhet Strikers,Dhaka Capital,Rony Talukdar,Aaron Jones,Farmanullah
2527,2,9,1,Sylhet Strikers,Dhaka Capital,Aaron Jones,Rony Talukdar,NLTC Perera
2527,2,9,2,Sylhet Strikers,Dhaka Capital,Aaron Jones,Rony Talukdar,NLTC Perera
2527,2,9,3,Sylhet Strikers,Dhaka Capital,Rony Talukdar,Aaron Jones,NLTC Perera
2527,2,9,4,Sylhet Strikers,Dhaka Capital,Rony Talukdar,Aaron Jones,NLTC Perera
2527,2,9,5,Sylhet Strikers,Dhaka Capital,Aaron Jones,Rony Talukdar,NLTC Perera
2527,2,9,6,Sylhet Strikers,Dhaka Capital,Aaron Jones,Rony Talukdar,NLTC Perera
2527,2,10,1,Sylhet Strikers,Dhaka Capital,Aaron Jones,Rony Talukdar,Nazmul Islam
2527,2,10,2,Sylhet Strikers,Dhaka Capital,Aaron Jones,Rony Talukdar,Nazmul Islam
2527,2,10,3,Sylhet Strikers,Dhaka Capital,Rony Talukdar,Aaron Jones,Nazmul Islam
2527,2,10,4,Sylhet Strikers,Dhaka Capital,Aaron Jones,Rony Talukdar,Nazmul Islam
2527,2,10,5,Sylhet Strikers,Dhaka Capital,Aaron Jones,Rony Talukdar,Nazmul Islam
2527,2,10,6,Sylhet Strikers,Dhaka Capital,Aaron Jones,Rony Talukdar,Nazmul Islam
2527,2,11,1,Sylhet Strikers,Dhaka Capital,Rony Talukdar,Aaron Jones,Mustafizur Rahman
2527,2,11,2,Sylhet Strikers,Dhaka Capital,Rony Talukdar,Aaron Jones,Mustafizur Rahman
2527,2,11,3,Sylhet Strikers,Dhaka Capital,Aaron Jones,Rony Talukdar,Mustafizur Rahman
2527,2,11,4,Sylhet Strikers,Dhaka Capital,Rony Talukdar,Aaron Jones,Mustafizur Rahman
2527,2,11,5,Sylhet Strikers,Dhaka Capital,Rony Talukdar,Aaron Jones,Mustafizur Rahman
2527,2,11,6,Sylhet Strikers,Dhaka Capital,Aaron Jones,Rony Talukdar,Mustafizur Rahman
2527,2,12,1,Sylhet Strikers,Dhaka Capital,Aaron Jones,Rony Talukdar,Nazmul Islam
2527,2,12,2,Sylhet Strikers,Dhaka Capital,Aaron Jones,Rony Talukdar,Nazmul Islam
2527,2,12,3,Sylhet Strikers,Dhaka Capital,Aaron Jones,Rony Talukdar,Nazmul Islam
2527,2,12,4,Sylhet Strikers,Dhaka Capital,Rony Talukdar,Aaron Jones,Nazmul Islam
2527,2,12,5,Sylhet Strikers,Dhaka Capital,Aaron Jones,Rony Talukdar,Nazmul Islam
2527,2,12,6,Sylhet Strikers,Dhaka Capital,Rony Talukdar,Aaron Jones,Nazmul Islam
2527,2,13,1,Sylhet Strikers,Dhaka Capital,Aaron Jones,Rony Talukdar,NLTC Perera
2527,2,13,2,Sylhet Strikers,Dhaka Capital,Aaron Jones,Rony Talukdar,NLTC Perera
2527,2,13,3,Sylhet Strikers,Dhaka Capital,Aaron Jones,Rony Talukdar,NLTC Perera
2527,2,13,4,Sylhet Strikers,Dhaka Capital,Rony Talukdar,Aaron Jones,NLTC Perera
2527,2,13,5,Sylhet Strikers,Dhaka Capital,Aaron Jones,Rony Talukdar,NLTC Perera
2527,2,13,6,Sylhet Strikers,Dhaka Capital,Jaker Ali,Rony Talukdar,NLTC Perera
2527,2,14,1,Sylhet Strikers,Dhaka Capital,Rony Talukdar,Jaker Ali,Abu Jayed
2527,2,14,2,Sylhet Strikers,Dhaka Capital,Rony Talukdar,Jaker Ali,Abu Jayed
2527,2,14,3,Sylhet Strikers,Dhaka Capital,Rony Talukdar,Jaker Ali,Abu Jayed
2527,2,14,4,Sylhet Strikers,Dhaka Capital,Jaker Ali,Rony Talukdar,Abu Jayed
2527,2,14,5,Sylhet Strikers,Dhaka Capital,Jaker Ali,Rony Talukdar,Abu Jayed
2527,2,14,6,Sylhet Strikers,Dhaka Capital,Jaker Ali,Rony Talukdar,Abu Jayed
2527,2,15,1,Sylhet Strikers,Dhaka Capital,Rony Talukdar,Jaker Ali,NLTC Perera
2527,2,15,2,Sylhet Strikers,Dhaka Capital,Jaker Ali,Rony Talukdar,NLTC Perera
2527,2,15,3,Sylhet Strikers,Dhaka Capital,Rony Talukdar,Jaker Ali,NLTC Perera
2527,2,15,4,Sylhet Strikers,Dhaka Capital,Ariful Haque,Jaker Ali,NLTC Perera
2527,2,15,5,Sylhet Strikers,Dhaka Capital,Ariful Haque,Jaker Ali,NLTC Perera
2527,2,15,6,Sylhet Strikers,Dhaka Capital,Ariful Haque,Jaker Ali,NLTC Perera
2527,2,16,1,Sylhet Strikers,Dhaka Capital,Ariful Haque,Jaker Ali,Mustafizur Rahman
2527,2,16,2,Sylhet Strikers,Dhaka Capital,Jaker Ali,Ariful Haque,Mustafizur Rahman
2527,2,16,3,Sylhet Strikers,Dhaka Capital,Ariful Haque,Jaker Ali,Mustafizur Rahman
2527,2,16,4,Sylhet Strikers,Dhaka Capital,Ariful Haque,Jaker Ali,Mustafizur Rahman
2527,2,16,5,Sylhet Strikers,Dhaka Capital,Ariful Haque,Jaker Ali,Mustafizur Rahman
2527,2,16,6,Sylhet Strikers,Dhaka Capital,Ariful Haque,Jaker Ali,Mustafizur Rahman
2527,2,17,1,Sylhet Strikers,Dhaka Capital,Jaker Ali,Ariful Haque,NLTC Perera
2527,2,17,2,Sylhet Strikers,Dhaka Capital,Ariful Haque,Jaker Ali,NLTC Perera
2527,2,17,3,Sylhet Strikers,Dhaka Capital,Ariful Haque,Jaker Ali,NLTC Perera
2527,2,17,4,Sylhet Strikers,Dhaka Capital,Ariful Haque,Jaker Ali,NLTC Perera
2527,2,17,5,Sylhet Strikers,Dhaka Capital,Jaker Ali,Ariful Haque,NLTC Perera
2527,2,17,6,Sylhet Strikers,Dhaka Capital,Jaker Ali,Ariful Haque,NLTC Perera
2527,2,18,1,Sylhet Strikers,Dhaka Capital,Jaker Ali,Ariful Haque,Mukidul Islam
2527,2,18,2,Sylhet Strikers,Dhaka Capital,Jaker Ali,Ariful Haque,Mukidul Islam
2527,2,18,3,Sylhet Strikers,Dhaka Capital,Jaker Ali,Ariful Haque,Mukidul Islam
2527,2,18,4,Sylhet Strikers,Dhaka Capital,Jaker Ali,Ariful Haque,Mukidul Islam
2527,2,18,5,Sylhet Strikers,Dhaka Capital,Samiullah Shenwari,Ariful Haque,Mukidul Islam
2527,2,18,6,Sylhet Strikers,Dhaka Capital,Ariful Haque,Samiullah Shenwari,Mukidul Islam
2527,2,19,1,Sylhet Strikers,Dhaka Capital,Samiullah Shenwari,Ariful Haque,Mustafizur Rahman
2527,2,19,2,Sylhet Strikers,Dhaka Capital,Samiullah Shenwari,Ariful Haque,Mustafizur Rahman
2527,2,19,3,Sylhet Strikers,Dhaka Capital,Samiullah Shenwari,Ariful Haque,Mustafizur Rahman
2527,2,19,4,Sylhet Strikers,Dhaka Capital,Samiullah Shenwari,Ariful Haque,Mustafizur Rahman
2527,2,19,5,Sylhet Strikers,Dhaka Capital,Ariful Haque,Samiullah Shenwari,Mustafizur Rahman
2527,2,19,6,Sylhet Strikers,Dhaka Capital,Sumon Khan,Samiullah Shenwari,Mustafizur Rahman
2527,2,19,7,Sylhet Strikers,Dhaka Capital,Ruyel Miah,Sumon Khan,Mustafizur Rahman
