MATCHID,INNINGSNO,OVERNO,BALL_NO,TEAMBATTING,TEAM_BOWLING,STRIKER,NON_STRIKER,BOWLER
2532,1,0,1,Sylhet Strikers,Khulna Tigers,HG Munsey,Rony Talukdar,Mehedi Hasan Miraz
2532,1,0,2,Sylhet Strikers,Khulna Tigers,HG Munsey,Rony Talukdar,Mehedi Hasan Miraz
2532,1,0,3,Sylhet Strikers,Khulna Tigers,HG Munsey,Rony Talukdar,Mehedi Hasan Miraz
2532,1,0,4,Sylhet Strikers,Khulna Tigers,HG Munsey,Rony Talukdar,Mehedi Hasan Miraz
2532,1,0,5,Sylhet Strikers,Khulna Tigers,Rony Talukdar,HG Munsey,Mehedi Hasan Miraz
2532,1,0,6,Sylhet Strikers,Khulna Tigers,Rony Talukdar,HG Munsey,Mehedi Hasan Miraz
2532,1,1,1,Sylhet Strikers,Khulna Tigers,HG Munsey,Zakir Hasan,Abu Hider
2532,1,1,2,Sylhet Strikers,Khulna Tigers,HG Munsey,Zakir Hasan,Abu Hider
2532,1,1,3,Sylhet Strikers,Khulna Tigers,HG Munsey,Zakir Hasan,Abu Hider
2532,1,1,4,Sylhet Strikers,Khulna Tigers,HG Munsey,Zakir Hasan,Abu Hider
2532,1,1,5,Sylhet Strikers,Khulna Tigers,HG Munsey,Zakir Hasan,Abu Hider
2532,1,1,6,Sylhet Strikers,Khulna Tigers,Zakir Hasan,HG Munsey,Abu Hider
2532,1,2,1,Sylhet Strikers,Khulna Tigers,HG Munsey,Zakir Hasan,Mehedi Hasan Miraz
2532,1,2,2,Sylhet Strikers,Khulna Tigers,Zakir Hasan,HG Munsey,Mehedi Hasan Miraz
2532,1,2,3,Sylhet Strikers,Khulna Tigers,Zakir Hasan,HG Munsey,Mehedi Hasan Miraz
2532,1,2,4,Sylhet Strikers,Khulna Tigers,HG Munsey,Zakir Hasan,Mehedi Hasan Miraz
2532,1,2,5,Sylhet Strikers,Khulna Tigers,Zakir Hasan,HG Munsey,Mehedi Hasan Miraz
2532,1,2,6,Sylhet Strikers,Khulna Tigers,Zakir Hasan,HG Munsey,Mehedi Hasan Miraz
2532,1,3,1,Sylhet Strikers,Khulna Tigers,HG Munsey,Zakir Hasan,Hasan Mahmud
2532,1,3,2,Sylhet Strikers,Khulna Tigers,HG Munsey,Zakir Hasan,Hasan Mahmud
2532,1,3,3,Sylhet Strikers,Khulna Tigers,HG Munsey,Zakir Hasan,Hasan Mahmud
2532,1,3,4,Sylhet Strikers,Khulna Tigers,Zakir Hasan,HG Munsey,Hasan Mahmud
2532,1,3,5,Sylhet Strikers,Khulna Tigers,HG Munsey,Zakir Hasan,Hasan Mahmud
2532,1,3,6,Sylhet Strikers,Khulna Tigers,Zakir Hasan,HG Munsey,Hasan Mahmud
2532,1,4,1,Sylhet Strikers,Khulna Tigers,Zakir Hasan,HG Munsey,Mehedi Hasan Miraz
2532,1,4,2,Sylhet Strikers,Khulna Tigers,HG Munsey,Zakir Hasan,Mehedi Hasan Miraz
2532,1,4,3,Sylhet Strikers,Khulna Tigers,HG Munsey,Zakir Hasan,Mehedi Hasan Miraz
2532,1,4,4,Sylhet Strikers,Khulna Tigers,HG Munsey,Zakir Hasan,Mehedi Hasan Miraz
2532,1,4,5,Sylhet Strikers,Khulna Tigers,HG Munsey,Zakir Hasan,Mehedi Hasan Miraz
2532,1,4,6,Sylhet Strikers,Khulna Tigers,HG Munsey,Zakir Hasan,Mehedi Hasan Miraz
2532,1,5,1,Sylhet Strikers,Khulna Tigers,Zakir Hasan,HG Munsey,Hasan Mahmud
2532,1,5,2,Sylhet Strikers,Khulna Tigers,HG Munsey,Zakir Hasan,Hasan Mahmud
2532,1,5,3,Sylhet Strikers,Khulna Tigers,HG Munsey,Zakir Hasan,Hasan Mahmud
2532,1,5,4,Sylhet Strikers,Khulna Tigers,HG Munsey,Zakir Hasan,Hasan Mahmud
2532,1,5,5,Sylhet Strikers,Khulna Tigers,HG Munsey,Zakir Hasan,Hasan Mahmud
2532,1,5,6,Sylhet Strikers,Khulna Tigers,HG Munsey,Zakir Hasan,Hasan Mahmud
2532,1,6,1,Sylhet Strikers,Khulna Tigers,HG Munsey,Zakir Hasan,Aamer Jamal
2532,1,6,2,Sylhet Strikers,Khulna Tigers,HG Munsey,Zakir Hasan,Aamer Jamal
2532,1,6,3,Sylhet Strikers,Khulna Tigers,Zakir Hasan,HG Munsey,Aamer Jamal
2532,1,6,4,Sylhet Strikers,Khulna Tigers,Zakir Hasan,HG Munsey,Aamer Jamal
2532,1,6,5,Sylhet Strikers,Khulna Tigers,Zakir Hasan,HG Munsey,Aamer Jamal
2532,1,6,6,Sylhet Strikers,Khulna Tigers,Zakir Hasan,HG Munsey,Aamer Jamal
2532,1,6,7,Sylhet Strikers,Khulna Tigers,HG Munsey,Zakir Hasan,Aamer Jamal
2532,1,6,8,Sylhet Strikers,Khulna Tigers,HG Munsey,Zakir Hasan,Aamer Jamal
2532,1,7,1,Sylhet Strikers,Khulna Tigers,HG Munsey,Zakir Hasan,Abu Hider
2532,1,7,2,Sylhet Strikers,Khulna Tigers,HG Munsey,Zakir Hasan,Abu Hider
2532,1,7,3,Sylhet Strikers,Khulna Tigers,HG Munsey,Zakir Hasan,Abu Hider
2532,1,7,4,Sylhet Strikers,Khulna Tigers,HG Munsey,Zakir Hasan,Abu Hider
2532,1,7,5,Sylhet Strikers,Khulna Tigers,K Alleyne,Zakir Hasan,Abu Hider
2532,1,7,6,Sylhet Strikers,Khulna Tigers,K Alleyne,Zakir Hasan,Abu Hider
2532,1,8,1,Sylhet Strikers,Khulna Tigers,K Alleyne,Zakir Hasan,Aamer Jamal
2532,1,8,2,Sylhet Strikers,Khulna Tigers,Zakir Hasan,K Alleyne,Aamer Jamal
2532,1,8,3,Sylhet Strikers,Khulna Tigers,Zakir Hasan,K Alleyne,Aamer Jamal
2532,1,8,4,Sylhet Strikers,Khulna Tigers,K Alleyne,Zakir Hasan,Aamer Jamal
2532,1,8,5,Sylhet Strikers,Khulna Tigers,K Alleyne,Zakir Hasan,Aamer Jamal
2532,1,8,6,Sylhet Strikers,Khulna Tigers,Zakir Hasan,K Alleyne,Aamer Jamal
2532,1,9,1,Sylhet Strikers,Khulna Tigers,Zakir Hasan,K Alleyne,Salman Irshad
2532,1,9,2,Sylhet Strikers,Khulna Tigers,K Alleyne,Zakir Hasan,Salman Irshad
2532,1,9,3,Sylhet Strikers,Khulna Tigers,K Alleyne,Zakir Hasan,Salman Irshad
2532,1,9,4,Sylhet Strikers,Khulna Tigers,K Alleyne,Zakir Hasan,Salman Irshad
2532,1,9,5,Sylhet Strikers,Khulna Tigers,Jaker Ali,Zakir Hasan,Salman Irshad
2532,1,9,6,Sylhet Strikers,Khulna Tigers,Zakir Hasan,Jaker Ali,Salman Irshad
2532,1,10,1,Sylhet Strikers,Khulna Tigers,Zakir Hasan,Jaker Ali,Abu Hider
2532,1,10,2,Sylhet Strikers,Khulna Tigers,Jaker Ali,Zakir Hasan,Abu Hider
2532,1,10,3,Sylhet Strikers,Khulna Tigers,Jaker Ali,Zakir Hasan,Abu Hider
2532,1,10,4,Sylhet Strikers,Khulna Tigers,Jaker Ali,Zakir Hasan,Abu Hider
2532,1,10,5,Sylhet Strikers,Khulna Tigers,Jaker Ali,Zakir Hasan,Abu Hider
2532,1,10,6,Sylhet Strikers,Khulna Tigers,Zakir Hasan,Jaker Ali,Abu Hider
2532,1,10,7,Sylhet Strikers,Khulna Tigers,Jaker Ali,Zakir Hasan,Abu Hider
2532,1,11,1,Sylhet Strikers,Khulna Tigers,Zakir Hasan,Jaker Ali,Salman Irshad
2532,1,11,2,Sylhet Strikers,Khulna Tigers,Zakir Hasan,Jaker Ali,Salman Irshad
2532,1,11,3,Sylhet Strikers,Khulna Tigers,Jaker Ali,Zakir Hasan,Salman Irshad
2532,1,11,4,Sylhet Strikers,Khulna Tigers,Zakir Hasan,Jaker Ali,Salman Irshad
2532,1,11,5,Sylhet Strikers,Khulna Tigers,Zakir Hasan,Jaker Ali,Salman Irshad
2532,1,11,6,Sylhet Strikers,Khulna Tigers,Jaker Ali,Zakir Hasan,Salman Irshad
2532,1,12,1,Sylhet Strikers,Khulna Tigers,Jaker Ali,Zakir Hasan,Mehedi Hasan Miraz
2532,1,12,2,Sylhet Strikers,Khulna Tigers,Jaker Ali,Zakir Hasan,Mehedi Hasan Miraz
2532,1,12,3,Sylhet Strikers,Khulna Tigers,Jaker Ali,Zakir Hasan,Mehedi Hasan Miraz
2532,1,12,4,Sylhet Strikers,Khulna Tigers,Zakir Hasan,Jaker Ali,Mehedi Hasan Miraz
2532,1,12,5,Sylhet Strikers,Khulna Tigers,Zakir Hasan,Jaker Ali,Mehedi Hasan Miraz
2532,1,12,6,Sylhet Strikers,Khulna Tigers,Zakir Hasan,Jaker Ali,Mehedi Hasan Miraz
2532,1,13,1,Sylhet Strikers,Khulna Tigers,Jaker Ali,Zakir Hasan,Aamer Jamal
2532,1,13,2,Sylhet Strikers,Khulna Tigers,Jaker Ali,Zakir Hasan,Aamer Jamal
2532,1,13,3,Sylhet Strikers,Khulna Tigers,Zakir Hasan,Jaker Ali,Aamer Jamal
2532,1,13,4,Sylhet Strikers,Khulna Tigers,Zakir Hasan,Jaker Ali,Aamer Jamal
2532,1,13,5,Sylhet Strikers,Khulna Tigers,Zakir Hasan,Jaker Ali,Aamer Jamal
2532,1,13,6,Sylhet Strikers,Khulna Tigers,Jaker Ali,Zakir Hasan,Aamer Jamal
2532,1,14,1,Sylhet Strikers,Khulna Tigers,Zakir Hasan,Ariful Haque,Abu Hider
2532,1,14,2,Sylhet Strikers,Khulna Tigers,Zakir Hasan,Ariful Haque,Abu Hider
2532,1,14,3,Sylhet Strikers,Khulna Tigers,Ariful Haque,Zakir Hasan,Abu Hider
2532,1,14,4,Sylhet Strikers,Khulna Tigers,Ariful Haque,Zakir Hasan,Abu Hider
2532,1,14,5,Sylhet Strikers,Khulna Tigers,Zakir Hasan,Ariful Haque,Abu Hider
2532,1,14,6,Sylhet Strikers,Khulna Tigers,Samiullah Shenwari,Ariful Haque,Abu Hider
2532,1,15,1,Sylhet Strikers,Khulna Tigers,Samiullah Shenwari,Ariful Haque,Nasum Ahmed
2532,1,15,2,Sylhet Strikers,Khulna Tigers,Samiullah Shenwari,Ariful Haque,Nasum Ahmed
2532,1,15,3,Sylhet Strikers,Khulna Tigers,Samiullah Shenwari,Ariful Haque,Nasum Ahmed
2532,1,15,4,Sylhet Strikers,Khulna Tigers,Samiullah Shenwari,Ariful Haque,Nasum Ahmed
2532,1,15,5,Sylhet Strikers,Khulna Tigers,Ariful Haque,Samiullah Shenwari,Nasum Ahmed
2532,1,15,6,Sylhet Strikers,Khulna Tigers,Nihaduzzaman,Samiullah Shenwari,Nasum Ahmed
2532,1,16,1,Sylhet Strikers,Khulna Tigers,Samiullah Shenwari,Nihaduzzaman,Salman Irshad
2532,1,16,2,Sylhet Strikers,Khulna Tigers,Nihaduzzaman,Samiullah Shenwari,Salman Irshad
2532,1,16,3,Sylhet Strikers,Khulna Tigers,Samiullah Shenwari,Nihaduzzaman,Salman Irshad
2532,1,16,4,Sylhet Strikers,Khulna Tigers,Nihaduzzaman,Samiullah Shenwari,Salman Irshad
2532,1,16,5,Sylhet Strikers,Khulna Tigers,Nihaduzzaman,Samiullah Shenwari,Salman Irshad
2532,1,16,6,Sylhet Strikers,Khulna Tigers,Samiullah Shenwari,Nihaduzzaman,Salman Irshad
2532,1,17,1,Sylhet Strikers,Khulna Tigers,Nihaduzzaman,Samiullah Shenwari,Hasan Mahmud
2532,1,17,2,Sylhet Strikers,Khulna Tigers,Samiullah Shenwari,Nihaduzzaman,Hasan Mahmud
2532,1,17,3,Sylhet Strikers,Khulna Tigers,Nihaduzzaman,Samiullah Shenwari,Hasan Mahmud
2532,1,17,4,Sylhet Strikers,Khulna Tigers,Samiullah Shenwari,Nihaduzzaman,Hasan Mahmud
2532,1,17,5,Sylhet Strikers,Khulna Tigers,Samiullah Shenwari,Nihaduzzaman,Hasan Mahmud
2532,1,17,6,Sylhet Strikers,Khulna Tigers,Nihaduzzaman,Samiullah Shenwari,Hasan Mahmud
2532,1,18,1,Sylhet Strikers,Khulna Tigers,Samiullah Shenwari,Nihaduzzaman,Salman Irshad
2532,1,18,2,Sylhet Strikers,Khulna Tigers,Nihaduzzaman,Samiullah Shenwari,Salman Irshad
2532,1,18,3,Sylhet Strikers,Khulna Tigers,Samiullah Shenwari,Nihaduzzaman,Salman Irshad
2532,1,18,4,Sylhet Strikers,Khulna Tigers,Sumon Khan,Nihaduzzaman,Salman Irshad
2532,1,18,5,Sylhet Strikers,Khulna Tigers,Sumon Khan,Nihaduzzaman,Salman Irshad
2532,1,18,6,Sylhet Strikers,Khulna Tigers,Nihaduzzaman,Sumon Khan,Salman Irshad
2532,1,19,1,Sylhet Strikers,Khulna Tigers,Sumon Khan,Nihaduzzaman,Hasan Mahmud
2532,1,19,2,Sylhet Strikers,Khulna Tigers,Sumon Khan,Nihaduzzaman,Hasan Mahmud
2532,1,19,3,Sylhet Strikers,Khulna Tigers,Nihaduzzaman,Sumon Khan,Hasan Mahmud
2532,1,19,4,Sylhet Strikers,Khulna Tigers,Ruyel Miah,Sumon Khan,Hasan Mahmud
2532,1,19,5,Sylhet Strikers,Khulna Tigers,Sumon Khan,Ruyel Miah,Hasan Mahmud
2532,1,19,6,Sylhet Strikers,Khulna Tigers,RJW Topley,Ruyel Miah,Hasan Mahmud
2532,2,0,1,Khulna Tigers,Sylhet Strikers,Mehedi Hasan Miraz,Mohammad Naim,RJW Topley
2532,2,0,2,Khulna Tigers,Sylhet Strikers,Mehedi Hasan Miraz,Mohammad Naim,RJW Topley
2532,2,0,3,Khulna Tigers,Sylhet Strikers,Mohammad Naim,Mehedi Hasan Miraz,RJW Topley
2532,2,0,4,Khulna Tigers,Sylhet Strikers,Mehedi Hasan Miraz,Mohammad Naim,RJW Topley
2532,2,0,5,Khulna Tigers,Sylhet Strikers,Mehedi Hasan Miraz,Mohammad Naim,RJW Topley
2532,2,0,6,Khulna Tigers,Sylhet Strikers,Mehedi Hasan Miraz,Mohammad Naim,RJW Topley
2532,2,0,7,Khulna Tigers,Sylhet Strikers,Mehedi Hasan Miraz,Mohammad Naim,RJW Topley
2532,2,0,8,Khulna Tigers,Sylhet Strikers,Mehedi Hasan Miraz,Mohammad Naim,RJW Topley
2532,2,1,1,Khulna Tigers,Sylhet Strikers,Mohammad Naim,Mehedi Hasan Miraz,Ruyel Miah
2532,2,1,2,Khulna Tigers,Sylhet Strikers,Mohammad Naim,Mehedi Hasan Miraz,Ruyel Miah
2532,2,1,3,Khulna Tigers,Sylhet Strikers,Mehedi Hasan Miraz,Mohammad Naim,Ruyel Miah
2532,2,1,4,Khulna Tigers,Sylhet Strikers,Mehedi Hasan Miraz,Mohammad Naim,Ruyel Miah
2532,2,1,5,Khulna Tigers,Sylhet Strikers,Mehedi Hasan Miraz,Mohammad Naim,Ruyel Miah
2532,2,1,6,Khulna Tigers,Sylhet Strikers,Mehedi Hasan Miraz,Mohammad Naim,Ruyel Miah
2532,2,2,1,Khulna Tigers,Sylhet Strikers,Mohammad Naim,Mehedi Hasan Miraz,RJW Topley
2532,2,2,2,Khulna Tigers,Sylhet Strikers,Mohammad Naim,Mehedi Hasan Miraz,RJW Topley
2532,2,2,3,Khulna Tigers,Sylhet Strikers,Mehedi Hasan Miraz,Mohammad Naim,RJW Topley
2532,2,2,4,Khulna Tigers,Sylhet Strikers,Mehedi Hasan Miraz,Mohammad Naim,RJW Topley
2532,2,2,5,Khulna Tigers,Sylhet Strikers,Mehedi Hasan Miraz,Mohammad Naim,RJW Topley
2532,2,2,6,Khulna Tigers,Sylhet Strikers,Mehedi Hasan Miraz,Mohammad Naim,RJW Topley
2532,2,3,1,Khulna Tigers,Sylhet Strikers,Mehedi Hasan Miraz,Mohammad Naim,Ruyel Miah
2532,2,3,2,Khulna Tigers,Sylhet Strikers,Mohammad Naim,Mehedi Hasan Miraz,Ruyel Miah
2532,2,3,3,Khulna Tigers,Sylhet Strikers,Mehedi Hasan Miraz,Mohammad Naim,Ruyel Miah
2532,2,3,4,Khulna Tigers,Sylhet Strikers,Mehedi Hasan Miraz,Mohammad Naim,Ruyel Miah
2532,2,3,5,Khulna Tigers,Sylhet Strikers,Mehedi Hasan Miraz,Mohammad Naim,Ruyel Miah
2532,2,3,6,Khulna Tigers,Sylhet Strikers,Mohammad Naim,Mehedi Hasan Miraz,Ruyel Miah
2532,2,4,1,Khulna Tigers,Sylhet Strikers,Mohammad Naim,Mehedi Hasan Miraz,Nihaduzzaman
2532,2,4,2,Khulna Tigers,Sylhet Strikers,Mohammad Naim,Mehedi Hasan Miraz,Nihaduzzaman
2532,2,4,3,Khulna Tigers,Sylhet Strikers,Mohammad Naim,Mehedi Hasan Miraz,Nihaduzzaman
2532,2,4,4,Khulna Tigers,Sylhet Strikers,Mehedi Hasan Miraz,Mohammad Naim,Nihaduzzaman
2532,2,4,5,Khulna Tigers,Sylhet Strikers,Mohammad Naim,Mehedi Hasan Miraz,Nihaduzzaman
2532,2,4,6,Khulna Tigers,Sylhet Strikers,Mohammad Naim,Mehedi Hasan Miraz,Nihaduzzaman
2532,2,5,1,Khulna Tigers,Sylhet Strikers,Mohammad Naim,Mehedi Hasan Miraz,Sumon Khan
2532,2,5,2,Khulna Tigers,Sylhet Strikers,Mehedi Hasan Miraz,Mohammad Naim,Sumon Khan
2532,2,5,3,Khulna Tigers,Sylhet Strikers,Mehedi Hasan Miraz,Mohammad Naim,Sumon Khan
2532,2,5,4,Khulna Tigers,Sylhet Strikers,Mehedi Hasan Miraz,Mohammad Naim,Sumon Khan
2532,2,5,5,Khulna Tigers,Sylhet Strikers,Mehedi Hasan Miraz,Mohammad Naim,Sumon Khan
2532,2,5,6,Khulna Tigers,Sylhet Strikers,Mehedi Hasan Miraz,Mohammad Naim,Sumon Khan
2532,2,6,1,Khulna Tigers,Sylhet Strikers,Mohammad Naim,Mehedi Hasan Miraz,Nihaduzzaman
2532,2,6,2,Khulna Tigers,Sylhet Strikers,Mehedi Hasan Miraz,Mohammad Naim,Nihaduzzaman
2532,2,6,3,Khulna Tigers,Sylhet Strikers,Mohammad Naim,Mehedi Hasan Miraz,Nihaduzzaman
2532,2,6,4,Khulna Tigers,Sylhet Strikers,Mehedi Hasan Miraz,Mohammad Naim,Nihaduzzaman
2532,2,6,5,Khulna Tigers,Sylhet Strikers,Mohammad Naim,Mehedi Hasan Miraz,Nihaduzzaman
2532,2,6,6,Khulna Tigers,Sylhet Strikers,Mohammad Naim,Mehedi Hasan Miraz,Nihaduzzaman
2532,2,7,1,Khulna Tigers,Sylhet Strikers,Mehedi Hasan Miraz,Afif Hossain,Samiullah Shenwari
2532,2,7,2,Khulna Tigers,Sylhet Strikers,Afif Hossain,Mehedi Hasan Miraz,Samiullah Shenwari
2532,2,7,3,Khulna Tigers,Sylhet Strikers,Mehedi Hasan Miraz,Afif Hossain,Samiullah Shenwari
2532,2,7,4,Khulna Tigers,Sylhet Strikers,Mehedi Hasan Miraz,Afif Hossain,Samiullah Shenwari
2532,2,7,5,Khulna Tigers,Sylhet Strikers,Mehedi Hasan Miraz,Afif Hossain,Samiullah Shenwari
2532,2,7,6,Khulna Tigers,Sylhet Strikers,Mehedi Hasan Miraz,Afif Hossain,Samiullah Shenwari
2532,2,8,1,Khulna Tigers,Sylhet Strikers,Mehedi Hasan Miraz,Afif Hossain,Nihaduzzaman
2532,2,8,2,Khulna Tigers,Sylhet Strikers,Mehedi Hasan Miraz,Afif Hossain,Nihaduzzaman
2532,2,8,3,Khulna Tigers,Sylhet Strikers,Mehedi Hasan Miraz,Afif Hossain,Nihaduzzaman
2532,2,8,4,Khulna Tigers,Sylhet Strikers,Afif Hossain,Mehedi Hasan Miraz,Nihaduzzaman
2532,2,8,5,Khulna Tigers,Sylhet Strikers,Afif Hossain,Mehedi Hasan Miraz,Nihaduzzaman
2532,2,8,6,Khulna Tigers,Sylhet Strikers,Mehedi Hasan Miraz,Afif Hossain,Nihaduzzaman
2532,2,9,1,Khulna Tigers,Sylhet Strikers,Afif Hossain,Mehedi Hasan Miraz,Samiullah Shenwari
2532,2,9,2,Khulna Tigers,Sylhet Strikers,Mehedi Hasan Miraz,Afif Hossain,Samiullah Shenwari
2532,2,9,3,Khulna Tigers,Sylhet Strikers,Afif Hossain,Mehedi Hasan Miraz,Samiullah Shenwari
2532,2,9,4,Khulna Tigers,Sylhet Strikers,AI Ross,Mehedi Hasan Miraz,Samiullah Shenwari
2532,2,9,5,Khulna Tigers,Sylhet Strikers,AI Ross,Mehedi Hasan Miraz,Samiullah Shenwari
2532,2,9,6,Khulna Tigers,Sylhet Strikers,Mehedi Hasan Miraz,AI Ross,Samiullah Shenwari
2532,2,10,1,Khulna Tigers,Sylhet Strikers,Mehedi Hasan Miraz,AI Ross,Sumon Khan
2532,2,10,2,Khulna Tigers,Sylhet Strikers,Mehedi Hasan Miraz,AI Ross,Sumon Khan
2532,2,10,3,Khulna Tigers,Sylhet Strikers,AI Ross,Mehedi Hasan Miraz,Sumon Khan
2532,2,10,4,Khulna Tigers,Sylhet Strikers,Mehedi Hasan Miraz,AI Ross,Sumon Khan
2532,2,10,5,Khulna Tigers,Sylhet Strikers,Mehedi Hasan Miraz,AI Ross,Sumon Khan
2532,2,10,6,Khulna Tigers,Sylhet Strikers,AI Ross,Mehedi Hasan Miraz,Sumon Khan
2532,2,11,1,Khulna Tigers,Sylhet Strikers,Mehedi Hasan Miraz,AI Ross,Samiullah Shenwari
2532,2,11,2,Khulna Tigers,Sylhet Strikers,Mehedi Hasan Miraz,AI Ross,Samiullah Shenwari
2532,2,11,3,Khulna Tigers,Sylhet Strikers,Mehedi Hasan Miraz,AI Ross,Samiullah Shenwari
2532,2,11,4,Khulna Tigers,Sylhet Strikers,Mehedi Hasan Miraz,AI Ross,Samiullah Shenwari
2532,2,11,5,Khulna Tigers,Sylhet Strikers,AI Ross,Mehedi Hasan Miraz,Samiullah Shenwari
2532,2,11,6,Khulna Tigers,Sylhet Strikers,Mehedi Hasan Miraz,AI Ross,Samiullah Shenwari
2532,2,12,1,Khulna Tigers,Sylhet Strikers,AI Ross,Mehedi Hasan Miraz,RJW Topley
2532,2,12,2,Khulna Tigers,Sylhet Strikers,AI Ross,Mehedi Hasan Miraz,RJW Topley
2532,2,12,3,Khulna Tigers,Sylhet Strikers,Mehedi Hasan Miraz,AI Ross,RJW Topley
2532,2,12,4,Khulna Tigers,Sylhet Strikers,AI Ross,Mehedi Hasan Miraz,RJW Topley
2532,2,12,5,Khulna Tigers,Sylhet Strikers,AI Ross,Mehedi Hasan Miraz,RJW Topley
2532,2,12,6,Khulna Tigers,Sylhet Strikers,Mehedi Hasan Miraz,AI Ross,RJW Topley
2532,2,12,7,Khulna Tigers,Sylhet Strikers,Mehedi Hasan Miraz,AI Ross,RJW Topley
2532,2,13,1,Khulna Tigers,Sylhet Strikers,AI Ross,Mehedi Hasan Miraz,Nihaduzzaman
2532,2,13,2,Khulna Tigers,Sylhet Strikers,AI Ross,Mehedi Hasan Miraz,Nihaduzzaman
2532,2,13,3,Khulna Tigers,Sylhet Strikers,Mehedi Hasan Miraz,AI Ross,Nihaduzzaman
2532,2,13,4,Khulna Tigers,Sylhet Strikers,Mehedi Hasan Miraz,AI Ross,Nihaduzzaman
2532,2,13,5,Khulna Tigers,Sylhet Strikers,Mahidul Islam Ankon,AI Ross,Nihaduzzaman
2532,2,13,6,Khulna Tigers,Sylhet Strikers,AI Ross,Mahidul Islam Ankon,Nihaduzzaman
2532,2,14,1,Khulna Tigers,Sylhet Strikers,Mahidul Islam Ankon,AI Ross,Ruyel Miah
2532,2,14,2,Khulna Tigers,Sylhet Strikers,AI Ross,Mahidul Islam Ankon,Ruyel Miah
2532,2,14,3,Khulna Tigers,Sylhet Strikers,Mahidul Islam Ankon,AI Ross,Ruyel Miah
2532,2,14,4,Khulna Tigers,Sylhet Strikers,Mahidul Islam Ankon,AI Ross,Ruyel Miah
2532,2,14,5,Khulna Tigers,Sylhet Strikers,Mahidul Islam Ankon,AI Ross,Ruyel Miah
2532,2,14,6,Khulna Tigers,Sylhet Strikers,AI Ross,Mahidul Islam Ankon,Ruyel Miah
2532,2,15,1,Khulna Tigers,Sylhet Strikers,AI Ross,Mahidul Islam Ankon,Sumon Khan
2532,2,15,2,Khulna Tigers,Sylhet Strikers,AI Ross,Mahidul Islam Ankon,Sumon Khan
2532,2,15,3,Khulna Tigers,Sylhet Strikers,Mahidul Islam Ankon,AI Ross,Sumon Khan
2532,2,15,4,Khulna Tigers,Sylhet Strikers,AI Ross,Mahidul Islam Ankon,Sumon Khan
2532,2,15,5,Khulna Tigers,Sylhet Strikers,Mahidul Islam Ankon,AI Ross,Sumon Khan
2532,2,15,6,Khulna Tigers,Sylhet Strikers,AI Ross,Mahidul Islam Ankon,Sumon Khan
2532,2,16,1,Khulna Tigers,Sylhet Strikers,Mahidul Islam Ankon,AI Ross,Ruyel Miah
2532,2,16,2,Khulna Tigers,Sylhet Strikers,AI Ross,Mahidul Islam Ankon,Ruyel Miah
2532,2,16,3,Khulna Tigers,Sylhet Strikers,Mahidul Islam Ankon,AI Ross,Ruyel Miah
2532,2,16,4,Khulna Tigers,Sylhet Strikers,Mahidul Islam Ankon,AI Ross,Ruyel Miah
2532,2,16,5,Khulna Tigers,Sylhet Strikers,Mahidul Islam Ankon,AI Ross,Ruyel Miah
2532,2,16,6,Khulna Tigers,Sylhet Strikers,Mahidul Islam Ankon,AI Ross,Ruyel Miah
2532,2,17,1,Khulna Tigers,Sylhet Strikers,Mahidul Islam Ankon,AI Ross,Sumon Khan
2532,2,17,2,Khulna Tigers,Sylhet Strikers,WG Bosisto,AI Ross,Sumon Khan
2532,2,17,3,Khulna Tigers,Sylhet Strikers,AI Ross,WG Bosisto,Sumon Khan
2532,2,17,4,Khulna Tigers,Sylhet Strikers,WG Bosisto,AI Ross,Sumon Khan
2532,2,17,5,Khulna Tigers,Sylhet Strikers,WG Bosisto,AI Ross,Sumon Khan
2532,2,17,6,Khulna Tigers,Sylhet Strikers,WG Bosisto,AI Ross,Sumon Khan
2532,2,18,1,Khulna Tigers,Sylhet Strikers,WG Bosisto,AI Ross,K Alleyne
2532,2,18,2,Khulna Tigers,Sylhet Strikers,AI Ross,WG Bosisto,K Alleyne
2532,2,18,3,Khulna Tigers,Sylhet Strikers,AI Ross,WG Bosisto,K Alleyne
2532,2,18,4,Khulna Tigers,Sylhet Strikers,WG Bosisto,AI Ross,K Alleyne
2532,2,18,5,Khulna Tigers,Sylhet Strikers,WG Bosisto,AI Ross,K Alleyne
2532,2,18,6,Khulna Tigers,Sylhet Strikers,WG Bosisto,AI Ross,K Alleyne
2532,2,19,1,Khulna Tigers,Sylhet Strikers,WG Bosisto,AI Ross,RJW Topley
2532,2,19,2,Khulna Tigers,Sylhet Strikers,AI Ross,WG Bosisto,RJW Topley
2532,2,19,3,Khulna Tigers,Sylhet Strikers,AI Ross,WG Bosisto,RJW Topley
2532,2,19,4,Khulna Tigers,Sylhet Strikers,WG Bosisto,AI Ross,RJW Topley
2532,2,19,5,Khulna Tigers,Sylhet Strikers,WG Bosisto,AI Ross,RJW Topley
