MATCHID,INNINGSNO,OVERNO,BALL_NO,TEAMBATTING,TEAM_BOWLING,STRIKER,NON_STRIKER,BOWLER
2518,1,0,1,Dhaka Capital,Durbar Rajshahi,Tanzid Hasan,Liton Das,Sunzamul Islam
2518,1,0,2,Dhaka Capital,Durbar Rajshahi,Tanzid Hasan,Liton Das,Sunzamul Islam
2518,1,0,3,Dhaka Capital,Durbar Rajshahi,Tanzid Hasan,Liton Das,Sunzamul Islam
2518,1,0,4,Dhaka Capital,Durbar Rajshahi,Tanzid Hasan,Liton Das,Sunzamul Islam
2518,1,0,5,Dhaka Capital,Durbar Rajshahi,Liton Das,Tanzid Hasan,Sunzamul Islam
2518,1,0,6,Dhaka Capital,Durbar Rajshahi,Tanzid Hasan,Liton Das,Sunzamul Islam
2518,1,1,1,Dhaka Capital,Durbar Rajshahi,Tanzid Hasan,Liton Das,Taskin Ahmed
2518,1,1,2,Dhaka Capital,Durbar Rajshahi,Tanzid Hasan,Liton Das,Taskin Ahmed
2518,1,1,3,Dhaka Capital,Durbar Rajshahi,Tanzid Hasan,Liton Das,Taskin Ahmed
2518,1,1,4,Dhaka Capital,Durbar Rajshahi,Tanzid Hasan,Liton Das,Taskin Ahmed
2518,1,1,5,Dhaka Capital,Durbar Rajshahi,Tanzid Hasan,Liton Das,Taskin Ahmed
2518,1,1,6,Dhaka Capital,Durbar Rajshahi,Tanzid Hasan,Liton Das,Taskin Ahmed
2518,1,2,1,Dhaka Capital,Durbar Rajshahi,Liton Das,Tanzid Hasan,Sunzamul Islam
2518,1,2,2,Dhaka Capital,Durbar Rajshahi,Liton Das,Tanzid Hasan,Sunzamul Islam
2518,1,2,3,Dhaka Capital,Durbar Rajshahi,Liton Das,Tanzid Hasan,Sunzamul Islam
2518,1,2,4,Dhaka Capital,Durbar Rajshahi,Tanzid Hasan,Liton Das,Sunzamul Islam
2518,1,2,5,Dhaka Capital,Durbar Rajshahi,Liton Das,Tanzid Hasan,Sunzamul Islam
2518,1,2,6,Dhaka Capital,Durbar Rajshahi,Tanzid Hasan,Liton Das,Sunzamul Islam
2518,1,3,1,Dhaka Capital,Durbar Rajshahi,Liton Das,Tanzid Hasan,Taskin Ahmed
2518,1,3,2,Dhaka Capital,Durbar Rajshahi,Liton Das,Tanzid Hasan,Taskin Ahmed
2518,1,3,3,Dhaka Capital,Durbar Rajshahi,Liton Das,Tanzid Hasan,Taskin Ahmed
2518,1,3,4,Dhaka Capital,Durbar Rajshahi,Liton Das,Tanzid Hasan,Taskin Ahmed
2518,1,3,5,Dhaka Capital,Durbar Rajshahi,Tanzid Hasan,Liton Das,Taskin Ahmed
2518,1,3,6,Dhaka Capital,Durbar Rajshahi,Tanzid Hasan,Liton Das,Taskin Ahmed
2518,1,4,1,Dhaka Capital,Durbar Rajshahi,Tanzid Hasan,Liton Das,Sunzamul Islam
2518,1,4,2,Dhaka Capital,Durbar Rajshahi,Tanzid Hasan,Liton Das,Sunzamul Islam
2518,1,4,3,Dhaka Capital,Durbar Rajshahi,Tanzid Hasan,Liton Das,Sunzamul Islam
2518,1,4,4,Dhaka Capital,Durbar Rajshahi,Tanzid Hasan,Liton Das,Sunzamul Islam
2518,1,4,5,Dhaka Capital,Durbar Rajshahi,Tanzid Hasan,Liton Das,Sunzamul Islam
2518,1,4,6,Dhaka Capital,Durbar Rajshahi,Tanzid Hasan,Liton Das,Sunzamul Islam
2518,1,5,1,Dhaka Capital,Durbar Rajshahi,Tanzid Hasan,Liton Das,SM Meherob
2518,1,5,2,Dhaka Capital,Durbar Rajshahi,Liton Das,Tanzid Hasan,SM Meherob
2518,1,5,3,Dhaka Capital,Durbar Rajshahi,Liton Das,Tanzid Hasan,SM Meherob
2518,1,5,4,Dhaka Capital,Durbar Rajshahi,Liton Das,Tanzid Hasan,SM Meherob
2518,1,5,5,Dhaka Capital,Durbar Rajshahi,Liton Das,Tanzid Hasan,SM Meherob
2518,1,5,6,Dhaka Capital,Durbar Rajshahi,Liton Das,Tanzid Hasan,SM Meherob
2518,1,6,1,Dhaka Capital,Durbar Rajshahi,Liton Das,Tanzid Hasan,Shafiul Islam
2518,1,6,2,Dhaka Capital,Durbar Rajshahi,Liton Das,Tanzid Hasan,Shafiul Islam
2518,1,6,3,Dhaka Capital,Durbar Rajshahi,Liton Das,Tanzid Hasan,Shafiul Islam
2518,1,6,4,Dhaka Capital,Durbar Rajshahi,Liton Das,Tanzid Hasan,Shafiul Islam
2518,1,6,5,Dhaka Capital,Durbar Rajshahi,Tanzid Hasan,Liton Das,Shafiul Islam
2518,1,6,6,Dhaka Capital,Durbar Rajshahi,Liton Das,Tanzid Hasan,Shafiul Islam
2518,1,6,7,Dhaka Capital,Durbar Rajshahi,Liton Das,Tanzid Hasan,Shafiul Islam
2518,1,7,1,Dhaka Capital,Durbar Rajshahi,Liton Das,Tanzid Hasan,Sohag Gazi
2518,1,7,2,Dhaka Capital,Durbar Rajshahi,Tanzid Hasan,Liton Das,Sohag Gazi
2518,1,7,3,Dhaka Capital,Durbar Rajshahi,Liton Das,Tanzid Hasan,Sohag Gazi
2518,1,7,4,Dhaka Capital,Durbar Rajshahi,Tanzid Hasan,Liton Das,Sohag Gazi
2518,1,7,5,Dhaka Capital,Durbar Rajshahi,Tanzid Hasan,Liton Das,Sohag Gazi
2518,1,7,6,Dhaka Capital,Durbar Rajshahi,Tanzid Hasan,Liton Das,Sohag Gazi
2518,1,7,7,Dhaka Capital,Durbar Rajshahi,Liton Das,Tanzid Hasan,Sohag Gazi
2518,1,8,1,Dhaka Capital,Durbar Rajshahi,Liton Das,Tanzid Hasan,Sabbir Hossain
2518,1,8,2,Dhaka Capital,Durbar Rajshahi,Tanzid Hasan,Liton Das,Sabbir Hossain
2518,1,8,3,Dhaka Capital,Durbar Rajshahi,Liton Das,Tanzid Hasan,Sabbir Hossain
2518,1,8,4,Dhaka Capital,Durbar Rajshahi,Liton Das,Tanzid Hasan,Sabbir Hossain
2518,1,8,5,Dhaka Capital,Durbar Rajshahi,Liton Das,Tanzid Hasan,Sabbir Hossain
2518,1,8,6,Dhaka Capital,Durbar Rajshahi,Tanzid Hasan,Liton Das,Sabbir Hossain
2518,1,8,7,Dhaka Capital,Durbar Rajshahi,Tanzid Hasan,Liton Das,Sabbir Hossain
2518,1,9,1,Dhaka Capital,Durbar Rajshahi,Tanzid Hasan,Liton Das,Sohag Gazi
2518,1,9,2,Dhaka Capital,Durbar Rajshahi,Liton Das,Tanzid Hasan,Sohag Gazi
2518,1,9,3,Dhaka Capital,Durbar Rajshahi,Tanzid Hasan,Liton Das,Sohag Gazi
2518,1,9,4,Dhaka Capital,Durbar Rajshahi,Liton Das,Tanzid Hasan,Sohag Gazi
2518,1,9,5,Dhaka Capital,Durbar Rajshahi,Liton Das,Tanzid Hasan,Sohag Gazi
2518,1,9,6,Dhaka Capital,Durbar Rajshahi,Tanzid Hasan,Liton Das,Sohag Gazi
2518,1,9,7,Dhaka Capital,Durbar Rajshahi,Tanzid Hasan,Liton Das,Sohag Gazi
2518,1,9,8,Dhaka Capital,Durbar Rajshahi,Tanzid Hasan,Liton Das,Sohag Gazi
2518,1,10,1,Dhaka Capital,Durbar Rajshahi,Tanzid Hasan,Liton Das,RP Burl
2518,1,10,2,Dhaka Capital,Durbar Rajshahi,Liton Das,Tanzid Hasan,RP Burl
2518,1,10,3,Dhaka Capital,Durbar Rajshahi,Liton Das,Tanzid Hasan,RP Burl
2518,1,10,4,Dhaka Capital,Durbar Rajshahi,Tanzid Hasan,Liton Das,RP Burl
2518,1,10,5,Dhaka Capital,Durbar Rajshahi,Liton Das,Tanzid Hasan,RP Burl
2518,1,10,6,Dhaka Capital,Durbar Rajshahi,Tanzid Hasan,Liton Das,RP Burl
2518,1,11,1,Dhaka Capital,Durbar Rajshahi,Liton Das,Tanzid Hasan,SM Meherob
2518,1,11,2,Dhaka Capital,Durbar Rajshahi,Liton Das,Tanzid Hasan,SM Meherob
2518,1,11,3,Dhaka Capital,Durbar Rajshahi,Tanzid Hasan,Liton Das,SM Meherob
2518,1,11,4,Dhaka Capital,Durbar Rajshahi,Tanzid Hasan,Liton Das,SM Meherob
2518,1,11,5,Dhaka Capital,Durbar Rajshahi,Liton Das,Tanzid Hasan,SM Meherob
2518,1,11,6,Dhaka Capital,Durbar Rajshahi,Liton Das,Tanzid Hasan,SM Meherob
2518,1,12,1,Dhaka Capital,Durbar Rajshahi,Tanzid Hasan,Liton Das,RP Burl
2518,1,12,2,Dhaka Capital,Durbar Rajshahi,Tanzid Hasan,Liton Das,RP Burl
2518,1,12,3,Dhaka Capital,Durbar Rajshahi,Tanzid Hasan,Liton Das,RP Burl
2518,1,12,4,Dhaka Capital,Durbar Rajshahi,Tanzid Hasan,Liton Das,RP Burl
2518,1,12,5,Dhaka Capital,Durbar Rajshahi,Tanzid Hasan,Liton Das,RP Burl
2518,1,12,6,Dhaka Capital,Durbar Rajshahi,Liton Das,Tanzid Hasan,RP Burl
2518,1,13,1,Dhaka Capital,Durbar Rajshahi,Tanzid Hasan,Liton Das,Taskin Ahmed
2518,1,13,2,Dhaka Capital,Durbar Rajshahi,Tanzid Hasan,Liton Das,Taskin Ahmed
2518,1,13,3,Dhaka Capital,Durbar Rajshahi,Liton Das,Tanzid Hasan,Taskin Ahmed
2518,1,13,4,Dhaka Capital,Durbar Rajshahi,Tanzid Hasan,Liton Das,Taskin Ahmed
2518,1,13,5,Dhaka Capital,Durbar Rajshahi,Tanzid Hasan,Liton Das,Taskin Ahmed
2518,1,13,6,Dhaka Capital,Durbar Rajshahi,Liton Das,Tanzid Hasan,Taskin Ahmed
2518,1,14,1,Dhaka Capital,Durbar Rajshahi,Liton Das,Tanzid Hasan,Sohag Gazi
2518,1,14,2,Dhaka Capital,Durbar Rajshahi,Tanzid Hasan,Liton Das,Sohag Gazi
2518,1,14,3,Dhaka Capital,Durbar Rajshahi,Tanzid Hasan,Liton Das,Sohag Gazi
2518,1,14,4,Dhaka Capital,Durbar Rajshahi,Tanzid Hasan,Liton Das,Sohag Gazi
2518,1,14,5,Dhaka Capital,Durbar Rajshahi,Liton Das,Tanzid Hasan,Sohag Gazi
2518,1,14,6,Dhaka Capital,Durbar Rajshahi,Liton Das,Tanzid Hasan,Sohag Gazi
2518,1,15,1,Dhaka Capital,Durbar Rajshahi,Tanzid Hasan,Liton Das,Shafiul Islam
2518,1,15,2,Dhaka Capital,Durbar Rajshahi,Liton Das,Tanzid Hasan,Shafiul Islam
2518,1,15,3,Dhaka Capital,Durbar Rajshahi,Tanzid Hasan,Liton Das,Shafiul Islam
2518,1,15,4,Dhaka Capital,Durbar Rajshahi,Tanzid Hasan,Liton Das,Shafiul Islam
2518,1,15,5,Dhaka Capital,Durbar Rajshahi,Liton Das,Tanzid Hasan,Shafiul Islam
2518,1,15,6,Dhaka Capital,Durbar Rajshahi,Liton Das,Tanzid Hasan,Shafiul Islam
2518,1,16,1,Dhaka Capital,Durbar Rajshahi,Tanzid Hasan,Liton Das,Sohag Gazi
2518,1,16,2,Dhaka Capital,Durbar Rajshahi,Tanzid Hasan,Liton Das,Sohag Gazi
2518,1,16,3,Dhaka Capital,Durbar Rajshahi,Tanzid Hasan,Liton Das,Sohag Gazi
2518,1,16,4,Dhaka Capital,Durbar Rajshahi,Liton Das,Tanzid Hasan,Sohag Gazi
2518,1,16,5,Dhaka Capital,Durbar Rajshahi,Liton Das,Tanzid Hasan,Sohag Gazi
2518,1,16,6,Dhaka Capital,Durbar Rajshahi,Tanzid Hasan,Liton Das,Sohag Gazi
2518,1,17,1,Dhaka Capital,Durbar Rajshahi,Tanzid Hasan,Liton Das,Shafiul Islam
2518,1,17,2,Dhaka Capital,Durbar Rajshahi,Liton Das,Tanzid Hasan,Shafiul Islam
2518,1,17,3,Dhaka Capital,Durbar Rajshahi,Liton Das,Tanzid Hasan,Shafiul Islam
2518,1,17,4,Dhaka Capital,Durbar Rajshahi,Tanzid Hasan,Liton Das,Shafiul Islam
2518,1,17,5,Dhaka Capital,Durbar Rajshahi,Tanzid Hasan,Liton Das,Shafiul Islam
2518,1,17,6,Dhaka Capital,Durbar Rajshahi,Tanzid Hasan,Liton Das,Shafiul Islam
2518,1,17,7,Dhaka Capital,Durbar Rajshahi,Tanzid Hasan,Liton Das,Shafiul Islam
2518,1,18,1,Dhaka Capital,Durbar Rajshahi,Tanzid Hasan,Liton Das,Taskin Ahmed
2518,1,18,2,Dhaka Capital,Durbar Rajshahi,Liton Das,Tanzid Hasan,Taskin Ahmed
2518,1,18,3,Dhaka Capital,Durbar Rajshahi,Liton Das,Tanzid Hasan,Taskin Ahmed
2518,1,18,4,Dhaka Capital,Durbar Rajshahi,Liton Das,Tanzid Hasan,Taskin Ahmed
2518,1,18,5,Dhaka Capital,Durbar Rajshahi,Liton Das,Tanzid Hasan,Taskin Ahmed
2518,1,18,6,Dhaka Capital,Durbar Rajshahi,Liton Das,Tanzid Hasan,Taskin Ahmed
2518,1,19,1,Dhaka Capital,Durbar Rajshahi,Tanzid Hasan,Liton Das,Shafiul Islam
2518,1,19,2,Dhaka Capital,Durbar Rajshahi,Tanzid Hasan,Liton Das,Shafiul Islam
2518,1,19,3,Dhaka Capital,Durbar Rajshahi,Tanzid Hasan,Liton Das,Shafiul Islam
2518,1,19,4,Dhaka Capital,Durbar Rajshahi,Sabbir Rahman,Liton Das,Shafiul Islam
2518,1,19,5,Dhaka Capital,Durbar Rajshahi,Sabbir Rahman,Liton Das,Shafiul Islam
2518,1,19,6,Dhaka Capital,Durbar Rajshahi,Liton Das,Sabbir Rahman,Shafiul Islam
2518,2,0,1,Durbar Rajshahi,Dhaka Capital,Mohammad Haris,Sabbir Hossain,Abu Jayed
2518,2,0,2,Durbar Rajshahi,Dhaka Capital,Mohammad Haris,Sabbir Hossain,Abu Jayed
2518,2,0,3,Durbar Rajshahi,Dhaka Capital,Mohammad Haris,Sabbir Hossain,Abu Jayed
2518,2,0,4,Durbar Rajshahi,Dhaka Capital,Mohammad Haris,Sabbir Hossain,Abu Jayed
2518,2,0,5,Durbar Rajshahi,Dhaka Capital,Sabbir Hossain,Mohammad Haris,Abu Jayed
2518,2,0,6,Durbar Rajshahi,Dhaka Capital,Mohammad Haris,Sabbir Hossain,Abu Jayed
2518,2,1,1,Durbar Rajshahi,Dhaka Capital,Sabbir Hossain,Anamul Haque,Mukidul Islam
2518,2,1,2,Durbar Rajshahi,Dhaka Capital,Sabbir Hossain,Anamul Haque,Mukidul Islam
2518,2,1,3,Durbar Rajshahi,Dhaka Capital,Sabbir Hossain,Anamul Haque,Mukidul Islam
2518,2,1,4,Durbar Rajshahi,Dhaka Capital,Anamul Haque,Sabbir Hossain,Mukidul Islam
2518,2,1,5,Durbar Rajshahi,Dhaka Capital,Yasir Ali Chowdhury,Sabbir Hossain,Mukidul Islam
2518,2,1,6,Durbar Rajshahi,Dhaka Capital,Yasir Ali Chowdhury,Sabbir Hossain,Mukidul Islam
2518,2,2,1,Durbar Rajshahi,Dhaka Capital,Sabbir Hossain,Yasir Ali Chowdhury,Abu Jayed
2518,2,2,2,Durbar Rajshahi,Dhaka Capital,Sabbir Hossain,Yasir Ali Chowdhury,Abu Jayed
2518,2,2,3,Durbar Rajshahi,Dhaka Capital,Sabbir Hossain,Yasir Ali Chowdhury,Abu Jayed
2518,2,2,4,Durbar Rajshahi,Dhaka Capital,Sabbir Hossain,Yasir Ali Chowdhury,Abu Jayed
2518,2,2,5,Durbar Rajshahi,Dhaka Capital,Sabbir Hossain,Yasir Ali Chowdhury,Abu Jayed
2518,2,2,6,Durbar Rajshahi,Dhaka Capital,Yasir Ali Chowdhury,Sabbir Hossain,Abu Jayed
2518,2,3,1,Durbar Rajshahi,Dhaka Capital,Sabbir Hossain,Yasir Ali Chowdhury,Mukidul Islam
2518,2,3,2,Durbar Rajshahi,Dhaka Capital,Sabbir Hossain,Yasir Ali Chowdhury,Mukidul Islam
2518,2,3,3,Durbar Rajshahi,Dhaka Capital,Sabbir Hossain,Yasir Ali Chowdhury,Mukidul Islam
2518,2,3,4,Durbar Rajshahi,Dhaka Capital,Akbar Ali,Yasir Ali Chowdhury,Mukidul Islam
2518,2,3,5,Durbar Rajshahi,Dhaka Capital,Akbar Ali,Yasir Ali Chowdhury,Mukidul Islam
2518,2,3,6,Durbar Rajshahi,Dhaka Capital,Yasir Ali Chowdhury,Akbar Ali,Mukidul Islam
2518,2,4,1,Durbar Rajshahi,Dhaka Capital,Akbar Ali,Yasir Ali Chowdhury,Abu Jayed
2518,2,4,2,Durbar Rajshahi,Dhaka Capital,Akbar Ali,Yasir Ali Chowdhury,Abu Jayed
2518,2,4,3,Durbar Rajshahi,Dhaka Capital,SM Meherob,Yasir Ali Chowdhury,Abu Jayed
2518,2,4,4,Durbar Rajshahi,Dhaka Capital,SM Meherob,Yasir Ali Chowdhury,Abu Jayed
2518,2,4,5,Durbar Rajshahi,Dhaka Capital,SM Meherob,Yasir Ali Chowdhury,Abu Jayed
2518,2,4,6,Durbar Rajshahi,Dhaka Capital,SM Meherob,Yasir Ali Chowdhury,Abu Jayed
2518,2,4,7,Durbar Rajshahi,Dhaka Capital,SM Meherob,Yasir Ali Chowdhury,Abu Jayed
2518,2,5,1,Durbar Rajshahi,Dhaka Capital,Yasir Ali Chowdhury,SM Meherob,Mustafizur Rahman
2518,2,5,2,Durbar Rajshahi,Dhaka Capital,Yasir Ali Chowdhury,SM Meherob,Mustafizur Rahman
2518,2,5,3,Durbar Rajshahi,Dhaka Capital,Yasir Ali Chowdhury,SM Meherob,Mustafizur Rahman
2518,2,5,4,Durbar Rajshahi,Dhaka Capital,Yasir Ali Chowdhury,SM Meherob,Mustafizur Rahman
2518,2,5,5,Durbar Rajshahi,Dhaka Capital,Yasir Ali Chowdhury,SM Meherob,Mustafizur Rahman
2518,2,5,6,Durbar Rajshahi,Dhaka Capital,Yasir Ali Chowdhury,SM Meherob,Mustafizur Rahman
2518,2,6,1,Durbar Rajshahi,Dhaka Capital,SM Meherob,Yasir Ali Chowdhury,Mosaddek Hossain
2518,2,6,2,Durbar Rajshahi,Dhaka Capital,SM Meherob,Yasir Ali Chowdhury,Mosaddek Hossain
2518,2,6,3,Durbar Rajshahi,Dhaka Capital,SM Meherob,Yasir Ali Chowdhury,Mosaddek Hossain
2518,2,6,4,Durbar Rajshahi,Dhaka Capital,RP Burl,Yasir Ali Chowdhury,Mosaddek Hossain
2518,2,6,5,Durbar Rajshahi,Dhaka Capital,RP Burl,Yasir Ali Chowdhury,Mosaddek Hossain
2518,2,6,6,Durbar Rajshahi,Dhaka Capital,Yasir Ali Chowdhury,RP Burl,Mosaddek Hossain
2518,2,7,1,Durbar Rajshahi,Dhaka Capital,RP Burl,Yasir Ali Chowdhury,Farmanullah
2518,2,7,2,Durbar Rajshahi,Dhaka Capital,RP Burl,Yasir Ali Chowdhury,Farmanullah
2518,2,7,3,Durbar Rajshahi,Dhaka Capital,RP Burl,Yasir Ali Chowdhury,Farmanullah
2518,2,7,4,Durbar Rajshahi,Dhaka Capital,RP Burl,Yasir Ali Chowdhury,Farmanullah
2518,2,7,5,Durbar Rajshahi,Dhaka Capital,RP Burl,Yasir Ali Chowdhury,Farmanullah
2518,2,7,6,Durbar Rajshahi,Dhaka Capital,RP Burl,Yasir Ali Chowdhury,Farmanullah
2518,2,7,7,Durbar Rajshahi,Dhaka Capital,RP Burl,Yasir Ali Chowdhury,Farmanullah
2518,2,8,1,Durbar Rajshahi,Dhaka Capital,RP Burl,Yasir Ali Chowdhury,Mosaddek Hossain
2518,2,8,2,Durbar Rajshahi,Dhaka Capital,RP Burl,Yasir Ali Chowdhury,Mosaddek Hossain
2518,2,8,3,Durbar Rajshahi,Dhaka Capital,Yasir Ali Chowdhury,RP Burl,Mosaddek Hossain
2518,2,8,4,Durbar Rajshahi,Dhaka Capital,RP Burl,Yasir Ali Chowdhury,Mosaddek Hossain
2518,2,8,5,Durbar Rajshahi,Dhaka Capital,RP Burl,Yasir Ali Chowdhury,Mosaddek Hossain
2518,2,8,6,Durbar Rajshahi,Dhaka Capital,RP Burl,Yasir Ali Chowdhury,Mosaddek Hossain
2518,2,9,1,Durbar Rajshahi,Dhaka Capital,RP Burl,Yasir Ali Chowdhury,Farmanullah
2518,2,9,2,Durbar Rajshahi,Dhaka Capital,RP Burl,Yasir Ali Chowdhury,Farmanullah
2518,2,9,3,Durbar Rajshahi,Dhaka Capital,RP Burl,Yasir Ali Chowdhury,Farmanullah
2518,2,9,4,Durbar Rajshahi,Dhaka Capital,Yasir Ali Chowdhury,RP Burl,Farmanullah
2518,2,9,5,Durbar Rajshahi,Dhaka Capital,Sohag Gazi,RP Burl,Farmanullah
2518,2,9,6,Durbar Rajshahi,Dhaka Capital,Sunzamul Islam,RP Burl,Farmanullah
2518,2,10,1,Durbar Rajshahi,Dhaka Capital,RP Burl,Sunzamul Islam,Mustafizur Rahman
2518,2,10,2,Durbar Rajshahi,Dhaka Capital,RP Burl,Sunzamul Islam,Mustafizur Rahman
2518,2,10,3,Durbar Rajshahi,Dhaka Capital,RP Burl,Sunzamul Islam,Mustafizur Rahman
2518,2,10,4,Durbar Rajshahi,Dhaka Capital,Sunzamul Islam,RP Burl,Mustafizur Rahman
2518,2,10,5,Durbar Rajshahi,Dhaka Capital,Sunzamul Islam,RP Burl,Mustafizur Rahman
2518,2,10,6,Durbar Rajshahi,Dhaka Capital,RP Burl,Sunzamul Islam,Mustafizur Rahman
2518,2,11,1,Durbar Rajshahi,Dhaka Capital,RP Burl,Sunzamul Islam,Farmanullah
2518,2,11,2,Durbar Rajshahi,Dhaka Capital,RP Burl,Sunzamul Islam,Farmanullah
2518,2,11,3,Durbar Rajshahi,Dhaka Capital,RP Burl,Sunzamul Islam,Farmanullah
2518,2,11,4,Durbar Rajshahi,Dhaka Capital,RP Burl,Sunzamul Islam,Farmanullah
2518,2,11,5,Durbar Rajshahi,Dhaka Capital,RP Burl,Sunzamul Islam,Farmanullah
2518,2,11,6,Durbar Rajshahi,Dhaka Capital,RP Burl,Sunzamul Islam,Farmanullah
2518,2,12,1,Durbar Rajshahi,Dhaka Capital,Sunzamul Islam,RP Burl,Mukidul Islam
2518,2,12,2,Durbar Rajshahi,Dhaka Capital,RP Burl,Sunzamul Islam,Mukidul Islam
2518,2,12,3,Durbar Rajshahi,Dhaka Capital,RP Burl,Sunzamul Islam,Mukidul Islam
2518,2,12,4,Durbar Rajshahi,Dhaka Capital,Sunzamul Islam,RP Burl,Mukidul Islam
2518,2,12,5,Durbar Rajshahi,Dhaka Capital,Sunzamul Islam,RP Burl,Mukidul Islam
2518,2,12,6,Durbar Rajshahi,Dhaka Capital,Sunzamul Islam,RP Burl,Mukidul Islam
2518,2,13,1,Durbar Rajshahi,Dhaka Capital,Sunzamul Islam,RP Burl,Mosaddek Hossain
2518,2,13,2,Durbar Rajshahi,Dhaka Capital,Sunzamul Islam,RP Burl,Mosaddek Hossain
2518,2,13,3,Durbar Rajshahi,Dhaka Capital,Taskin Ahmed,RP Burl,Mosaddek Hossain
2518,2,13,4,Durbar Rajshahi,Dhaka Capital,Taskin Ahmed,RP Burl,Mosaddek Hossain
2518,2,13,5,Durbar Rajshahi,Dhaka Capital,RP Burl,Taskin Ahmed,Mosaddek Hossain
2518,2,13,6,Durbar Rajshahi,Dhaka Capital,RP Burl,Taskin Ahmed,Mosaddek Hossain
2518,2,14,1,Durbar Rajshahi,Dhaka Capital,Taskin Ahmed,RP Burl,Mustafizur Rahman
2518,2,14,2,Durbar Rajshahi,Dhaka Capital,Taskin Ahmed,RP Burl,Mustafizur Rahman
2518,2,14,3,Durbar Rajshahi,Dhaka Capital,Taskin Ahmed,RP Burl,Mustafizur Rahman
2518,2,14,4,Durbar Rajshahi,Dhaka Capital,Taskin Ahmed,RP Burl,Mustafizur Rahman
2518,2,14,5,Durbar Rajshahi,Dhaka Capital,Taskin Ahmed,RP Burl,Mustafizur Rahman
2518,2,14,6,Durbar Rajshahi,Dhaka Capital,Shafiul Islam,RP Burl,Mustafizur Rahman
2518,2,15,1,Durbar Rajshahi,Dhaka Capital,RP Burl,Shafiul Islam,Mukidul Islam
2518,2,15,2,Durbar Rajshahi,Dhaka Capital,RP Burl,Shafiul Islam,Mukidul Islam
