MATCHID,INNINGSNO,OVERNO,BALL_NO,TEAMBATTING,TEAM_BOWLING,STRIKER,NON_STRIKER,BOWLER
2521,1,0,1,Dhaka Capital,Fortune Barishal,Tanzid Hasan,Liton Das,Jahandad Khan
2521,1,0,2,Dhaka Capital,Fortune Barishal,Tanzid Hasan,Liton Das,Jahandad Khan
2521,1,0,3,Dhaka Capital,Fortune Barishal,Liton Das,Tanzid Hasan,Jahandad Khan
2521,1,0,4,Dhaka Capital,Fortune Barishal,Liton Das,Tanzid Hasan,Jahandad Khan
2521,1,0,5,Dhaka Capital,Fortune Barishal,Liton Das,Tanzid Hasan,Jahandad Khan
2521,1,0,6,Dhaka Capital,Fortune Barishal,Liton Das,Tanzid Hasan,Jahandad Khan
2521,1,0,7,Dhaka Capital,Fortune Barishal,Liton Das,Tanzid Hasan,Jahandad Khan
2521,1,0,8,Dhaka Capital,Fortune Barishal,Liton Das,Tanzid Hasan,Jahandad Khan
2521,1,1,1,Dhaka Capital,Fortune Barishal,Tanzid Hasan,Liton Das,R Mondol
2521,1,1,2,Dhaka Capital,Fortune Barishal,Tanzid Hasan,Liton Das,R Mondol
2521,1,1,3,Dhaka Capital,Fortune Barishal,Liton Das,Tanzid Hasan,R Mondol
2521,1,1,4,Dhaka Capital,Fortune Barishal,Liton Das,Tanzid Hasan,R Mondol
2521,1,1,5,Dhaka Capital,Fortune Barishal,Liton Das,Tanzid Hasan,R Mondol
2521,1,1,6,Dhaka Capital,Fortune Barishal,Liton Das,Tanzid Hasan,R Mondol
2521,1,2,1,Dhaka Capital,Fortune Barishal,Liton Das,Tanzid Hasan,Mohammad Nabi
2521,1,2,2,Dhaka Capital,Fortune Barishal,Liton Das,Tanzid Hasan,Mohammad Nabi
2521,1,2,3,Dhaka Capital,Fortune Barishal,Tanzid Hasan,Liton Das,Mohammad Nabi
2521,1,2,4,Dhaka Capital,Fortune Barishal,Liton Das,Tanzid Hasan,Mohammad Nabi
2521,1,2,5,Dhaka Capital,Fortune Barishal,Liton Das,Tanzid Hasan,Mohammad Nabi
2521,1,2,6,Dhaka Capital,Fortune Barishal,Tanzid Hasan,Liton Das,Mohammad Nabi
2521,1,3,1,Dhaka Capital,Fortune Barishal,Liton Das,Tanzid Hasan,Faheem Ashraf
2521,1,3,2,Dhaka Capital,Fortune Barishal,Tanzid Hasan,Liton Das,Faheem Ashraf
2521,1,3,3,Dhaka Capital,Fortune Barishal,Tanzid Hasan,Liton Das,Faheem Ashraf
2521,1,3,4,Dhaka Capital,Fortune Barishal,Tanzid Hasan,Liton Das,Faheem Ashraf
2521,1,3,5,Dhaka Capital,Fortune Barishal,Liton Das,Tanzid Hasan,Faheem Ashraf
2521,1,3,6,Dhaka Capital,Fortune Barishal,Tanzid Hasan,Liton Das,Faheem Ashraf
2521,1,4,1,Dhaka Capital,Fortune Barishal,Tanzid Hasan,Liton Das,R Mondol
2521,1,4,2,Dhaka Capital,Fortune Barishal,Liton Das,Tanzid Hasan,R Mondol
2521,1,4,3,Dhaka Capital,Fortune Barishal,Liton Das,Tanzid Hasan,R Mondol
2521,1,4,4,Dhaka Capital,Fortune Barishal,Liton Das,Tanzid Hasan,R Mondol
2521,1,4,5,Dhaka Capital,Fortune Barishal,Munim Shahriar,Tanzid Hasan,R Mondol
2521,1,4,6,Dhaka Capital,Fortune Barishal,Munim Shahriar,Tanzid Hasan,R Mondol
2521,1,5,1,Dhaka Capital,Fortune Barishal,Tanzid Hasan,Munim Shahriar,Faheem Ashraf
2521,1,5,2,Dhaka Capital,Fortune Barishal,Munim Shahriar,Tanzid Hasan,Faheem Ashraf
2521,1,5,3,Dhaka Capital,Fortune Barishal,Munim Shahriar,Tanzid Hasan,Faheem Ashraf
2521,1,5,4,Dhaka Capital,Fortune Barishal,JP Kotze,Tanzid Hasan,Faheem Ashraf
2521,1,5,5,Dhaka Capital,Fortune Barishal,JP Kotze,Tanzid Hasan,Faheem Ashraf
2521,1,5,6,Dhaka Capital,Fortune Barishal,Tanzid Hasan,JP Kotze,Faheem Ashraf
2521,1,6,1,Dhaka Capital,Fortune Barishal,JP Kotze,Tanzid Hasan,Mohammad Nabi
2521,1,6,2,Dhaka Capital,Fortune Barishal,Tanzid Hasan,JP Kotze,Mohammad Nabi
2521,1,6,3,Dhaka Capital,Fortune Barishal,Tanzid Hasan,JP Kotze,Mohammad Nabi
2521,1,6,4,Dhaka Capital,Fortune Barishal,Tanzid Hasan,JP Kotze,Mohammad Nabi
2521,1,6,5,Dhaka Capital,Fortune Barishal,JP Kotze,Tanzid Hasan,Mohammad Nabi
2521,1,6,6,Dhaka Capital,Fortune Barishal,JP Kotze,Tanzid Hasan,Mohammad Nabi
2521,1,7,1,Dhaka Capital,Fortune Barishal,JP Kotze,Tanzid Hasan,Mahmudullah
2521,1,7,2,Dhaka Capital,Fortune Barishal,JP Kotze,Tanzid Hasan,Mahmudullah
2521,1,7,3,Dhaka Capital,Fortune Barishal,JP Kotze,Tanzid Hasan,Mahmudullah
2521,1,7,4,Dhaka Capital,Fortune Barishal,Tanzid Hasan,JP Kotze,Mahmudullah
2521,1,7,5,Dhaka Capital,Fortune Barishal,JP Kotze,Tanzid Hasan,Mahmudullah
2521,1,7,6,Dhaka Capital,Fortune Barishal,Sabbir Rahman,Tanzid Hasan,Mahmudullah
2521,1,8,1,Dhaka Capital,Fortune Barishal,Tanzid Hasan,Sabbir Rahman,Mohammad Nabi
2521,1,8,2,Dhaka Capital,Fortune Barishal,Tanzid Hasan,Sabbir Rahman,Mohammad Nabi
2521,1,8,3,Dhaka Capital,Fortune Barishal,Tanzid Hasan,Sabbir Rahman,Mohammad Nabi
2521,1,8,4,Dhaka Capital,Fortune Barishal,Tanzid Hasan,Sabbir Rahman,Mohammad Nabi
2521,1,8,5,Dhaka Capital,Fortune Barishal,Tanzid Hasan,Sabbir Rahman,Mohammad Nabi
2521,1,8,6,Dhaka Capital,Fortune Barishal,Sabbir Rahman,Tanzid Hasan,Mohammad Nabi
2521,1,9,1,Dhaka Capital,Fortune Barishal,Tanzid Hasan,Sabbir Rahman,Tanvir Islam
2521,1,9,2,Dhaka Capital,Fortune Barishal,Tanzid Hasan,Sabbir Rahman,Tanvir Islam
2521,1,9,3,Dhaka Capital,Fortune Barishal,Sabbir Rahman,Tanzid Hasan,Tanvir Islam
2521,1,9,4,Dhaka Capital,Fortune Barishal,Tanzid Hasan,Sabbir Rahman,Tanvir Islam
2521,1,9,5,Dhaka Capital,Fortune Barishal,Tanzid Hasan,Sabbir Rahman,Tanvir Islam
2521,1,9,6,Dhaka Capital,Fortune Barishal,Tanzid Hasan,Sabbir Rahman,Tanvir Islam
2521,1,10,1,Dhaka Capital,Fortune Barishal,Tanzid Hasan,Sabbir Rahman,Jahandad Khan
2521,1,10,2,Dhaka Capital,Fortune Barishal,Sabbir Rahman,Tanzid Hasan,Jahandad Khan
2521,1,10,3,Dhaka Capital,Fortune Barishal,Sabbir Rahman,Tanzid Hasan,Jahandad Khan
2521,1,10,4,Dhaka Capital,Fortune Barishal,Tanzid Hasan,Sabbir Rahman,Jahandad Khan
2521,1,10,5,Dhaka Capital,Fortune Barishal,Sabbir Rahman,Tanzid Hasan,Jahandad Khan
2521,1,10,6,Dhaka Capital,Fortune Barishal,Sabbir Rahman,Tanzid Hasan,Jahandad Khan
2521,1,11,1,Dhaka Capital,Fortune Barishal,Sabbir Rahman,Tanzid Hasan,Tanvir Islam
2521,1,11,2,Dhaka Capital,Fortune Barishal,Sabbir Rahman,Tanzid Hasan,Tanvir Islam
2521,1,11,3,Dhaka Capital,Fortune Barishal,Tanzid Hasan,Sabbir Rahman,Tanvir Islam
2521,1,11,4,Dhaka Capital,Fortune Barishal,Sabbir Rahman,Tanzid Hasan,Tanvir Islam
2521,1,11,5,Dhaka Capital,Fortune Barishal,NLTC Perera,Tanzid Hasan,Tanvir Islam
2521,1,11,6,Dhaka Capital,Fortune Barishal,NLTC Perera,Tanzid Hasan,Tanvir Islam
2521,1,12,1,Dhaka Capital,Fortune Barishal,Tanzid Hasan,Mosaddek Hossain,Mohammad Nabi
2521,1,12,2,Dhaka Capital,Fortune Barishal,Tanzid Hasan,Mosaddek Hossain,Mohammad Nabi
2521,1,12,3,Dhaka Capital,Fortune Barishal,Mosaddek Hossain,Tanzid Hasan,Mohammad Nabi
2521,1,12,4,Dhaka Capital,Fortune Barishal,Tanzid Hasan,Mosaddek Hossain,Mohammad Nabi
2521,1,12,5,Dhaka Capital,Fortune Barishal,Mosaddek Hossain,Tanzid Hasan,Mohammad Nabi
2521,1,12,6,Dhaka Capital,Fortune Barishal,Tanzid Hasan,Mosaddek Hossain,Mohammad Nabi
2521,1,13,1,Dhaka Capital,Fortune Barishal,Mosaddek Hossain,Tanzid Hasan,R Mondol
2521,1,13,2,Dhaka Capital,Fortune Barishal,Mosaddek Hossain,Tanzid Hasan,R Mondol
2521,1,13,3,Dhaka Capital,Fortune Barishal,Tanzid Hasan,Mosaddek Hossain,R Mondol
2521,1,13,4,Dhaka Capital,Fortune Barishal,Tanzid Hasan,Mosaddek Hossain,R Mondol
2521,1,13,5,Dhaka Capital,Fortune Barishal,Tanzid Hasan,Mosaddek Hossain,R Mondol
2521,1,13,6,Dhaka Capital,Fortune Barishal,Tanzid Hasan,Mosaddek Hossain,R Mondol
2521,1,13,7,Dhaka Capital,Fortune Barishal,Mosaddek Hossain,Tanzid Hasan,R Mondol
2521,1,14,1,Dhaka Capital,Fortune Barishal,Tanzid Hasan,Mosaddek Hossain,Jahandad Khan
2521,1,14,2,Dhaka Capital,Fortune Barishal,Mosaddek Hossain,Tanzid Hasan,Jahandad Khan
2521,1,14,3,Dhaka Capital,Fortune Barishal,Mosaddek Hossain,Tanzid Hasan,Jahandad Khan
2521,1,14,4,Dhaka Capital,Fortune Barishal,Mosaddek Hossain,Tanzid Hasan,Jahandad Khan
2521,1,14,5,Dhaka Capital,Fortune Barishal,Tanzid Hasan,Mosaddek Hossain,Jahandad Khan
2521,1,14,6,Dhaka Capital,Fortune Barishal,Mosaddek Hossain,Tanzid Hasan,Jahandad Khan
2521,1,15,1,Dhaka Capital,Fortune Barishal,Mosaddek Hossain,Tanzid Hasan,Tanvir Islam
2521,1,15,2,Dhaka Capital,Fortune Barishal,Mosaddek Hossain,Tanzid Hasan,Tanvir Islam
2521,1,15,3,Dhaka Capital,Fortune Barishal,Mosaddek Hossain,Tanzid Hasan,Tanvir Islam
2521,1,15,4,Dhaka Capital,Fortune Barishal,Farmanullah,Tanzid Hasan,Tanvir Islam
2521,1,15,5,Dhaka Capital,Fortune Barishal,Farmanullah,Tanzid Hasan,Tanvir Islam
2521,1,15,6,Dhaka Capital,Fortune Barishal,Farmanullah,Tanzid Hasan,Tanvir Islam
2521,1,15,7,Dhaka Capital,Fortune Barishal,Tanzid Hasan,Farmanullah,Tanvir Islam
2521,1,16,1,Dhaka Capital,Fortune Barishal,Farmanullah,Tanzid Hasan,Faheem Ashraf
2521,1,16,2,Dhaka Capital,Fortune Barishal,Tanzid Hasan,Farmanullah,Faheem Ashraf
2521,1,16,3,Dhaka Capital,Fortune Barishal,Tanzid Hasan,Farmanullah,Faheem Ashraf
2521,1,16,4,Dhaka Capital,Fortune Barishal,Tanzid Hasan,Farmanullah,Faheem Ashraf
2521,1,16,5,Dhaka Capital,Fortune Barishal,Tanzid Hasan,Farmanullah,Faheem Ashraf
2521,1,16,6,Dhaka Capital,Fortune Barishal,PC de Silva,Farmanullah,Faheem Ashraf
2521,1,17,1,Dhaka Capital,Fortune Barishal,Farmanullah,Abu Jayed,R Mondol
2521,1,17,2,Dhaka Capital,Fortune Barishal,Farmanullah,Abu Jayed,R Mondol
2521,1,17,3,Dhaka Capital,Fortune Barishal,Abu Jayed,Farmanullah,R Mondol
2521,1,17,4,Dhaka Capital,Fortune Barishal,Farmanullah,Abu Jayed,R Mondol
2521,1,17,5,Dhaka Capital,Fortune Barishal,Farmanullah,Abu Jayed,R Mondol
2521,1,17,6,Dhaka Capital,Fortune Barishal,Farmanullah,Abu Jayed,R Mondol
2521,1,18,1,Dhaka Capital,Fortune Barishal,Farmanullah,Abu Jayed,Faheem Ashraf
2521,1,18,2,Dhaka Capital,Fortune Barishal,Farmanullah,Abu Jayed,Faheem Ashraf
2521,1,18,3,Dhaka Capital,Fortune Barishal,Farmanullah,Abu Jayed,Faheem Ashraf
2521,1,18,4,Dhaka Capital,Fortune Barishal,Farmanullah,Abu Jayed,Faheem Ashraf
2521,1,18,5,Dhaka Capital,Fortune Barishal,Farmanullah,Abu Jayed,Faheem Ashraf
2521,1,18,6,Dhaka Capital,Fortune Barishal,Mustafizur Rahman,Farmanullah,Faheem Ashraf
2521,1,18,7,Dhaka Capital,Fortune Barishal,Farmanullah,Mustafizur Rahman,Faheem Ashraf
2521,1,18,8,Dhaka Capital,Fortune Barishal,Mustafizur Rahman,Farmanullah,Faheem Ashraf
2521,1,19,1,Dhaka Capital,Fortune Barishal,Farmanullah,Mustafizur Rahman,Jahandad Khan
2521,1,19,2,Dhaka Capital,Fortune Barishal,Farmanullah,Mustafizur Rahman,Jahandad Khan
2521,1,19,3,Dhaka Capital,Fortune Barishal,Farmanullah,Mustafizur Rahman,Jahandad Khan
2521,2,0,1,Fortune Barishal,Dhaka Capital,Tamim Iqbal,Nazmul Hossain Shanto,Mustafizur Rahman
2521,2,0,2,Fortune Barishal,Dhaka Capital,Tamim Iqbal,Nazmul Hossain Shanto,Mustafizur Rahman
2521,2,0,3,Fortune Barishal,Dhaka Capital,Tamim Iqbal,Nazmul Hossain Shanto,Mustafizur Rahman
2521,2,0,4,Fortune Barishal,Dhaka Capital,Nazmul Hossain Shanto,Tamim Iqbal,Mustafizur Rahman
2521,2,0,5,Fortune Barishal,Dhaka Capital,Tamim Iqbal,Nazmul Hossain Shanto,Mustafizur Rahman
2521,2,0,6,Fortune Barishal,Dhaka Capital,Tamim Iqbal,Nazmul Hossain Shanto,Mustafizur Rahman
2521,2,1,1,Fortune Barishal,Dhaka Capital,Nazmul Hossain Shanto,Tamim Iqbal,Abu Jayed
2521,2,1,2,Fortune Barishal,Dhaka Capital,Tamim Iqbal,Nazmul Hossain Shanto,Abu Jayed
2521,2,1,3,Fortune Barishal,Dhaka Capital,Tamim Iqbal,Nazmul Hossain Shanto,Abu Jayed
2521,2,1,4,Fortune Barishal,Dhaka Capital,Nazmul Hossain Shanto,Tamim Iqbal,Abu Jayed
2521,2,1,5,Fortune Barishal,Dhaka Capital,DJ Malan,Tamim Iqbal,Abu Jayed
2521,2,1,6,Fortune Barishal,Dhaka Capital,DJ Malan,Tamim Iqbal,Abu Jayed
2521,2,2,1,Fortune Barishal,Dhaka Capital,Tamim Iqbal,DJ Malan,Mustafizur Rahman
2521,2,2,2,Fortune Barishal,Dhaka Capital,Tamim Iqbal,DJ Malan,Mustafizur Rahman
2521,2,2,3,Fortune Barishal,Dhaka Capital,Tamim Iqbal,DJ Malan,Mustafizur Rahman
2521,2,2,4,Fortune Barishal,Dhaka Capital,Tamim Iqbal,DJ Malan,Mustafizur Rahman
2521,2,2,5,Fortune Barishal,Dhaka Capital,Tamim Iqbal,DJ Malan,Mustafizur Rahman
2521,2,2,6,Fortune Barishal,Dhaka Capital,DJ Malan,Tamim Iqbal,Mustafizur Rahman
2521,2,3,1,Fortune Barishal,Dhaka Capital,DJ Malan,Tamim Iqbal,Abu Jayed
2521,2,3,2,Fortune Barishal,Dhaka Capital,Tamim Iqbal,DJ Malan,Abu Jayed
2521,2,3,3,Fortune Barishal,Dhaka Capital,DJ Malan,Tamim Iqbal,Abu Jayed
2521,2,3,4,Fortune Barishal,Dhaka Capital,DJ Malan,Tamim Iqbal,Abu Jayed
2521,2,3,5,Fortune Barishal,Dhaka Capital,Tamim Iqbal,DJ Malan,Abu Jayed
2521,2,3,6,Fortune Barishal,Dhaka Capital,Tamim Iqbal,DJ Malan,Abu Jayed
2521,2,3,7,Fortune Barishal,Dhaka Capital,DJ Malan,Tamim Iqbal,Abu Jayed
2521,2,4,1,Fortune Barishal,Dhaka Capital,Tamim Iqbal,DJ Malan,Farmanullah
2521,2,4,2,Fortune Barishal,Dhaka Capital,DJ Malan,Tamim Iqbal,Farmanullah
2521,2,4,3,Fortune Barishal,Dhaka Capital,DJ Malan,Tamim Iqbal,Farmanullah
2521,2,4,4,Fortune Barishal,Dhaka Capital,DJ Malan,Tamim Iqbal,Farmanullah
2521,2,4,5,Fortune Barishal,Dhaka Capital,DJ Malan,Tamim Iqbal,Farmanullah
2521,2,4,6,Fortune Barishal,Dhaka Capital,DJ Malan,Tamim Iqbal,Farmanullah
2521,2,4,7,Fortune Barishal,Dhaka Capital,DJ Malan,Tamim Iqbal,Farmanullah
2521,2,4,8,Fortune Barishal,Dhaka Capital,DJ Malan,Tamim Iqbal,Farmanullah
2521,2,4,9,Fortune Barishal,Dhaka Capital,Tamim Iqbal,DJ Malan,Farmanullah
2521,2,4,10,Fortune Barishal,Dhaka Capital,Tamim Iqbal,DJ Malan,Farmanullah
2521,2,5,1,Fortune Barishal,Dhaka Capital,Tamim Iqbal,DJ Malan,PC de Silva
2521,2,5,2,Fortune Barishal,Dhaka Capital,Tamim Iqbal,DJ Malan,PC de Silva
2521,2,5,3,Fortune Barishal,Dhaka Capital,Tamim Iqbal,DJ Malan,PC de Silva
2521,2,5,4,Fortune Barishal,Dhaka Capital,Tamim Iqbal,DJ Malan,PC de Silva
2521,2,5,5,Fortune Barishal,Dhaka Capital,DJ Malan,Tamim Iqbal,PC de Silva
2521,2,5,6,Fortune Barishal,Dhaka Capital,DJ Malan,Tamim Iqbal,PC de Silva
2521,2,5,7,Fortune Barishal,Dhaka Capital,DJ Malan,Tamim Iqbal,PC de Silva
2521,2,6,1,Fortune Barishal,Dhaka Capital,DJ Malan,Tamim Iqbal,Abu Jayed
2521,2,6,2,Fortune Barishal,Dhaka Capital,DJ Malan,Tamim Iqbal,Abu Jayed
2521,2,6,3,Fortune Barishal,Dhaka Capital,Tamim Iqbal,DJ Malan,Abu Jayed
2521,2,6,4,Fortune Barishal,Dhaka Capital,Tamim Iqbal,DJ Malan,Abu Jayed
2521,2,6,5,Fortune Barishal,Dhaka Capital,DJ Malan,Tamim Iqbal,Abu Jayed
2521,2,6,6,Fortune Barishal,Dhaka Capital,DJ Malan,Tamim Iqbal,Abu Jayed
2521,2,7,1,Fortune Barishal,Dhaka Capital,DJ Malan,Tamim Iqbal,Farmanullah
2521,2,7,2,Fortune Barishal,Dhaka Capital,DJ Malan,Tamim Iqbal,Farmanullah
2521,2,7,3,Fortune Barishal,Dhaka Capital,DJ Malan,Tamim Iqbal,Farmanullah
2521,2,7,4,Fortune Barishal,Dhaka Capital,Tamim Iqbal,DJ Malan,Farmanullah
2521,2,7,5,Fortune Barishal,Dhaka Capital,DJ Malan,Tamim Iqbal,Farmanullah
2521,2,7,6,Fortune Barishal,Dhaka Capital,Tamim Iqbal,DJ Malan,Farmanullah
2521,2,8,1,Fortune Barishal,Dhaka Capital,Tamim Iqbal,DJ Malan,PC de Silva
2521,2,8,2,Fortune Barishal,Dhaka Capital,Tamim Iqbal,DJ Malan,PC de Silva
2521,2,8,3,Fortune Barishal,Dhaka Capital,DJ Malan,Tamim Iqbal,PC de Silva
2521,2,8,4,Fortune Barishal,Dhaka Capital,DJ Malan,Tamim Iqbal,PC de Silva
2521,2,8,5,Fortune Barishal,Dhaka Capital,DJ Malan,Tamim Iqbal,PC de Silva
2521,2,8,6,Fortune Barishal,Dhaka Capital,DJ Malan,Tamim Iqbal,PC de Silva
2521,2,8,7,Fortune Barishal,Dhaka Capital,DJ Malan,Tamim Iqbal,PC de Silva
2521,2,9,1,Fortune Barishal,Dhaka Capital,DJ Malan,Tamim Iqbal,Mosaddek Hossain
2521,2,9,2,Fortune Barishal,Dhaka Capital,Tamim Iqbal,DJ Malan,Mosaddek Hossain
2521,2,9,3,Fortune Barishal,Dhaka Capital,DJ Malan,Tamim Iqbal,Mosaddek Hossain
2521,2,9,4,Fortune Barishal,Dhaka Capital,DJ Malan,Tamim Iqbal,Mosaddek Hossain
2521,2,9,5,Fortune Barishal,Dhaka Capital,Tamim Iqbal,DJ Malan,Mosaddek Hossain
2521,2,9,6,Fortune Barishal,Dhaka Capital,DJ Malan,Tamim Iqbal,Mosaddek Hossain
2521,2,9,7,Fortune Barishal,Dhaka Capital,Tamim Iqbal,DJ Malan,Mosaddek Hossain
2521,2,10,1,Fortune Barishal,Dhaka Capital,Tamim Iqbal,DJ Malan,NLTC Perera
2521,2,10,2,Fortune Barishal,Dhaka Capital,Tamim Iqbal,DJ Malan,NLTC Perera
2521,2,10,3,Fortune Barishal,Dhaka Capital,DJ Malan,Tamim Iqbal,NLTC Perera
2521,2,10,4,Fortune Barishal,Dhaka Capital,Tamim Iqbal,DJ Malan,NLTC Perera
2521,2,10,5,Fortune Barishal,Dhaka Capital,DJ Malan,Tamim Iqbal,NLTC Perera
2521,2,10,6,Fortune Barishal,Dhaka Capital,Tamim Iqbal,DJ Malan,NLTC Perera
2521,2,10,7,Fortune Barishal,Dhaka Capital,Tamim Iqbal,DJ Malan,NLTC Perera
2521,2,11,1,Fortune Barishal,Dhaka Capital,Tamim Iqbal,DJ Malan,Mosaddek Hossain
2521,2,11,2,Fortune Barishal,Dhaka Capital,Tamim Iqbal,DJ Malan,Mosaddek Hossain
2521,2,11,3,Fortune Barishal,Dhaka Capital,DJ Malan,Tamim Iqbal,Mosaddek Hossain
2521,2,11,4,Fortune Barishal,Dhaka Capital,DJ Malan,Tamim Iqbal,Mosaddek Hossain
2521,2,11,5,Fortune Barishal,Dhaka Capital,Tamim Iqbal,DJ Malan,Mosaddek Hossain
2521,2,11,6,Fortune Barishal,Dhaka Capital,DJ Malan,Tamim Iqbal,Mosaddek Hossain
2521,2,12,1,Fortune Barishal,Dhaka Capital,DJ Malan,Tamim Iqbal,NLTC Perera
2521,2,12,2,Fortune Barishal,Dhaka Capital,Tamim Iqbal,DJ Malan,NLTC Perera
2521,2,12,3,Fortune Barishal,Dhaka Capital,DJ Malan,Tamim Iqbal,NLTC Perera
2521,2,12,4,Fortune Barishal,Dhaka Capital,DJ Malan,Tamim Iqbal,NLTC Perera
2521,2,12,5,Fortune Barishal,Dhaka Capital,Tamim Iqbal,DJ Malan,NLTC Perera
2521,2,12,6,Fortune Barishal,Dhaka Capital,Tamim Iqbal,DJ Malan,NLTC Perera
2521,2,13,1,Fortune Barishal,Dhaka Capital,Tamim Iqbal,DJ Malan,Mosaddek Hossain
2521,2,13,2,Fortune Barishal,Dhaka Capital,DJ Malan,Tamim Iqbal,Mosaddek Hossain
2521,2,13,3,Fortune Barishal,Dhaka Capital,Tamim Iqbal,DJ Malan,Mosaddek Hossain
2521,2,13,4,Fortune Barishal,Dhaka Capital,Tamim Iqbal,DJ Malan,Mosaddek Hossain
2521,2,13,5,Fortune Barishal,Dhaka Capital,Tamim Iqbal,DJ Malan,Mosaddek Hossain
2521,2,13,6,Fortune Barishal,Dhaka Capital,DJ Malan,Tamim Iqbal,Mosaddek Hossain
2521,2,14,1,Fortune Barishal,Dhaka Capital,DJ Malan,Tamim Iqbal,NLTC Perera
2521,2,14,2,Fortune Barishal,Dhaka Capital,Tamim Iqbal,DJ Malan,NLTC Perera
2521,2,14,3,Fortune Barishal,Dhaka Capital,Tamim Iqbal,DJ Malan,NLTC Perera
2521,2,14,4,Fortune Barishal,Dhaka Capital,DJ Malan,Tamim Iqbal,NLTC Perera
2521,2,14,5,Fortune Barishal,Dhaka Capital,Tamim Iqbal,DJ Malan,NLTC Perera
2521,2,14,6,Fortune Barishal,Dhaka Capital,Tamim Iqbal,DJ Malan,NLTC Perera
2521,2,15,1,Fortune Barishal,Dhaka Capital,DJ Malan,Jahandad Khan,Mosaddek Hossain
2521,2,15,2,Fortune Barishal,Dhaka Capital,Jahandad Khan,DJ Malan,Mosaddek Hossain
2521,2,15,3,Fortune Barishal,Dhaka Capital,Jahandad Khan,DJ Malan,Mosaddek Hossain
2521,2,15,4,Fortune Barishal,Dhaka Capital,Jahandad Khan,DJ Malan,Mosaddek Hossain
2521,2,15,5,Fortune Barishal,Dhaka Capital,DJ Malan,Jahandad Khan,Mosaddek Hossain
2521,2,15,6,Fortune Barishal,Dhaka Capital,DJ Malan,Jahandad Khan,Mosaddek Hossain
2521,2,15,7,Fortune Barishal,Dhaka Capital,Jahandad Khan,DJ Malan,Mosaddek Hossain
