MATCHID,INNINGSNO,OVERNO,BALL_NO,TEAMBATTING,TEAMBOWLING,STRIKER,NON_STRIKER,BOWLER
2546,1,0,1,Chittagong Kings,Fortune Barishal,Khawaja Nafay,Parvez Hossain Emon,KR Mayers
2546,1,0,2,Chittagong Kings,Fortune Barishal,Khawaja Nafay,Parvez Hossain Emon,KR Mayers
2546,1,0,3,Chittagong Kings,Fortune Barishal,Khawaja Nafay,Parvez Hossain Emon,KR Mayers
2546,1,0,4,Chittagong Kings,Fortune Barishal,Khawaja Nafay,Parvez Hossain Emon,KR Mayers
2546,1,0,5,Chittagong Kings,Fortune Barishal,Khawaja Nafay,Parvez Hossain Emon,KR Mayers
2546,1,0,6,Chittagong Kings,Fortune Barishal,Khawaja Nafay,Parvez Hossain Emon,KR Mayers
2546,1,1,1,Chittagong Kings,Fortune Barishal,Khawaja Nafay,Parvez Hossain Emon,Mohammad Ali
2546,1,1,2,Chittagong Kings,Fortune Barishal,Khawaja Nafay,Parvez Hossain Emon,Mohammad Ali
2546,1,1,3,Chittagong Kings,Fortune Barishal,Parvez Hossain Emon,Khawaja Nafay,Mohammad Ali
2546,1,1,4,Chittagong Kings,Fortune Barishal,Khawaja Nafay,Parvez Hossain Emon,Mohammad Ali
2546,1,1,5,Chittagong Kings,Fortune Barishal,Khawaja Nafay,Parvez Hossain Emon,Mohammad Ali
2546,1,1,6,Chittagong Kings,Fortune Barishal,Parvez Hossain Emon,Khawaja Nafay,Mohammad Ali
2546,1,2,1,Chittagong Kings,Fortune Barishal,Khawaja Nafay,Parvez Hossain Emon,KR Mayers
2546,1,2,2,Chittagong Kings,Fortune Barishal,Khawaja Nafay,Parvez Hossain Emon,KR Mayers
2546,1,2,3,Chittagong Kings,Fortune Barishal,Khawaja Nafay,Parvez Hossain Emon,KR Mayers
2546,1,2,4,Chittagong Kings,Fortune Barishal,Parvez Hossain Emon,Khawaja Nafay,KR Mayers
2546,1,2,5,Chittagong Kings,Fortune Barishal,Parvez Hossain Emon,Khawaja Nafay,KR Mayers
2546,1,2,6,Chittagong Kings,Fortune Barishal,Parvez Hossain Emon,Khawaja Nafay,KR Mayers
2546,1,2,7,Chittagong Kings,Fortune Barishal,Khawaja Nafay,Parvez Hossain Emon,KR Mayers
2546,1,3,1,Chittagong Kings,Fortune Barishal,Parvez Hossain Emon,Khawaja Nafay,Tanvir Islam
2546,1,3,2,Chittagong Kings,Fortune Barishal,Parvez Hossain Emon,Khawaja Nafay,Tanvir Islam
2546,1,3,3,Chittagong Kings,Fortune Barishal,Parvez Hossain Emon,Khawaja Nafay,Tanvir Islam
2546,1,3,4,Chittagong Kings,Fortune Barishal,Khawaja Nafay,Parvez Hossain Emon,Tanvir Islam
2546,1,3,5,Chittagong Kings,Fortune Barishal,Parvez Hossain Emon,Khawaja Nafay,Tanvir Islam
2546,1,3,6,Chittagong Kings,Fortune Barishal,Parvez Hossain Emon,Khawaja Nafay,Tanvir Islam
2546,1,4,1,Chittagong Kings,Fortune Barishal,Khawaja Nafay,Parvez Hossain Emon,Ebadat Hossain
2546,1,4,2,Chittagong Kings,Fortune Barishal,Khawaja Nafay,Parvez Hossain Emon,Ebadat Hossain
2546,1,4,3,Chittagong Kings,Fortune Barishal,Parvez Hossain Emon,Khawaja Nafay,Ebadat Hossain
2546,1,4,4,Chittagong Kings,Fortune Barishal,Parvez Hossain Emon,Khawaja Nafay,Ebadat Hossain
2546,1,4,5,Chittagong Kings,Fortune Barishal,Khawaja Nafay,Parvez Hossain Emon,Ebadat Hossain
2546,1,4,6,Chittagong Kings,Fortune Barishal,Khawaja Nafay,Parvez Hossain Emon,Ebadat Hossain
2546,1,5,1,Chittagong Kings,Fortune Barishal,Parvez Hossain Emon,Khawaja Nafay,Mohammad Ali
2546,1,5,2,Chittagong Kings,Fortune Barishal,Parvez Hossain Emon,Khawaja Nafay,Mohammad Ali
2546,1,5,3,Chittagong Kings,Fortune Barishal,Parvez Hossain Emon,Khawaja Nafay,Mohammad Ali
2546,1,5,4,Chittagong Kings,Fortune Barishal,Khawaja Nafay,Parvez Hossain Emon,Mohammad Ali
2546,1,5,5,Chittagong Kings,Fortune Barishal,Khawaja Nafay,Parvez Hossain Emon,Mohammad Ali
2546,1,5,6,Chittagong Kings,Fortune Barishal,Khawaja Nafay,Parvez Hossain Emon,Mohammad Ali
2546,1,6,1,Chittagong Kings,Fortune Barishal,Khawaja Nafay,Parvez Hossain Emon,Mohammad Nabi
2546,1,6,2,Chittagong Kings,Fortune Barishal,Parvez Hossain Emon,Khawaja Nafay,Mohammad Nabi
2546,1,6,3,Chittagong Kings,Fortune Barishal,Parvez Hossain Emon,Khawaja Nafay,Mohammad Nabi
2546,1,6,4,Chittagong Kings,Fortune Barishal,Parvez Hossain Emon,Khawaja Nafay,Mohammad Nabi
2546,1,6,5,Chittagong Kings,Fortune Barishal,Parvez Hossain Emon,Khawaja Nafay,Mohammad Nabi
2546,1,6,6,Chittagong Kings,Fortune Barishal,Parvez Hossain Emon,Khawaja Nafay,Mohammad Nabi
2546,1,7,1,Chittagong Kings,Fortune Barishal,Parvez Hossain Emon,Khawaja Nafay,Ebadat Hossain
2546,1,7,2,Chittagong Kings,Fortune Barishal,Parvez Hossain Emon,Khawaja Nafay,Ebadat Hossain
2546,1,7,3,Chittagong Kings,Fortune Barishal,Khawaja Nafay,Parvez Hossain Emon,Ebadat Hossain
2546,1,7,4,Chittagong Kings,Fortune Barishal,Parvez Hossain Emon,Khawaja Nafay,Ebadat Hossain
2546,1,7,5,Chittagong Kings,Fortune Barishal,Khawaja Nafay,Parvez Hossain Emon,Ebadat Hossain
2546,1,7,6,Chittagong Kings,Fortune Barishal,Khawaja Nafay,Parvez Hossain Emon,Ebadat Hossain
2546,1,8,1,Chittagong Kings,Fortune Barishal,Parvez Hossain Emon,Khawaja Nafay,Mohammad Nabi
2546,1,8,2,Chittagong Kings,Fortune Barishal,Khawaja Nafay,Parvez Hossain Emon,Mohammad Nabi
2546,1,8,3,Chittagong Kings,Fortune Barishal,Khawaja Nafay,Parvez Hossain Emon,Mohammad Nabi
2546,1,8,4,Chittagong Kings,Fortune Barishal,Parvez Hossain Emon,Khawaja Nafay,Mohammad Nabi
2546,1,8,5,Chittagong Kings,Fortune Barishal,Khawaja Nafay,Parvez Hossain Emon,Mohammad Nabi
2546,1,8,6,Chittagong Kings,Fortune Barishal,Parvez Hossain Emon,Khawaja Nafay,Mohammad Nabi
2546,1,9,1,Chittagong Kings,Fortune Barishal,Khawaja Nafay,Parvez Hossain Emon,Rishad Hossain
2546,1,9,2,Chittagong Kings,Fortune Barishal,Khawaja Nafay,Parvez Hossain Emon,Rishad Hossain
2546,1,9,3,Chittagong Kings,Fortune Barishal,Parvez Hossain Emon,Khawaja Nafay,Rishad Hossain
2546,1,9,4,Chittagong Kings,Fortune Barishal,Khawaja Nafay,Parvez Hossain Emon,Rishad Hossain
2546,1,9,5,Chittagong Kings,Fortune Barishal,Parvez Hossain Emon,Khawaja Nafay,Rishad Hossain
2546,1,9,6,Chittagong Kings,Fortune Barishal,Khawaja Nafay,Parvez Hossain Emon,Rishad Hossain
2546,1,10,1,Chittagong Kings,Fortune Barishal,Khawaja Nafay,Parvez Hossain Emon,Mohammad Nabi
2546,1,10,2,Chittagong Kings,Fortune Barishal,Khawaja Nafay,Parvez Hossain Emon,Mohammad Nabi
2546,1,10,3,Chittagong Kings,Fortune Barishal,Khawaja Nafay,Parvez Hossain Emon,Mohammad Nabi
2546,1,10,4,Chittagong Kings,Fortune Barishal,Parvez Hossain Emon,Khawaja Nafay,Mohammad Nabi
2546,1,10,5,Chittagong Kings,Fortune Barishal,Parvez Hossain Emon,Khawaja Nafay,Mohammad Nabi
2546,1,10,6,Chittagong Kings,Fortune Barishal,Khawaja Nafay,Parvez Hossain Emon,Mohammad Nabi
2546,1,11,1,Chittagong Kings,Fortune Barishal,Khawaja Nafay,Parvez Hossain Emon,Rishad Hossain
2546,1,11,2,Chittagong Kings,Fortune Barishal,Khawaja Nafay,Parvez Hossain Emon,Rishad Hossain
2546,1,11,3,Chittagong Kings,Fortune Barishal,Khawaja Nafay,Parvez Hossain Emon,Rishad Hossain
2546,1,11,4,Chittagong Kings,Fortune Barishal,Parvez Hossain Emon,Khawaja Nafay,Rishad Hossain
2546,1,11,5,Chittagong Kings,Fortune Barishal,Khawaja Nafay,Parvez Hossain Emon,Rishad Hossain
2546,1,11,6,Chittagong Kings,Fortune Barishal,Khawaja Nafay,Parvez Hossain Emon,Rishad Hossain
2546,1,12,1,Chittagong Kings,Fortune Barishal,Khawaja Nafay,Parvez Hossain Emon,Ebadat Hossain
2546,1,12,2,Chittagong Kings,Fortune Barishal,Parvez Hossain Emon,Khawaja Nafay,Ebadat Hossain
2546,1,12,3,Chittagong Kings,Fortune Barishal,Khawaja Nafay,Parvez Hossain Emon,Ebadat Hossain
2546,1,12,4,Chittagong Kings,Fortune Barishal,Khawaja Nafay,Parvez Hossain Emon,Ebadat Hossain
2546,1,12,5,Chittagong Kings,Fortune Barishal,G Clark,Parvez Hossain Emon,Ebadat Hossain
2546,1,12,6,Chittagong Kings,Fortune Barishal,G Clark,Parvez Hossain Emon,Ebadat Hossain
2546,1,13,1,Chittagong Kings,Fortune Barishal,Parvez Hossain Emon,G Clark,Mohammad Nabi
2546,1,13,2,Chittagong Kings,Fortune Barishal,G Clark,Parvez Hossain Emon,Mohammad Nabi
2546,1,13,3,Chittagong Kings,Fortune Barishal,G Clark,Parvez Hossain Emon,Mohammad Nabi
2546,1,13,4,Chittagong Kings,Fortune Barishal,Parvez Hossain Emon,G Clark,Mohammad Nabi
2546,1,13,5,Chittagong Kings,Fortune Barishal,G Clark,Parvez Hossain Emon,Mohammad Nabi
2546,1,13,6,Chittagong Kings,Fortune Barishal,Parvez Hossain Emon,G Clark,Mohammad Nabi
2546,1,14,1,Chittagong Kings,Fortune Barishal,Parvez Hossain Emon,G Clark,KR Mayers
2546,1,14,2,Chittagong Kings,Fortune Barishal,G Clark,Parvez Hossain Emon,KR Mayers
2546,1,14,3,Chittagong Kings,Fortune Barishal,G Clark,Parvez Hossain Emon,KR Mayers
2546,1,14,4,Chittagong Kings,Fortune Barishal,G Clark,Parvez Hossain Emon,KR Mayers
2546,1,14,5,Chittagong Kings,Fortune Barishal,G Clark,Parvez Hossain Emon,KR Mayers
2546,1,14,6,Chittagong Kings,Fortune Barishal,Parvez Hossain Emon,G Clark,KR Mayers
2546,1,15,1,Chittagong Kings,Fortune Barishal,Parvez Hossain Emon,G Clark,Tanvir Islam
2546,1,15,2,Chittagong Kings,Fortune Barishal,G Clark,Parvez Hossain Emon,Tanvir Islam
2546,1,15,3,Chittagong Kings,Fortune Barishal,G Clark,Parvez Hossain Emon,Tanvir Islam
2546,1,15,4,Chittagong Kings,Fortune Barishal,Parvez Hossain Emon,G Clark,Tanvir Islam
2546,1,15,5,Chittagong Kings,Fortune Barishal,Parvez Hossain Emon,G Clark,Tanvir Islam
2546,1,15,6,Chittagong Kings,Fortune Barishal,Parvez Hossain Emon,G Clark,Tanvir Islam
2546,1,16,1,Chittagong Kings,Fortune Barishal,G Clark,Parvez Hossain Emon,Mohammad Ali
2546,1,16,2,Chittagong Kings,Fortune Barishal,Parvez Hossain Emon,G Clark,Mohammad Ali
2546,1,16,3,Chittagong Kings,Fortune Barishal,Parvez Hossain Emon,G Clark,Mohammad Ali
2546,1,16,4,Chittagong Kings,Fortune Barishal,G Clark,Parvez Hossain Emon,Mohammad Ali
2546,1,16,5,Chittagong Kings,Fortune Barishal,Parvez Hossain Emon,G Clark,Mohammad Ali
2546,1,16,6,Chittagong Kings,Fortune Barishal,Parvez Hossain Emon,G Clark,Mohammad Ali
2546,1,17,1,Chittagong Kings,Fortune Barishal,Parvez Hossain Emon,G Clark,KR Mayers
2546,1,17,2,Chittagong Kings,Fortune Barishal,G Clark,Parvez Hossain Emon,KR Mayers
2546,1,17,3,Chittagong Kings,Fortune Barishal,Parvez Hossain Emon,G Clark,KR Mayers
2546,1,17,4,Chittagong Kings,Fortune Barishal,G Clark,Parvez Hossain Emon,KR Mayers
2546,1,17,5,Chittagong Kings,Fortune Barishal,G Clark,Parvez Hossain Emon,KR Mayers
2546,1,17,6,Chittagong Kings,Fortune Barishal,Parvez Hossain Emon,G Clark,KR Mayers
2546,1,18,1,Chittagong Kings,Fortune Barishal,Parvez Hossain Emon,G Clark,Ebadat Hossain
2546,1,18,2,Chittagong Kings,Fortune Barishal,G Clark,Parvez Hossain Emon,Ebadat Hossain
2546,1,18,3,Chittagong Kings,Fortune Barishal,G Clark,Parvez Hossain Emon,Ebadat Hossain
2546,1,18,4,Chittagong Kings,Fortune Barishal,G Clark,Parvez Hossain Emon,Ebadat Hossain
2546,1,18,5,Chittagong Kings,Fortune Barishal,G Clark,Parvez Hossain Emon,Ebadat Hossain
2546,1,18,6,Chittagong Kings,Fortune Barishal,G Clark,Parvez Hossain Emon,Ebadat Hossain
2546,1,19,1,Chittagong Kings,Fortune Barishal,G Clark,Parvez Hossain Emon,Mohammad Ali
2546,1,19,2,Chittagong Kings,Fortune Barishal,G Clark,Parvez Hossain Emon,Mohammad Ali
2546,1,19,3,Chittagong Kings,Fortune Barishal,Shamim Hossain,Parvez Hossain Emon,Mohammad Ali
2546,1,19,4,Chittagong Kings,Fortune Barishal,Shamim Hossain,Parvez Hossain Emon,Mohammad Ali
2546,1,19,5,Chittagong Kings,Fortune Barishal,Hussain Talat,Parvez Hossain Emon,Mohammad Ali
2546,1,19,6,Chittagong Kings,Fortune Barishal,Hussain Talat,Parvez Hossain Emon,Mohammad Ali
2546,2,0,1,Fortune Barishal,Chittagong Kings,Tamim Iqbal,Towhid Hridoy,B Fernando
2546,2,0,2,Fortune Barishal,Chittagong Kings,Towhid Hridoy,Tamim Iqbal,B Fernando
2546,2,0,3,Fortune Barishal,Chittagong Kings,Tamim Iqbal,Towhid Hridoy,B Fernando
2546,2,0,4,Fortune Barishal,Chittagong Kings,Tamim Iqbal,Towhid Hridoy,B Fernando
2546,2,0,5,Fortune Barishal,Chittagong Kings,Tamim Iqbal,Towhid Hridoy,B Fernando
2546,2,0,6,Fortune Barishal,Chittagong Kings,Tamim Iqbal,Towhid Hridoy,B Fernando
2546,2,1,1,Fortune Barishal,Chittagong Kings,Towhid Hridoy,Tamim Iqbal,Arafat Sunny
2546,2,1,2,Fortune Barishal,Chittagong Kings,Towhid Hridoy,Tamim Iqbal,Arafat Sunny
2546,2,1,3,Fortune Barishal,Chittagong Kings,Towhid Hridoy,Tamim Iqbal,Arafat Sunny
2546,2,1,4,Fortune Barishal,Chittagong Kings,Towhid Hridoy,Tamim Iqbal,Arafat Sunny
2546,2,1,5,Fortune Barishal,Chittagong Kings,Towhid Hridoy,Tamim Iqbal,Arafat Sunny
2546,2,1,6,Fortune Barishal,Chittagong Kings,Towhid Hridoy,Tamim Iqbal,Arafat Sunny
2546,2,2,1,Fortune Barishal,Chittagong Kings,Tamim Iqbal,Towhid Hridoy,Shoriful Islam
2546,2,2,2,Fortune Barishal,Chittagong Kings,Tamim Iqbal,Towhid Hridoy,Shoriful Islam
2546,2,2,3,Fortune Barishal,Chittagong Kings,Tamim Iqbal,Towhid Hridoy,Shoriful Islam
2546,2,2,4,Fortune Barishal,Chittagong Kings,Tamim Iqbal,Towhid Hridoy,Shoriful Islam
2546,2,2,5,Fortune Barishal,Chittagong Kings,Tamim Iqbal,Towhid Hridoy,Shoriful Islam
2546,2,2,6,Fortune Barishal,Chittagong Kings,Tamim Iqbal,Towhid Hridoy,Shoriful Islam
2546,2,3,1,Fortune Barishal,Chittagong Kings,Towhid Hridoy,Tamim Iqbal,Khaled Ahmed
2546,2,3,2,Fortune Barishal,Chittagong Kings,Tamim Iqbal,Towhid Hridoy,Khaled Ahmed
2546,2,3,3,Fortune Barishal,Chittagong Kings,Tamim Iqbal,Towhid Hridoy,Khaled Ahmed
2546,2,3,4,Fortune Barishal,Chittagong Kings,Tamim Iqbal,Towhid Hridoy,Khaled Ahmed
2546,2,3,5,Fortune Barishal,Chittagong Kings,Towhid Hridoy,Tamim Iqbal,Khaled Ahmed
2546,2,3,6,Fortune Barishal,Chittagong Kings,Tamim Iqbal,Towhid Hridoy,Khaled Ahmed
2546,2,4,1,Fortune Barishal,Chittagong Kings,Towhid Hridoy,Tamim Iqbal,B Fernando
2546,2,4,2,Fortune Barishal,Chittagong Kings,Tamim Iqbal,Towhid Hridoy,B Fernando
2546,2,4,3,Fortune Barishal,Chittagong Kings,Towhid Hridoy,Tamim Iqbal,B Fernando
2546,2,4,4,Fortune Barishal,Chittagong Kings,Towhid Hridoy,Tamim Iqbal,B Fernando
2546,2,4,5,Fortune Barishal,Chittagong Kings,Tamim Iqbal,Towhid Hridoy,B Fernando
2546,2,4,6,Fortune Barishal,Chittagong Kings,Tamim Iqbal,Towhid Hridoy,B Fernando
2546,2,5,1,Fortune Barishal,Chittagong Kings,Tamim Iqbal,Towhid Hridoy,Khaled Ahmed
2546,2,5,2,Fortune Barishal,Chittagong Kings,Towhid Hridoy,Tamim Iqbal,Khaled Ahmed
2546,2,5,3,Fortune Barishal,Chittagong Kings,Towhid Hridoy,Tamim Iqbal,Khaled Ahmed
2546,2,5,4,Fortune Barishal,Chittagong Kings,Towhid Hridoy,Tamim Iqbal,Khaled Ahmed
2546,2,5,5,Fortune Barishal,Chittagong Kings,Tamim Iqbal,Towhid Hridoy,Khaled Ahmed
2546,2,5,6,Fortune Barishal,Chittagong Kings,Tamim Iqbal,Towhid Hridoy,Khaled Ahmed
2546,2,6,1,Fortune Barishal,Chittagong Kings,Towhid Hridoy,Tamim Iqbal,Arafat Sunny
2546,2,6,2,Fortune Barishal,Chittagong Kings,Towhid Hridoy,Tamim Iqbal,Arafat Sunny
2546,2,6,3,Fortune Barishal,Chittagong Kings,Tamim Iqbal,Towhid Hridoy,Arafat Sunny
2546,2,6,4,Fortune Barishal,Chittagong Kings,Tamim Iqbal,Towhid Hridoy,Arafat Sunny
2546,2,6,5,Fortune Barishal,Chittagong Kings,Tamim Iqbal,Towhid Hridoy,Arafat Sunny
2546,2,6,6,Fortune Barishal,Chittagong Kings,Tamim Iqbal,Towhid Hridoy,Arafat Sunny
2546,2,7,1,Fortune Barishal,Chittagong Kings,Towhid Hridoy,Tamim Iqbal,Hussain Talat
2546,2,7,2,Fortune Barishal,Chittagong Kings,Tamim Iqbal,Towhid Hridoy,Hussain Talat
2546,2,7,3,Fortune Barishal,Chittagong Kings,Towhid Hridoy,Tamim Iqbal,Hussain Talat
2546,2,7,4,Fortune Barishal,Chittagong Kings,Tamim Iqbal,Towhid Hridoy,Hussain Talat
2546,2,7,5,Fortune Barishal,Chittagong Kings,Towhid Hridoy,Tamim Iqbal,Hussain Talat
2546,2,7,6,Fortune Barishal,Chittagong Kings,Tamim Iqbal,Towhid Hridoy,Hussain Talat
2546,2,8,1,Fortune Barishal,Chittagong Kings,Tamim Iqbal,Towhid Hridoy,Shoriful Islam
2546,2,8,2,Fortune Barishal,Chittagong Kings,DJ Malan,Towhid Hridoy,Shoriful Islam
2546,2,8,3,Fortune Barishal,Chittagong Kings,Towhid Hridoy,DJ Malan,Shoriful Islam
2546,2,8,4,Fortune Barishal,Chittagong Kings,DJ Malan,Towhid Hridoy,Shoriful Islam
2546,2,8,5,Fortune Barishal,Chittagong Kings,KR Mayers,Towhid Hridoy,Shoriful Islam
2546,2,8,6,Fortune Barishal,Chittagong Kings,Towhid Hridoy,KR Mayers,Shoriful Islam
2546,2,9,1,Fortune Barishal,Chittagong Kings,Towhid Hridoy,KR Mayers,Hussain Talat
2546,2,9,2,Fortune Barishal,Chittagong Kings,KR Mayers,Towhid Hridoy,Hussain Talat
2546,2,9,3,Fortune Barishal,Chittagong Kings,Towhid Hridoy,KR Mayers,Hussain Talat
2546,2,9,4,Fortune Barishal,Chittagong Kings,Towhid Hridoy,KR Mayers,Hussain Talat
2546,2,9,5,Fortune Barishal,Chittagong Kings,Towhid Hridoy,KR Mayers,Hussain Talat
2546,2,9,6,Fortune Barishal,Chittagong Kings,Towhid Hridoy,KR Mayers,Hussain Talat
2546,2,9,7,Fortune Barishal,Chittagong Kings,KR Mayers,Towhid Hridoy,Hussain Talat
2546,2,10,1,Fortune Barishal,Chittagong Kings,KR Mayers,Towhid Hridoy,Naeem Islam
2546,2,10,2,Fortune Barishal,Chittagong Kings,Towhid Hridoy,KR Mayers,Naeem Islam
2546,2,10,3,Fortune Barishal,Chittagong Kings,Mushfiqur Rahim,KR Mayers,Naeem Islam
2546,2,10,4,Fortune Barishal,Chittagong Kings,KR Mayers,Mushfiqur Rahim,Naeem Islam
2546,2,10,5,Fortune Barishal,Chittagong Kings,Mushfiqur Rahim,KR Mayers,Naeem Islam
2546,2,10,6,Fortune Barishal,Chittagong Kings,Mushfiqur Rahim,KR Mayers,Naeem Islam
2546,2,11,1,Fortune Barishal,Chittagong Kings,Mushfiqur Rahim,KR Mayers,Hussain Talat
2546,2,11,2,Fortune Barishal,Chittagong Kings,KR Mayers,Mushfiqur Rahim,Hussain Talat
2546,2,11,3,Fortune Barishal,Chittagong Kings,KR Mayers,Mushfiqur Rahim,Hussain Talat
2546,2,11,4,Fortune Barishal,Chittagong Kings,KR Mayers,Mushfiqur Rahim,Hussain Talat
2546,2,11,5,Fortune Barishal,Chittagong Kings,Mushfiqur Rahim,KR Mayers,Hussain Talat
2546,2,11,6,Fortune Barishal,Chittagong Kings,KR Mayers,Mushfiqur Rahim,Hussain Talat
2546,2,12,1,Fortune Barishal,Chittagong Kings,Mushfiqur Rahim,KR Mayers,Naeem Islam
2546,2,12,2,Fortune Barishal,Chittagong Kings,Mushfiqur Rahim,KR Mayers,Naeem Islam
2546,2,12,3,Fortune Barishal,Chittagong Kings,Mushfiqur Rahim,KR Mayers,Naeem Islam
2546,2,12,4,Fortune Barishal,Chittagong Kings,Mushfiqur Rahim,KR Mayers,Naeem Islam
2546,2,12,5,Fortune Barishal,Chittagong Kings,Mahmudullah,KR Mayers,Naeem Islam
2546,2,12,6,Fortune Barishal,Chittagong Kings,KR Mayers,Mahmudullah,Naeem Islam
2546,2,13,1,Fortune Barishal,Chittagong Kings,KR Mayers,Mahmudullah,Khaled Ahmed
2546,2,13,2,Fortune Barishal,Chittagong Kings,KR Mayers,Mahmudullah,Khaled Ahmed
2546,2,13,3,Fortune Barishal,Chittagong Kings,KR Mayers,Mahmudullah,Khaled Ahmed
2546,2,13,4,Fortune Barishal,Chittagong Kings,KR Mayers,Mahmudullah,Khaled Ahmed
2546,2,13,5,Fortune Barishal,Chittagong Kings,Mahmudullah,KR Mayers,Khaled Ahmed
2546,2,13,6,Fortune Barishal,Chittagong Kings,KR Mayers,Mahmudullah,Khaled Ahmed
2546,2,13,7,Fortune Barishal,Chittagong Kings,Mahmudullah,KR Mayers,Khaled Ahmed
2546,2,13,8,Fortune Barishal,Chittagong Kings,Mahmudullah,KR Mayers,Khaled Ahmed
2546,2,14,1,Fortune Barishal,Chittagong Kings,KR Mayers,Mahmudullah,Shoriful Islam
2546,2,14,2,Fortune Barishal,Chittagong Kings,KR Mayers,Mahmudullah,Shoriful Islam
2546,2,14,3,Fortune Barishal,Chittagong Kings,KR Mayers,Mahmudullah,Shoriful Islam
2546,2,14,4,Fortune Barishal,Chittagong Kings,Mahmudullah,KR Mayers,Shoriful Islam
2546,2,14,5,Fortune Barishal,Chittagong Kings,KR Mayers,Mahmudullah,Shoriful Islam
2546,2,14,6,Fortune Barishal,Chittagong Kings,KR Mayers,Mahmudullah,Shoriful Islam
2546,2,14,7,Fortune Barishal,Chittagong Kings,KR Mayers,Mahmudullah,Shoriful Islam
2546,2,14,8,Fortune Barishal,Chittagong Kings,KR Mayers,Mahmudullah,Shoriful Islam
2546,2,15,1,Fortune Barishal,Chittagong Kings,Mahmudullah,KR Mayers,B Fernando
2546,2,15,2,Fortune Barishal,Chittagong Kings,KR Mayers,Mahmudullah,B Fernando
2546,2,15,3,Fortune Barishal,Chittagong Kings,KR Mayers,Mahmudullah,B Fernando
2546,2,15,4,Fortune Barishal,Chittagong Kings,KR Mayers,Mahmudullah,B Fernando
2546,2,15,5,Fortune Barishal,Chittagong Kings,KR Mayers,Mahmudullah,B Fernando
2546,2,15,6,Fortune Barishal,Chittagong Kings,KR Mayers,Mahmudullah,B Fernando
2546,2,15,7,Fortune Barishal,Chittagong Kings,KR Mayers,Mahmudullah,B Fernando
2546,2,15,8,Fortune Barishal,Chittagong Kings,KR Mayers,Mahmudullah,B Fernando
2546,2,16,1,Fortune Barishal,Chittagong Kings,KR Mayers,Mahmudullah,Khaled Ahmed
2546,2,16,2,Fortune Barishal,Chittagong Kings,Mahmudullah,KR Mayers,Khaled Ahmed
2546,2,16,3,Fortune Barishal,Chittagong Kings,Mahmudullah,KR Mayers,Khaled Ahmed
2546,2,16,4,Fortune Barishal,Chittagong Kings,Mahmudullah,KR Mayers,Khaled Ahmed
2546,2,16,5,Fortune Barishal,Chittagong Kings,KR Mayers,Mahmudullah,Khaled Ahmed
2546,2,16,6,Fortune Barishal,Chittagong Kings,KR Mayers,Mahmudullah,Khaled Ahmed
2546,2,17,1,Fortune Barishal,Chittagong Kings,KR Mayers,Mahmudullah,Shoriful Islam
2546,2,17,2,Fortune Barishal,Chittagong Kings,Mahmudullah,KR Mayers,Shoriful Islam
2546,2,17,3,Fortune Barishal,Chittagong Kings,KR Mayers,Mahmudullah,Shoriful Islam
2546,2,17,4,Fortune Barishal,Chittagong Kings,Mohammad Nabi,Mahmudullah,Shoriful Islam
2546,2,17,5,Fortune Barishal,Chittagong Kings,Mahmudullah,Mohammad Nabi,Shoriful Islam
2546,2,17,6,Fortune Barishal,Chittagong Kings,Rishad Hossain,Mohammad Nabi,Shoriful Islam
2546,2,18,1,Fortune Barishal,Chittagong Kings,Mohammad Nabi,Rishad Hossain,B Fernando
2546,2,18,2,Fortune Barishal,Chittagong Kings,Mohammad Nabi,Rishad Hossain,B Fernando
2546,2,18,3,Fortune Barishal,Chittagong Kings,Rishad Hossain,Mohammad Nabi,B Fernando
2546,2,18,4,Fortune Barishal,Chittagong Kings,Rishad Hossain,Mohammad Nabi,B Fernando
2546,2,18,5,Fortune Barishal,Chittagong Kings,Rishad Hossain,Mohammad Nabi,B Fernando
2546,2,18,6,Fortune Barishal,Chittagong Kings,Mohammad Nabi,Rishad Hossain,B Fernando
2546,2,19,1,Fortune Barishal,Chittagong Kings,Rishad Hossain,Tanvir Islam,Hussain Talat
2546,2,19,2,Fortune Barishal,Chittagong Kings,Rishad Hossain,Tanvir Islam,Hussain Talat
2546,2,19,3,Fortune Barishal,Chittagong Kings,Tanvir Islam,Rishad Hossain,Hussain Talat
2546,2,19,4,Fortune Barishal,Chittagong Kings,Tanvir Islam,Rishad Hossain,Hussain Talat
