MATCHID,INNINGSNO,OVERNO,BALL_NO,TEAMBATTING,TEAM_BOWLING,STRIKER,NON_STRIKER,BOWLER
2517,1,0,1,Sylhet Strikers,Khulna Tigers,Rony Talukdar,RRS Cornwall,Abu Hider
2517,1,0,2,Sylhet Strikers,Khulna Tigers,Rony Talukdar,RRS Cornwall,Abu Hider
2517,1,0,3,Sylhet Strikers,Khulna Tigers,Rony Talukdar,RRS Cornwall,Abu Hider
2517,1,0,4,Sylhet Strikers,Khulna Tigers,RRS Cornwall,Rony Talukdar,Abu Hider
2517,1,0,5,Sylhet Strikers,Khulna Tigers,RRS Cornwall,Rony Talukdar,Abu Hider
2517,1,0,6,Sylhet Strikers,Khulna Tigers,RRS Cornwall,Rony Talukdar,Abu Hider
2517,1,1,1,Sylhet Strikers,Khulna Tigers,Rony Talukdar,RRS Cornwall,Nasum Ahmed
2517,1,1,2,Sylhet Strikers,Khulna Tigers,Rony Talukdar,RRS Cornwall,Nasum Ahmed
2517,1,1,3,Sylhet Strikers,Khulna Tigers,Rony Talukdar,RRS Cornwall,Nasum Ahmed
2517,1,1,4,Sylhet Strikers,Khulna Tigers,Rony Talukdar,RRS Cornwall,Nasum Ahmed
2517,1,1,5,Sylhet Strikers,Khulna Tigers,Rony Talukdar,RRS Cornwall,Nasum Ahmed
2517,1,1,6,Sylhet Strikers,Khulna Tigers,RRS Cornwall,Rony Talukdar,Nasum Ahmed
2517,1,2,1,Sylhet Strikers,Khulna Tigers,Rony Talukdar,RRS Cornwall,Abu Hider
2517,1,2,2,Sylhet Strikers,Khulna Tigers,Rony Talukdar,RRS Cornwall,Abu Hider
2517,1,2,3,Sylhet Strikers,Khulna Tigers,Rony Talukdar,RRS Cornwall,Abu Hider
2517,1,2,4,Sylhet Strikers,Khulna Tigers,RRS Cornwall,Rony Talukdar,Abu Hider
2517,1,2,5,Sylhet Strikers,Khulna Tigers,HG Munsey,Rony Talukdar,Abu Hider
2517,1,2,6,Sylhet Strikers,Khulna Tigers,Rony Talukdar,HG Munsey,Abu Hider
2517,1,3,1,Sylhet Strikers,Khulna Tigers,Rony Talukdar,HG Munsey,Mehedi Hasan Miraz
2517,1,3,2,Sylhet Strikers,Khulna Tigers,HG Munsey,Rony Talukdar,Mehedi Hasan Miraz
2517,1,3,3,Sylhet Strikers,Khulna Tigers,HG Munsey,Rony Talukdar,Mehedi Hasan Miraz
2517,1,3,4,Sylhet Strikers,Khulna Tigers,HG Munsey,Rony Talukdar,Mehedi Hasan Miraz
2517,1,3,5,Sylhet Strikers,Khulna Tigers,HG Munsey,Rony Talukdar,Mehedi Hasan Miraz
2517,1,3,6,Sylhet Strikers,Khulna Tigers,Rony Talukdar,HG Munsey,Mehedi Hasan Miraz
2517,1,4,1,Sylhet Strikers,Khulna Tigers,HG Munsey,Rony Talukdar,Nasum Ahmed
2517,1,4,2,Sylhet Strikers,Khulna Tigers,HG Munsey,Rony Talukdar,Nasum Ahmed
2517,1,4,3,Sylhet Strikers,Khulna Tigers,Zakir Hasan,Rony Talukdar,Nasum Ahmed
2517,1,4,4,Sylhet Strikers,Khulna Tigers,Zakir Hasan,Rony Talukdar,Nasum Ahmed
2517,1,4,5,Sylhet Strikers,Khulna Tigers,Zakir Hasan,Rony Talukdar,Nasum Ahmed
2517,1,4,6,Sylhet Strikers,Khulna Tigers,Rony Talukdar,Zakir Hasan,Nasum Ahmed
2517,1,5,1,Sylhet Strikers,Khulna Tigers,Rony Talukdar,Zakir Hasan,Hasan Mahmud
2517,1,5,2,Sylhet Strikers,Khulna Tigers,Rony Talukdar,Zakir Hasan,Hasan Mahmud
2517,1,5,3,Sylhet Strikers,Khulna Tigers,Zakir Hasan,Rony Talukdar,Hasan Mahmud
2517,1,5,4,Sylhet Strikers,Khulna Tigers,Rony Talukdar,Zakir Hasan,Hasan Mahmud
2517,1,5,5,Sylhet Strikers,Khulna Tigers,Zakir Hasan,Rony Talukdar,Hasan Mahmud
2517,1,5,6,Sylhet Strikers,Khulna Tigers,Rony Talukdar,Zakir Hasan,Hasan Mahmud
2517,1,6,1,Sylhet Strikers,Khulna Tigers,Zakir Hasan,Rony Talukdar,Mohammad Nawaz
2517,1,6,2,Sylhet Strikers,Khulna Tigers,Zakir Hasan,Rony Talukdar,Mohammad Nawaz
2517,1,6,3,Sylhet Strikers,Khulna Tigers,Zakir Hasan,Rony Talukdar,Mohammad Nawaz
2517,1,6,4,Sylhet Strikers,Khulna Tigers,Zakir Hasan,Rony Talukdar,Mohammad Nawaz
2517,1,6,5,Sylhet Strikers,Khulna Tigers,Rony Talukdar,Zakir Hasan,Mohammad Nawaz
2517,1,6,6,Sylhet Strikers,Khulna Tigers,Zakir Hasan,Rony Talukdar,Mohammad Nawaz
2517,1,7,1,Sylhet Strikers,Khulna Tigers,Zakir Hasan,Rony Talukdar,Hasan Mahmud
2517,1,7,2,Sylhet Strikers,Khulna Tigers,Rony Talukdar,Zakir Hasan,Hasan Mahmud
2517,1,7,3,Sylhet Strikers,Khulna Tigers,Rony Talukdar,Zakir Hasan,Hasan Mahmud
2517,1,7,4,Sylhet Strikers,Khulna Tigers,Zakir Hasan,Rony Talukdar,Hasan Mahmud
2517,1,7,5,Sylhet Strikers,Khulna Tigers,Rony Talukdar,Zakir Hasan,Hasan Mahmud
2517,1,7,6,Sylhet Strikers,Khulna Tigers,Zakir Hasan,Rony Talukdar,Hasan Mahmud
2517,1,7,7,Sylhet Strikers,Khulna Tigers,Rony Talukdar,Zakir Hasan,Hasan Mahmud
2517,1,8,1,Sylhet Strikers,Khulna Tigers,Rony Talukdar,Zakir Hasan,Mehedi Hasan Miraz
2517,1,8,2,Sylhet Strikers,Khulna Tigers,Zakir Hasan,Rony Talukdar,Mehedi Hasan Miraz
2517,1,8,3,Sylhet Strikers,Khulna Tigers,Zakir Hasan,Rony Talukdar,Mehedi Hasan Miraz
2517,1,8,4,Sylhet Strikers,Khulna Tigers,Rony Talukdar,Zakir Hasan,Mehedi Hasan Miraz
2517,1,8,5,Sylhet Strikers,Khulna Tigers,Rony Talukdar,Zakir Hasan,Mehedi Hasan Miraz
2517,1,8,6,Sylhet Strikers,Khulna Tigers,Rony Talukdar,Zakir Hasan,Mehedi Hasan Miraz
2517,1,9,1,Sylhet Strikers,Khulna Tigers,Zakir Hasan,Rony Talukdar,Nasum Ahmed
2517,1,9,2,Sylhet Strikers,Khulna Tigers,Zakir Hasan,Rony Talukdar,Nasum Ahmed
2517,1,9,3,Sylhet Strikers,Khulna Tigers,Zakir Hasan,Rony Talukdar,Nasum Ahmed
2517,1,9,4,Sylhet Strikers,Khulna Tigers,Zakir Hasan,Rony Talukdar,Nasum Ahmed
2517,1,9,5,Sylhet Strikers,Khulna Tigers,Rony Talukdar,Zakir Hasan,Nasum Ahmed
2517,1,9,6,Sylhet Strikers,Khulna Tigers,Zakir Hasan,Rony Talukdar,Nasum Ahmed
2517,1,10,1,Sylhet Strikers,Khulna Tigers,Rony Talukdar,Zakir Hasan,Ziaur Rahman
2517,1,10,2,Sylhet Strikers,Khulna Tigers,Rony Talukdar,Zakir Hasan,Ziaur Rahman
2517,1,10,3,Sylhet Strikers,Khulna Tigers,Zakir Hasan,Rony Talukdar,Ziaur Rahman
2517,1,10,4,Sylhet Strikers,Khulna Tigers,Rony Talukdar,Zakir Hasan,Ziaur Rahman
2517,1,10,5,Sylhet Strikers,Khulna Tigers,Rony Talukdar,Zakir Hasan,Ziaur Rahman
2517,1,10,6,Sylhet Strikers,Khulna Tigers,Zakir Hasan,Rony Talukdar,Ziaur Rahman
2517,1,11,1,Sylhet Strikers,Khulna Tigers,Zakir Hasan,Rony Talukdar,Mehedi Hasan Miraz
2517,1,11,2,Sylhet Strikers,Khulna Tigers,Zakir Hasan,Rony Talukdar,Mehedi Hasan Miraz
2517,1,11,3,Sylhet Strikers,Khulna Tigers,Zakir Hasan,Rony Talukdar,Mehedi Hasan Miraz
2517,1,11,4,Sylhet Strikers,Khulna Tigers,Rony Talukdar,Zakir Hasan,Mehedi Hasan Miraz
2517,1,11,5,Sylhet Strikers,Khulna Tigers,Rony Talukdar,Zakir Hasan,Mehedi Hasan Miraz
2517,1,11,6,Sylhet Strikers,Khulna Tigers,Zakir Hasan,Rony Talukdar,Mehedi Hasan Miraz
2517,1,12,1,Sylhet Strikers,Khulna Tigers,Zakir Hasan,Rony Talukdar,Ziaur Rahman
2517,1,12,2,Sylhet Strikers,Khulna Tigers,Rony Talukdar,Zakir Hasan,Ziaur Rahman
2517,1,12,3,Sylhet Strikers,Khulna Tigers,Rony Talukdar,Zakir Hasan,Ziaur Rahman
2517,1,12,4,Sylhet Strikers,Khulna Tigers,Zakir Hasan,Rony Talukdar,Ziaur Rahman
2517,1,12,5,Sylhet Strikers,Khulna Tigers,Rony Talukdar,Zakir Hasan,Ziaur Rahman
2517,1,12,6,Sylhet Strikers,Khulna Tigers,Zakir Hasan,Rony Talukdar,Ziaur Rahman
2517,1,13,1,Sylhet Strikers,Khulna Tigers,Rony Talukdar,Zakir Hasan,Mohammad Nawaz
2517,1,13,2,Sylhet Strikers,Khulna Tigers,Rony Talukdar,Zakir Hasan,Mohammad Nawaz
2517,1,13,3,Sylhet Strikers,Khulna Tigers,Rony Talukdar,Zakir Hasan,Mohammad Nawaz
2517,1,13,4,Sylhet Strikers,Khulna Tigers,Zakir Hasan,Rony Talukdar,Mohammad Nawaz
2517,1,13,5,Sylhet Strikers,Khulna Tigers,Rony Talukdar,Zakir Hasan,Mohammad Nawaz
2517,1,13,6,Sylhet Strikers,Khulna Tigers,Zakir Hasan,Rony Talukdar,Mohammad Nawaz
2517,1,14,1,Sylhet Strikers,Khulna Tigers,Rony Talukdar,Zakir Hasan,Abu Hider
2517,1,14,2,Sylhet Strikers,Khulna Tigers,Zakir Hasan,Rony Talukdar,Abu Hider
2517,1,14,3,Sylhet Strikers,Khulna Tigers,Rony Talukdar,Zakir Hasan,Abu Hider
2517,1,14,4,Sylhet Strikers,Khulna Tigers,Aaron Jones,Zakir Hasan,Abu Hider
2517,1,14,5,Sylhet Strikers,Khulna Tigers,Zakir Hasan,Aaron Jones,Abu Hider
2517,1,14,6,Sylhet Strikers,Khulna Tigers,Zakir Hasan,Aaron Jones,Abu Hider
2517,1,15,1,Sylhet Strikers,Khulna Tigers,Zakir Hasan,Aaron Jones,Mehedi Hasan Miraz
2517,1,15,2,Sylhet Strikers,Khulna Tigers,Aaron Jones,Zakir Hasan,Mehedi Hasan Miraz
2517,1,15,3,Sylhet Strikers,Khulna Tigers,Aaron Jones,Zakir Hasan,Mehedi Hasan Miraz
2517,1,15,4,Sylhet Strikers,Khulna Tigers,Aaron Jones,Zakir Hasan,Mehedi Hasan Miraz
2517,1,15,5,Sylhet Strikers,Khulna Tigers,Zakir Hasan,Aaron Jones,Mehedi Hasan Miraz
2517,1,15,6,Sylhet Strikers,Khulna Tigers,Zakir Hasan,Aaron Jones,Mehedi Hasan Miraz
2517,1,16,1,Sylhet Strikers,Khulna Tigers,Aaron Jones,Zakir Hasan,Ziaur Rahman
2517,1,16,2,Sylhet Strikers,Khulna Tigers,Aaron Jones,Zakir Hasan,Ziaur Rahman
2517,1,16,3,Sylhet Strikers,Khulna Tigers,Aaron Jones,Zakir Hasan,Ziaur Rahman
2517,1,16,4,Sylhet Strikers,Khulna Tigers,Jaker Ali,Zakir Hasan,Ziaur Rahman
2517,1,16,5,Sylhet Strikers,Khulna Tigers,Ariful Haque,Zakir Hasan,Ziaur Rahman
2517,1,16,6,Sylhet Strikers,Khulna Tigers,Ariful Haque,Zakir Hasan,Ziaur Rahman
2517,1,16,7,Sylhet Strikers,Khulna Tigers,Zakir Hasan,Ariful Haque,Ziaur Rahman
2517,1,16,8,Sylhet Strikers,Khulna Tigers,Zakir Hasan,Ariful Haque,Ziaur Rahman
2517,1,17,1,Sylhet Strikers,Khulna Tigers,Ariful Haque,Zakir Hasan,Hasan Mahmud
2517,1,17,2,Sylhet Strikers,Khulna Tigers,Zakir Hasan,Ariful Haque,Hasan Mahmud
2517,1,17,3,Sylhet Strikers,Khulna Tigers,Ariful Haque,Zakir Hasan,Hasan Mahmud
2517,1,17,4,Sylhet Strikers,Khulna Tigers,Zakir Hasan,Ariful Haque,Hasan Mahmud
2517,1,17,5,Sylhet Strikers,Khulna Tigers,Zakir Hasan,Ariful Haque,Hasan Mahmud
2517,1,17,6,Sylhet Strikers,Khulna Tigers,Ariful Haque,Zakir Hasan,Hasan Mahmud
2517,1,18,1,Sylhet Strikers,Khulna Tigers,Ariful Haque,Zakir Hasan,Abu Hider
2517,1,18,2,Sylhet Strikers,Khulna Tigers,Ariful Haque,Zakir Hasan,Abu Hider
2517,1,18,3,Sylhet Strikers,Khulna Tigers,Ariful Haque,Zakir Hasan,Abu Hider
2517,1,18,4,Sylhet Strikers,Khulna Tigers,Zakir Hasan,Ariful Haque,Abu Hider
2517,1,18,5,Sylhet Strikers,Khulna Tigers,Ariful Haque,Zakir Hasan,Abu Hider
2517,1,18,6,Sylhet Strikers,Khulna Tigers,Ariful Haque,Zakir Hasan,Abu Hider
2517,1,19,1,Sylhet Strikers,Khulna Tigers,Ariful Haque,Zakir Hasan,Hasan Mahmud
2517,1,19,2,Sylhet Strikers,Khulna Tigers,Zakir Hasan,Ariful Haque,Hasan Mahmud
2517,1,19,3,Sylhet Strikers,Khulna Tigers,Zakir Hasan,Ariful Haque,Hasan Mahmud
2517,1,19,4,Sylhet Strikers,Khulna Tigers,Ariful Haque,Zakir Hasan,Hasan Mahmud
2517,1,19,5,Sylhet Strikers,Khulna Tigers,Zakir Hasan,Ariful Haque,Hasan Mahmud
2517,1,19,6,Sylhet Strikers,Khulna Tigers,Zakir Hasan,Ariful Haque,Hasan Mahmud
2517,1,19,7,Sylhet Strikers,Khulna Tigers,Ariful Haque,Zakir Hasan,Hasan Mahmud
2517,2,0,1,Khulna Tigers,Sylhet Strikers,WG Bosisto,Mohammad Naim,RRS Cornwall
2517,2,0,2,Khulna Tigers,Sylhet Strikers,WG Bosisto,Mohammad Naim,RRS Cornwall
2517,2,0,3,Khulna Tigers,Sylhet Strikers,WG Bosisto,Mohammad Naim,RRS Cornwall
2517,2,0,4,Khulna Tigers,Sylhet Strikers,WG Bosisto,Mohammad Naim,RRS Cornwall
2517,2,0,5,Khulna Tigers,Sylhet Strikers,WG Bosisto,Mohammad Naim,RRS Cornwall
2517,2,0,6,Khulna Tigers,Sylhet Strikers,WG Bosisto,Mohammad Naim,RRS Cornwall
2517,2,0,7,Khulna Tigers,Sylhet Strikers,WG Bosisto,Mohammad Naim,RRS Cornwall
2517,2,1,1,Khulna Tigers,Sylhet Strikers,WG Bosisto,Mohammad Naim,Nahidul Islam
2517,2,1,2,Khulna Tigers,Sylhet Strikers,WG Bosisto,Mohammad Naim,Nahidul Islam
2517,2,1,3,Khulna Tigers,Sylhet Strikers,Mohammad Naim,WG Bosisto,Nahidul Islam
2517,2,1,4,Khulna Tigers,Sylhet Strikers,WG Bosisto,Mohammad Naim,Nahidul Islam
2517,2,1,5,Khulna Tigers,Sylhet Strikers,WG Bosisto,Mohammad Naim,Nahidul Islam
2517,2,1,6,Khulna Tigers,Sylhet Strikers,Mohammad Naim,WG Bosisto,Nahidul Islam
2517,2,2,1,Khulna Tigers,Sylhet Strikers,Mohammad Naim,WG Bosisto,RRS Cornwall
2517,2,2,2,Khulna Tigers,Sylhet Strikers,Mohammad Naim,WG Bosisto,RRS Cornwall
2517,2,2,3,Khulna Tigers,Sylhet Strikers,Mohammad Naim,WG Bosisto,RRS Cornwall
2517,2,2,4,Khulna Tigers,Sylhet Strikers,Mohammad Naim,WG Bosisto,RRS Cornwall
2517,2,2,5,Khulna Tigers,Sylhet Strikers,Mohammad Naim,WG Bosisto,RRS Cornwall
2517,2,2,6,Khulna Tigers,Sylhet Strikers,Mohammad Naim,WG Bosisto,RRS Cornwall
2517,2,3,1,Khulna Tigers,Sylhet Strikers,Mohammad Naim,WG Bosisto,Nahidul Islam
2517,2,3,2,Khulna Tigers,Sylhet Strikers,Imrul Kayes,WG Bosisto,Nahidul Islam
2517,2,3,3,Khulna Tigers,Sylhet Strikers,WG Bosisto,Imrul Kayes,Nahidul Islam
2517,2,3,4,Khulna Tigers,Sylhet Strikers,WG Bosisto,Imrul Kayes,Nahidul Islam
2517,2,3,5,Khulna Tigers,Sylhet Strikers,WG Bosisto,Imrul Kayes,Nahidul Islam
2517,2,3,6,Khulna Tigers,Sylhet Strikers,Imrul Kayes,WG Bosisto,Nahidul Islam
2517,2,4,1,Khulna Tigers,Sylhet Strikers,Imrul Kayes,WG Bosisto,Tanzim Hasan Sakib
2517,2,4,2,Khulna Tigers,Sylhet Strikers,Darwish Rasooli,WG Bosisto,Tanzim Hasan Sakib
2517,2,4,3,Khulna Tigers,Sylhet Strikers,WG Bosisto,Darwish Rasooli,Tanzim Hasan Sakib
2517,2,4,4,Khulna Tigers,Sylhet Strikers,Darwish Rasooli,WG Bosisto,Tanzim Hasan Sakib
2517,2,4,5,Khulna Tigers,Sylhet Strikers,Darwish Rasooli,WG Bosisto,Tanzim Hasan Sakib
2517,2,4,6,Khulna Tigers,Sylhet Strikers,Darwish Rasooli,WG Bosisto,Tanzim Hasan Sakib
2517,2,4,7,Khulna Tigers,Sylhet Strikers,Darwish Rasooli,WG Bosisto,Tanzim Hasan Sakib
2517,2,5,1,Khulna Tigers,Sylhet Strikers,WG Bosisto,Darwish Rasooli,RJW Topley
2517,2,5,2,Khulna Tigers,Sylhet Strikers,WG Bosisto,Darwish Rasooli,RJW Topley
2517,2,5,3,Khulna Tigers,Sylhet Strikers,Darwish Rasooli,WG Bosisto,RJW Topley
2517,2,5,4,Khulna Tigers,Sylhet Strikers,Darwish Rasooli,WG Bosisto,RJW Topley
2517,2,5,5,Khulna Tigers,Sylhet Strikers,Darwish Rasooli,WG Bosisto,RJW Topley
2517,2,5,6,Khulna Tigers,Sylhet Strikers,Darwish Rasooli,WG Bosisto,RJW Topley
2517,2,5,7,Khulna Tigers,Sylhet Strikers,Darwish Rasooli,WG Bosisto,RJW Topley
2517,2,6,1,Khulna Tigers,Sylhet Strikers,WG Bosisto,Mehedi Hasan Miraz,Ruyel Miah
2517,2,6,2,Khulna Tigers,Sylhet Strikers,WG Bosisto,Mehedi Hasan Miraz,Ruyel Miah
2517,2,6,3,Khulna Tigers,Sylhet Strikers,WG Bosisto,Mehedi Hasan Miraz,Ruyel Miah
2517,2,6,4,Khulna Tigers,Sylhet Strikers,WG Bosisto,Mehedi Hasan Miraz,Ruyel Miah
2517,2,6,5,Khulna Tigers,Sylhet Strikers,Mehedi Hasan Miraz,WG Bosisto,Ruyel Miah
2517,2,6,6,Khulna Tigers,Sylhet Strikers,WG Bosisto,Mehedi Hasan Miraz,Ruyel Miah
2517,2,6,7,Khulna Tigers,Sylhet Strikers,Mehedi Hasan Miraz,WG Bosisto,Ruyel Miah
2517,2,6,8,Khulna Tigers,Sylhet Strikers,WG Bosisto,Mehedi Hasan Miraz,Ruyel Miah
2517,2,7,1,Khulna Tigers,Sylhet Strikers,Mehedi Hasan Miraz,WG Bosisto,Nahidul Islam
2517,2,7,2,Khulna Tigers,Sylhet Strikers,WG Bosisto,Mehedi Hasan Miraz,Nahidul Islam
2517,2,7,3,Khulna Tigers,Sylhet Strikers,Mehedi Hasan Miraz,WG Bosisto,Nahidul Islam
2517,2,7,4,Khulna Tigers,Sylhet Strikers,WG Bosisto,Mehedi Hasan Miraz,Nahidul Islam
2517,2,7,5,Khulna Tigers,Sylhet Strikers,Mehedi Hasan Miraz,WG Bosisto,Nahidul Islam
2517,2,7,6,Khulna Tigers,Sylhet Strikers,WG Bosisto,Mehedi Hasan Miraz,Nahidul Islam
2517,2,8,1,Khulna Tigers,Sylhet Strikers,WG Bosisto,Mehedi Hasan Miraz,Ruyel Miah
2517,2,8,2,Khulna Tigers,Sylhet Strikers,WG Bosisto,Mehedi Hasan Miraz,Ruyel Miah
2517,2,8,3,Khulna Tigers,Sylhet Strikers,Mehedi Hasan Miraz,WG Bosisto,Ruyel Miah
2517,2,8,4,Khulna Tigers,Sylhet Strikers,Mehedi Hasan Miraz,WG Bosisto,Ruyel Miah
2517,2,8,5,Khulna Tigers,Sylhet Strikers,Mehedi Hasan Miraz,WG Bosisto,Ruyel Miah
2517,2,8,6,Khulna Tigers,Sylhet Strikers,Mehedi Hasan Miraz,WG Bosisto,Ruyel Miah
2517,2,9,1,Khulna Tigers,Sylhet Strikers,WG Bosisto,Mehedi Hasan Miraz,Nahidul Islam
2517,2,9,2,Khulna Tigers,Sylhet Strikers,Mehedi Hasan Miraz,WG Bosisto,Nahidul Islam
2517,2,9,3,Khulna Tigers,Sylhet Strikers,WG Bosisto,Mehedi Hasan Miraz,Nahidul Islam
2517,2,9,4,Khulna Tigers,Sylhet Strikers,Mehedi Hasan Miraz,WG Bosisto,Nahidul Islam
2517,2,9,5,Khulna Tigers,Sylhet Strikers,WG Bosisto,Mehedi Hasan Miraz,Nahidul Islam
2517,2,9,6,Khulna Tigers,Sylhet Strikers,WG Bosisto,Mehedi Hasan Miraz,Nahidul Islam
2517,2,10,1,Khulna Tigers,Sylhet Strikers,WG Bosisto,Mehedi Hasan Miraz,RRS Cornwall
2517,2,10,2,Khulna Tigers,Sylhet Strikers,WG Bosisto,Mehedi Hasan Miraz,RRS Cornwall
2517,2,10,3,Khulna Tigers,Sylhet Strikers,Mehedi Hasan Miraz,WG Bosisto,RRS Cornwall
2517,2,10,4,Khulna Tigers,Sylhet Strikers,WG Bosisto,Mehedi Hasan Miraz,RRS Cornwall
2517,2,10,5,Khulna Tigers,Sylhet Strikers,Mehedi Hasan Miraz,WG Bosisto,RRS Cornwall
2517,2,10,6,Khulna Tigers,Sylhet Strikers,WG Bosisto,Mehedi Hasan Miraz,RRS Cornwall
2517,2,11,1,Khulna Tigers,Sylhet Strikers,WG Bosisto,Mehedi Hasan Miraz,Ruyel Miah
2517,2,11,2,Khulna Tigers,Sylhet Strikers,WG Bosisto,Mehedi Hasan Miraz,Ruyel Miah
2517,2,11,3,Khulna Tigers,Sylhet Strikers,Mehedi Hasan Miraz,WG Bosisto,Ruyel Miah
2517,2,11,4,Khulna Tigers,Sylhet Strikers,Mohammad Nawaz,WG Bosisto,Ruyel Miah
2517,2,11,5,Khulna Tigers,Sylhet Strikers,Mohammad Nawaz,WG Bosisto,Ruyel Miah
2517,2,11,6,Khulna Tigers,Sylhet Strikers,Mohammad Nawaz,WG Bosisto,Ruyel Miah
2517,2,12,1,Khulna Tigers,Sylhet Strikers,WG Bosisto,Mohammad Nawaz,RRS Cornwall
2517,2,12,2,Khulna Tigers,Sylhet Strikers,WG Bosisto,Mohammad Nawaz,RRS Cornwall
2517,2,12,3,Khulna Tigers,Sylhet Strikers,Mohammad Nawaz,WG Bosisto,RRS Cornwall
2517,2,12,4,Khulna Tigers,Sylhet Strikers,WG Bosisto,Mohammad Nawaz,RRS Cornwall
2517,2,12,5,Khulna Tigers,Sylhet Strikers,WG Bosisto,Mohammad Nawaz,RRS Cornwall
2517,2,12,6,Khulna Tigers,Sylhet Strikers,Mohammad Nawaz,WG Bosisto,RRS Cornwall
2517,2,13,1,Khulna Tigers,Sylhet Strikers,Mohammad Nawaz,WG Bosisto,RJW Topley
2517,2,13,2,Khulna Tigers,Sylhet Strikers,WG Bosisto,Mohammad Nawaz,RJW Topley
2517,2,13,3,Khulna Tigers,Sylhet Strikers,Mahidul Islam Ankon,Mohammad Nawaz,RJW Topley
2517,2,13,4,Khulna Tigers,Sylhet Strikers,Mahidul Islam Ankon,Mohammad Nawaz,RJW Topley
2517,2,13,5,Khulna Tigers,Sylhet Strikers,Mohammad Nawaz,Mahidul Islam Ankon,RJW Topley
2517,2,13,6,Khulna Tigers,Sylhet Strikers,Mahidul Islam Ankon,Mohammad Nawaz,RJW Topley
2517,2,14,1,Khulna Tigers,Sylhet Strikers,Mohammad Nawaz,Mahidul Islam Ankon,Tanzim Hasan Sakib
2517,2,14,2,Khulna Tigers,Sylhet Strikers,Mohammad Nawaz,Mahidul Islam Ankon,Tanzim Hasan Sakib
2517,2,14,3,Khulna Tigers,Sylhet Strikers,Mohammad Nawaz,Mahidul Islam Ankon,Tanzim Hasan Sakib
2517,2,14,4,Khulna Tigers,Sylhet Strikers,Mohammad Nawaz,Mahidul Islam Ankon,Tanzim Hasan Sakib
2517,2,14,5,Khulna Tigers,Sylhet Strikers,Mohammad Nawaz,Mahidul Islam Ankon,Tanzim Hasan Sakib
2517,2,14,6,Khulna Tigers,Sylhet Strikers,Mahidul Islam Ankon,Mohammad Nawaz,Tanzim Hasan Sakib
2517,2,15,1,Khulna Tigers,Sylhet Strikers,Mohammad Nawaz,Mahidul Islam Ankon,RJW Topley
2517,2,15,2,Khulna Tigers,Sylhet Strikers,Mohammad Nawaz,Mahidul Islam Ankon,RJW Topley
2517,2,15,3,Khulna Tigers,Sylhet Strikers,Mohammad Nawaz,Mahidul Islam Ankon,RJW Topley
2517,2,15,4,Khulna Tigers,Sylhet Strikers,Mahidul Islam Ankon,Mohammad Nawaz,RJW Topley
2517,2,15,5,Khulna Tigers,Sylhet Strikers,Mohammad Nawaz,Mahidul Islam Ankon,RJW Topley
2517,2,15,6,Khulna Tigers,Sylhet Strikers,Mohammad Nawaz,Mahidul Islam Ankon,RJW Topley
2517,2,16,1,Khulna Tigers,Sylhet Strikers,Mohammad Nawaz,Mahidul Islam Ankon,Tanzim Hasan Sakib
2517,2,16,2,Khulna Tigers,Sylhet Strikers,Ziaur Rahman,Mahidul Islam Ankon,Tanzim Hasan Sakib
2517,2,16,3,Khulna Tigers,Sylhet Strikers,Mahidul Islam Ankon,Ziaur Rahman,Tanzim Hasan Sakib
2517,2,16,4,Khulna Tigers,Sylhet Strikers,Ziaur Rahman,Mahidul Islam Ankon,Tanzim Hasan Sakib
2517,2,16,5,Khulna Tigers,Sylhet Strikers,Ziaur Rahman,Mahidul Islam Ankon,Tanzim Hasan Sakib
2517,2,16,6,Khulna Tigers,Sylhet Strikers,Mahidul Islam Ankon,Ziaur Rahman,Tanzim Hasan Sakib
2517,2,16,7,Khulna Tigers,Sylhet Strikers,Ziaur Rahman,Mahidul Islam Ankon,Tanzim Hasan Sakib
2517,2,17,1,Khulna Tigers,Sylhet Strikers,Ziaur Rahman,Mahidul Islam Ankon,RJW Topley
2517,2,17,2,Khulna Tigers,Sylhet Strikers,Mahidul Islam Ankon,Ziaur Rahman,RJW Topley
2517,2,17,3,Khulna Tigers,Sylhet Strikers,Ziaur Rahman,Mahidul Islam Ankon,RJW Topley
2517,2,17,4,Khulna Tigers,Sylhet Strikers,Mahidul Islam Ankon,Abu Hider,RJW Topley
2517,2,17,5,Khulna Tigers,Sylhet Strikers,Mahidul Islam Ankon,Abu Hider,RJW Topley
2517,2,17,6,Khulna Tigers,Sylhet Strikers,Mahidul Islam Ankon,Abu Hider,RJW Topley
2517,2,17,7,Khulna Tigers,Sylhet Strikers,Mahidul Islam Ankon,Abu Hider,RJW Topley
2517,2,18,1,Khulna Tigers,Sylhet Strikers,Abu Hider,Mahidul Islam Ankon,Tanzim Hasan Sakib
2517,2,18,2,Khulna Tigers,Sylhet Strikers,Abu Hider,Mahidul Islam Ankon,Tanzim Hasan Sakib
2517,2,18,3,Khulna Tigers,Sylhet Strikers,Mahidul Islam Ankon,Abu Hider,Tanzim Hasan Sakib
2517,2,18,4,Khulna Tigers,Sylhet Strikers,Mahidul Islam Ankon,Abu Hider,Tanzim Hasan Sakib
2517,2,18,5,Khulna Tigers,Sylhet Strikers,Abu Hider,Mahidul Islam Ankon,Tanzim Hasan Sakib
2517,2,18,6,Khulna Tigers,Sylhet Strikers,Mahidul Islam Ankon,Abu Hider,Tanzim Hasan Sakib
2517,2,18,7,Khulna Tigers,Sylhet Strikers,Mahidul Islam Ankon,Abu Hider,Tanzim Hasan Sakib
2517,2,19,1,Khulna Tigers,Sylhet Strikers,Mahidul Islam Ankon,Abu Hider,Ruyel Miah
2517,2,19,2,Khulna Tigers,Sylhet Strikers,Abu Hider,Mahidul Islam Ankon,Ruyel Miah
2517,2,19,3,Khulna Tigers,Sylhet Strikers,Abu Hider,Mahidul Islam Ankon,Ruyel Miah
2517,2,19,4,Khulna Tigers,Sylhet Strikers,Abu Hider,Mahidul Islam Ankon,Ruyel Miah
2517,2,19,5,Khulna Tigers,Sylhet Strikers,Nasum Ahmed,Mahidul Islam Ankon,Ruyel Miah
2517,2,19,6,Khulna Tigers,Sylhet Strikers,Nasum Ahmed,Hasan Mahmud,Ruyel Miah
