MATCHID,INNINGSNO,OVERNO,BALL_NO,TEAMBATTING,TEAMBOWLING,STRIKER,NON_STRIKER,BOWLER
2541,1,0,1,Dhaka Capital,Khulna Tigers,Tanzid Hasan,Liton Das,Nasum Ahmed
2541,1,0,2,Dhaka Capital,Khulna Tigers,Tanzid Hasan,Liton Das,Nasum Ahmed
2541,1,0,3,Dhaka Capital,Khulna Tigers,Tanzid Hasan,Liton Das,Nasum Ahmed
2541,1,0,4,Dhaka Capital,Khulna Tigers,Tanzid Hasan,Liton Das,Nasum Ahmed
2541,1,0,5,Dhaka Capital,Khulna Tigers,Tanzid Hasan,Liton Das,Nasum Ahmed
2541,1,0,6,Dhaka Capital,Khulna Tigers,Tanzid Hasan,Liton Das,Nasum Ahmed
2541,1,1,1,Dhaka Capital,Khulna Tigers,Liton Das,Tanzid Hasan,Hasan Mahmud
2541,1,1,2,Dhaka Capital,Khulna Tigers,Liton Das,Tanzid Hasan,Hasan Mahmud
2541,1,1,3,Dhaka Capital,Khulna Tigers,Liton Das,Tanzid Hasan,Hasan Mahmud
2541,1,1,4,Dhaka Capital,Khulna Tigers,Liton Das,Tanzid Hasan,Hasan Mahmud
2541,1,1,5,Dhaka Capital,Khulna Tigers,Liton Das,Tanzid Hasan,Hasan Mahmud
2541,1,1,6,Dhaka Capital,Khulna Tigers,Liton Das,Tanzid Hasan,Hasan Mahmud
2541,1,2,1,Dhaka Capital,Khulna Tigers,Liton Das,Tanzid Hasan,Mehedi Hasan Miraz
2541,1,2,2,Dhaka Capital,Khulna Tigers,Liton Das,Tanzid Hasan,Mehedi Hasan Miraz
2541,1,2,3,Dhaka Capital,Khulna Tigers,Liton Das,Tanzid Hasan,Mehedi Hasan Miraz
2541,1,2,4,Dhaka Capital,Khulna Tigers,Liton Das,Tanzid Hasan,Mehedi Hasan Miraz
2541,1,2,5,Dhaka Capital,Khulna Tigers,Habibur Rahman,Tanzid Hasan,Mehedi Hasan Miraz
2541,1,2,6,Dhaka Capital,Khulna Tigers,Tanzid Hasan,Habibur Rahman,Mehedi Hasan Miraz
2541,1,3,1,Dhaka Capital,Khulna Tigers,Habibur Rahman,Tanzid Hasan,Musfik Hasan
2541,1,3,2,Dhaka Capital,Khulna Tigers,Habibur Rahman,Tanzid Hasan,Musfik Hasan
2541,1,3,3,Dhaka Capital,Khulna Tigers,Habibur Rahman,Tanzid Hasan,Musfik Hasan
2541,1,3,4,Dhaka Capital,Khulna Tigers,Habibur Rahman,Tanzid Hasan,Musfik Hasan
2541,1,3,5,Dhaka Capital,Khulna Tigers,Tanzid Hasan,Habibur Rahman,Musfik Hasan
2541,1,3,6,Dhaka Capital,Khulna Tigers,Tanzid Hasan,Habibur Rahman,Musfik Hasan
2541,1,3,7,Dhaka Capital,Khulna Tigers,Tanzid Hasan,Habibur Rahman,Musfik Hasan
2541,1,4,1,Dhaka Capital,Khulna Tigers,Habibur Rahman,Tanzid Hasan,Mehedi Hasan Miraz
2541,1,4,2,Dhaka Capital,Khulna Tigers,Tanzid Hasan,Habibur Rahman,Mehedi Hasan Miraz
2541,1,4,3,Dhaka Capital,Khulna Tigers,Tanzid Hasan,Habibur Rahman,Mehedi Hasan Miraz
2541,1,4,4,Dhaka Capital,Khulna Tigers,Tanzid Hasan,Habibur Rahman,Mehedi Hasan Miraz
2541,1,4,5,Dhaka Capital,Khulna Tigers,Tanzid Hasan,Habibur Rahman,Mehedi Hasan Miraz
2541,1,4,6,Dhaka Capital,Khulna Tigers,Tanzid Hasan,Habibur Rahman,Mehedi Hasan Miraz
2541,1,5,1,Dhaka Capital,Khulna Tigers,Habibur Rahman,Tanzid Hasan,Hasan Mahmud
2541,1,5,2,Dhaka Capital,Khulna Tigers,Habibur Rahman,Tanzid Hasan,Hasan Mahmud
2541,1,5,3,Dhaka Capital,Khulna Tigers,Farmanullah,Tanzid Hasan,Hasan Mahmud
2541,1,5,4,Dhaka Capital,Khulna Tigers,Farmanullah,Tanzid Hasan,Hasan Mahmud
2541,1,5,5,Dhaka Capital,Khulna Tigers,Farmanullah,Tanzid Hasan,Hasan Mahmud
2541,1,5,6,Dhaka Capital,Khulna Tigers,Farmanullah,Tanzid Hasan,Hasan Mahmud
2541,1,6,1,Dhaka Capital,Khulna Tigers,Farmanullah,Tanzid Hasan,WG Bosisto
2541,1,6,2,Dhaka Capital,Khulna Tigers,Farmanullah,Tanzid Hasan,WG Bosisto
2541,1,6,3,Dhaka Capital,Khulna Tigers,Tanzid Hasan,Farmanullah,WG Bosisto
2541,1,6,4,Dhaka Capital,Khulna Tigers,Tanzid Hasan,Farmanullah,WG Bosisto
2541,1,6,5,Dhaka Capital,Khulna Tigers,Farmanullah,Tanzid Hasan,WG Bosisto
2541,1,6,6,Dhaka Capital,Khulna Tigers,Farmanullah,Tanzid Hasan,WG Bosisto
2541,1,6,7,Dhaka Capital,Khulna Tigers,Farmanullah,Tanzid Hasan,WG Bosisto
2541,1,7,1,Dhaka Capital,Khulna Tigers,Farmanullah,Tanzid Hasan,Mehedi Hasan Miraz
2541,1,7,2,Dhaka Capital,Khulna Tigers,Farmanullah,Tanzid Hasan,Mehedi Hasan Miraz
2541,1,7,3,Dhaka Capital,Khulna Tigers,Tanzid Hasan,Farmanullah,Mehedi Hasan Miraz
2541,1,7,4,Dhaka Capital,Khulna Tigers,Tanzid Hasan,Farmanullah,Mehedi Hasan Miraz
2541,1,7,5,Dhaka Capital,Khulna Tigers,Tanzid Hasan,Farmanullah,Mehedi Hasan Miraz
2541,1,7,6,Dhaka Capital,Khulna Tigers,Tanzid Hasan,Farmanullah,Mehedi Hasan Miraz
2541,1,8,1,Dhaka Capital,Khulna Tigers,Tanzid Hasan,Farmanullah,WG Bosisto
2541,1,8,2,Dhaka Capital,Khulna Tigers,Farmanullah,Tanzid Hasan,WG Bosisto
2541,1,8,3,Dhaka Capital,Khulna Tigers,Tanzid Hasan,Farmanullah,WG Bosisto
2541,1,8,4,Dhaka Capital,Khulna Tigers,Tanzid Hasan,Farmanullah,WG Bosisto
2541,1,8,5,Dhaka Capital,Khulna Tigers,Tanzid Hasan,Farmanullah,WG Bosisto
2541,1,8,6,Dhaka Capital,Khulna Tigers,Tanzid Hasan,Farmanullah,WG Bosisto
2541,1,9,1,Dhaka Capital,Khulna Tigers,Tanzid Hasan,Farmanullah,Mehedi Hasan Miraz
2541,1,9,2,Dhaka Capital,Khulna Tigers,Tanzid Hasan,Farmanullah,Mehedi Hasan Miraz
2541,1,9,3,Dhaka Capital,Khulna Tigers,Tanzid Hasan,Farmanullah,Mehedi Hasan Miraz
2541,1,9,4,Dhaka Capital,Khulna Tigers,Tanzid Hasan,Farmanullah,Mehedi Hasan Miraz
2541,1,9,5,Dhaka Capital,Khulna Tigers,Tanzid Hasan,Farmanullah,Mehedi Hasan Miraz
2541,1,9,6,Dhaka Capital,Khulna Tigers,Tanzid Hasan,Farmanullah,Mehedi Hasan Miraz
2541,1,10,1,Dhaka Capital,Khulna Tigers,Farmanullah,Tanzid Hasan,WG Bosisto
2541,1,10,2,Dhaka Capital,Khulna Tigers,Farmanullah,Tanzid Hasan,WG Bosisto
2541,1,10,3,Dhaka Capital,Khulna Tigers,Farmanullah,Tanzid Hasan,WG Bosisto
2541,1,10,4,Dhaka Capital,Khulna Tigers,Farmanullah,Tanzid Hasan,WG Bosisto
2541,1,10,5,Dhaka Capital,Khulna Tigers,Tanzid Hasan,Farmanullah,WG Bosisto
2541,1,10,6,Dhaka Capital,Khulna Tigers,Farmanullah,Tanzid Hasan,WG Bosisto
2541,1,11,1,Dhaka Capital,Khulna Tigers,Tanzid Hasan,Farmanullah,Ziaur Rahman
2541,1,11,2,Dhaka Capital,Khulna Tigers,Tanzid Hasan,Farmanullah,Ziaur Rahman
2541,1,11,3,Dhaka Capital,Khulna Tigers,Tanzid Hasan,Farmanullah,Ziaur Rahman
2541,1,11,4,Dhaka Capital,Khulna Tigers,Farmanullah,Tanzid Hasan,Ziaur Rahman
2541,1,11,5,Dhaka Capital,Khulna Tigers,Farmanullah,Tanzid Hasan,Ziaur Rahman
2541,1,11,6,Dhaka Capital,Khulna Tigers,Farmanullah,Tanzid Hasan,Ziaur Rahman
2541,1,12,1,Dhaka Capital,Khulna Tigers,Farmanullah,Tanzid Hasan,WG Bosisto
2541,1,12,2,Dhaka Capital,Khulna Tigers,Sabbir Rahman,Tanzid Hasan,WG Bosisto
2541,1,12,3,Dhaka Capital,Khulna Tigers,Sabbir Rahman,Tanzid Hasan,WG Bosisto
2541,1,12,4,Dhaka Capital,Khulna Tigers,Sabbir Rahman,Tanzid Hasan,WG Bosisto
2541,1,12,5,Dhaka Capital,Khulna Tigers,Tanzid Hasan,Sabbir Rahman,WG Bosisto
2541,1,12,6,Dhaka Capital,Khulna Tigers,Tanzid Hasan,Sabbir Rahman,WG Bosisto
2541,1,13,1,Dhaka Capital,Khulna Tigers,Sabbir Rahman,NLTC Perera,Ziaur Rahman
2541,1,13,2,Dhaka Capital,Khulna Tigers,Sabbir Rahman,NLTC Perera,Ziaur Rahman
2541,1,13,3,Dhaka Capital,Khulna Tigers,NLTC Perera,Sabbir Rahman,Ziaur Rahman
2541,1,13,4,Dhaka Capital,Khulna Tigers,Riaz Hassan,Sabbir Rahman,Ziaur Rahman
2541,1,13,5,Dhaka Capital,Khulna Tigers,Sabbir Rahman,Riaz Hassan,Ziaur Rahman
2541,1,13,6,Dhaka Capital,Khulna Tigers,Sabbir Rahman,Riaz Hassan,Ziaur Rahman
2541,1,14,1,Dhaka Capital,Khulna Tigers,Riaz Hassan,Sabbir Rahman,Mohammad Nawaz
2541,1,14,2,Dhaka Capital,Khulna Tigers,Sabbir Rahman,Riaz Hassan,Mohammad Nawaz
2541,1,14,3,Dhaka Capital,Khulna Tigers,Sabbir Rahman,Riaz Hassan,Mohammad Nawaz
2541,1,14,4,Dhaka Capital,Khulna Tigers,Sabbir Rahman,Riaz Hassan,Mohammad Nawaz
2541,1,14,5,Dhaka Capital,Khulna Tigers,Riaz Hassan,Sabbir Rahman,Mohammad Nawaz
2541,1,14,6,Dhaka Capital,Khulna Tigers,Riaz Hassan,Sabbir Rahman,Mohammad Nawaz
2541,1,15,1,Dhaka Capital,Khulna Tigers,Riaz Hassan,Sabbir Rahman,Nasum Ahmed
2541,1,15,2,Dhaka Capital,Khulna Tigers,Riaz Hassan,Sabbir Rahman,Nasum Ahmed
2541,1,15,3,Dhaka Capital,Khulna Tigers,Riaz Hassan,Sabbir Rahman,Nasum Ahmed
2541,1,15,4,Dhaka Capital,Khulna Tigers,Riaz Hassan,Sabbir Rahman,Nasum Ahmed
2541,1,15,5,Dhaka Capital,Khulna Tigers,Riaz Hassan,Sabbir Rahman,Nasum Ahmed
2541,1,15,6,Dhaka Capital,Khulna Tigers,Riaz Hassan,Sabbir Rahman,Nasum Ahmed
2541,1,16,1,Dhaka Capital,Khulna Tigers,Sabbir Rahman,Rahmat Ali,Mohammad Nawaz
2541,1,16,2,Dhaka Capital,Khulna Tigers,Sabbir Rahman,Rahmat Ali,Mohammad Nawaz
2541,1,16,3,Dhaka Capital,Khulna Tigers,Rahmat Ali,Sabbir Rahman,Mohammad Nawaz
2541,1,16,4,Dhaka Capital,Khulna Tigers,Mehedi Hasan Rana,Sabbir Rahman,Mohammad Nawaz
2541,1,16,5,Dhaka Capital,Khulna Tigers,Mehedi Hasan Rana,Sabbir Rahman,Mohammad Nawaz
2541,1,16,6,Dhaka Capital,Khulna Tigers,Mehedi Hasan Rana,Sabbir Rahman,Mohammad Nawaz
2541,1,17,1,Dhaka Capital,Khulna Tigers,Mehedi Hasan Rana,Sabbir Rahman,Hasan Mahmud
2541,1,17,2,Dhaka Capital,Khulna Tigers,Mehedi Hasan Rana,Sabbir Rahman,Hasan Mahmud
2541,1,17,3,Dhaka Capital,Khulna Tigers,Mehedi Hasan Rana,Sabbir Rahman,Hasan Mahmud
2541,1,17,4,Dhaka Capital,Khulna Tigers,Mehedi Hasan Rana,Sabbir Rahman,Hasan Mahmud
2541,1,17,5,Dhaka Capital,Khulna Tigers,Mehedi Hasan Rana,Sabbir Rahman,Hasan Mahmud
2541,1,17,6,Dhaka Capital,Khulna Tigers,Sabbir Rahman,Mehedi Hasan Rana,Hasan Mahmud
2541,1,18,1,Dhaka Capital,Khulna Tigers,Sabbir Rahman,Mehedi Hasan Rana,Musfik Hasan
2541,1,18,2,Dhaka Capital,Khulna Tigers,Sabbir Rahman,Mehedi Hasan Rana,Musfik Hasan
2541,1,18,3,Dhaka Capital,Khulna Tigers,Sabbir Rahman,Mehedi Hasan Rana,Musfik Hasan
2541,1,18,4,Dhaka Capital,Khulna Tigers,Sabbir Rahman,Mehedi Hasan Rana,Musfik Hasan
2541,1,18,5,Dhaka Capital,Khulna Tigers,Mehedi Hasan Rana,Sabbir Rahman,Musfik Hasan
2541,1,18,6,Dhaka Capital,Khulna Tigers,Mehedi Hasan Rana,Sabbir Rahman,Musfik Hasan
2541,1,18,7,Dhaka Capital,Khulna Tigers,Sabbir Rahman,Mehedi Hasan Rana,Musfik Hasan
2541,1,19,1,Dhaka Capital,Khulna Tigers,Mehedi Hasan Rana,Abu Jayed,Hasan Mahmud
2541,1,19,2,Dhaka Capital,Khulna Tigers,Mustafizur Rahman,Abu Jayed,Hasan Mahmud
2541,1,19,3,Dhaka Capital,Khulna Tigers,Abu Jayed,Mustafizur Rahman,Hasan Mahmud
2541,1,19,4,Dhaka Capital,Khulna Tigers,Mustafizur Rahman,Abu Jayed,Hasan Mahmud
2541,1,19,5,Dhaka Capital,Khulna Tigers,Mustafizur Rahman,Abu Jayed,Hasan Mahmud
2541,1,19,6,Dhaka Capital,Khulna Tigers,Mustafizur Rahman,Abu Jayed,Hasan Mahmud
2541,2,0,1,Khulna Tigers,Dhaka Capital,Mehedi Hasan Miraz,Mohammad Naim,Mustafizur Rahman
2541,2,0,2,Khulna Tigers,Dhaka Capital,Mehedi Hasan Miraz,Mohammad Naim,Mustafizur Rahman
2541,2,0,3,Khulna Tigers,Dhaka Capital,Mehedi Hasan Miraz,Mohammad Naim,Mustafizur Rahman
2541,2,0,4,Khulna Tigers,Dhaka Capital,Mehedi Hasan Miraz,Mohammad Naim,Mustafizur Rahman
2541,2,0,5,Khulna Tigers,Dhaka Capital,Mehedi Hasan Miraz,Mohammad Naim,Mustafizur Rahman
2541,2,0,6,Khulna Tigers,Dhaka Capital,Mohammad Naim,Mehedi Hasan Miraz,Mustafizur Rahman
2541,2,0,7,Khulna Tigers,Dhaka Capital,Mohammad Naim,Mehedi Hasan Miraz,Mustafizur Rahman
2541,2,1,1,Khulna Tigers,Dhaka Capital,Mehedi Hasan Miraz,Afif Hossain,Abu Jayed
2541,2,1,2,Khulna Tigers,Dhaka Capital,Mehedi Hasan Miraz,Afif Hossain,Abu Jayed
2541,2,1,3,Khulna Tigers,Dhaka Capital,Mehedi Hasan Miraz,Afif Hossain,Abu Jayed
2541,2,1,4,Khulna Tigers,Dhaka Capital,Mehedi Hasan Miraz,Afif Hossain,Abu Jayed
2541,2,1,5,Khulna Tigers,Dhaka Capital,Mehedi Hasan Miraz,Afif Hossain,Abu Jayed
2541,2,1,6,Khulna Tigers,Dhaka Capital,Mehedi Hasan Miraz,Afif Hossain,Abu Jayed
2541,2,2,1,Khulna Tigers,Dhaka Capital,Mehedi Hasan Miraz,Afif Hossain,Mustafizur Rahman
2541,2,2,2,Khulna Tigers,Dhaka Capital,Mehedi Hasan Miraz,Afif Hossain,Mustafizur Rahman
2541,2,2,3,Khulna Tigers,Dhaka Capital,Afif Hossain,Mehedi Hasan Miraz,Mustafizur Rahman
2541,2,2,4,Khulna Tigers,Dhaka Capital,Afif Hossain,Mehedi Hasan Miraz,Mustafizur Rahman
2541,2,2,5,Khulna Tigers,Dhaka Capital,Afif Hossain,Mehedi Hasan Miraz,Mustafizur Rahman
2541,2,2,6,Khulna Tigers,Dhaka Capital,AI Ross,Mehedi Hasan Miraz,Mustafizur Rahman
2541,2,3,1,Khulna Tigers,Dhaka Capital,Mehedi Hasan Miraz,AI Ross,Rahmat Ali
2541,2,3,2,Khulna Tigers,Dhaka Capital,Mehedi Hasan Miraz,AI Ross,Rahmat Ali
2541,2,3,3,Khulna Tigers,Dhaka Capital,Mehedi Hasan Miraz,AI Ross,Rahmat Ali
2541,2,3,4,Khulna Tigers,Dhaka Capital,Mehedi Hasan Miraz,AI Ross,Rahmat Ali
2541,2,3,5,Khulna Tigers,Dhaka Capital,Mehedi Hasan Miraz,AI Ross,Rahmat Ali
2541,2,3,6,Khulna Tigers,Dhaka Capital,AI Ross,Mehedi Hasan Miraz,Rahmat Ali
2541,2,4,1,Khulna Tigers,Dhaka Capital,Mehedi Hasan Miraz,AI Ross,Mehedi Hasan Rana
2541,2,4,2,Khulna Tigers,Dhaka Capital,Mehedi Hasan Miraz,AI Ross,Mehedi Hasan Rana
2541,2,4,3,Khulna Tigers,Dhaka Capital,Mehedi Hasan Miraz,AI Ross,Mehedi Hasan Rana
2541,2,4,4,Khulna Tigers,Dhaka Capital,AI Ross,Mehedi Hasan Miraz,Mehedi Hasan Rana
2541,2,4,5,Khulna Tigers,Dhaka Capital,AI Ross,Mehedi Hasan Miraz,Mehedi Hasan Rana
2541,2,4,6,Khulna Tigers,Dhaka Capital,Mehedi Hasan Miraz,AI Ross,Mehedi Hasan Rana
2541,2,5,1,Khulna Tigers,Dhaka Capital,Mehedi Hasan Miraz,AI Ross,Farmanullah
2541,2,5,2,Khulna Tigers,Dhaka Capital,Mehedi Hasan Miraz,AI Ross,Farmanullah
2541,2,5,3,Khulna Tigers,Dhaka Capital,Mehedi Hasan Miraz,AI Ross,Farmanullah
2541,2,5,4,Khulna Tigers,Dhaka Capital,AI Ross,Mehedi Hasan Miraz,Farmanullah
2541,2,5,5,Khulna Tigers,Dhaka Capital,AI Ross,Mehedi Hasan Miraz,Farmanullah
2541,2,5,6,Khulna Tigers,Dhaka Capital,Mehedi Hasan Miraz,AI Ross,Farmanullah
2541,2,5,7,Khulna Tigers,Dhaka Capital,AI Ross,Mehedi Hasan Miraz,Farmanullah
2541,2,5,8,Khulna Tigers,Dhaka Capital,AI Ross,Mehedi Hasan Miraz,Farmanullah
2541,2,6,1,Khulna Tigers,Dhaka Capital,Mehedi Hasan Miraz,AI Ross,Mehedi Hasan Rana
2541,2,6,2,Khulna Tigers,Dhaka Capital,AI Ross,Mehedi Hasan Miraz,Mehedi Hasan Rana
2541,2,6,3,Khulna Tigers,Dhaka Capital,AI Ross,Mehedi Hasan Miraz,Mehedi Hasan Rana
2541,2,6,4,Khulna Tigers,Dhaka Capital,Mehedi Hasan Miraz,AI Ross,Mehedi Hasan Rana
2541,2,6,5,Khulna Tigers,Dhaka Capital,AI Ross,Mehedi Hasan Miraz,Mehedi Hasan Rana
2541,2,6,6,Khulna Tigers,Dhaka Capital,Mehedi Hasan Miraz,AI Ross,Mehedi Hasan Rana
2541,2,6,7,Khulna Tigers,Dhaka Capital,AI Ross,Mehedi Hasan Miraz,Mehedi Hasan Rana
2541,2,7,1,Khulna Tigers,Dhaka Capital,Mehedi Hasan Miraz,AI Ross,Rahmat Ali
2541,2,7,2,Khulna Tigers,Dhaka Capital,Mehedi Hasan Miraz,AI Ross,Rahmat Ali
2541,2,7,3,Khulna Tigers,Dhaka Capital,Mehedi Hasan Miraz,AI Ross,Rahmat Ali
2541,2,7,4,Khulna Tigers,Dhaka Capital,AI Ross,Mehedi Hasan Miraz,Rahmat Ali
2541,2,7,5,Khulna Tigers,Dhaka Capital,AI Ross,Mehedi Hasan Miraz,Rahmat Ali
2541,2,7,6,Khulna Tigers,Dhaka Capital,Mehedi Hasan Miraz,AI Ross,Rahmat Ali
2541,2,8,1,Khulna Tigers,Dhaka Capital,AI Ross,Mehedi Hasan Miraz,Farmanullah
2541,2,8,2,Khulna Tigers,Dhaka Capital,AI Ross,Mehedi Hasan Miraz,Farmanullah
2541,2,8,3,Khulna Tigers,Dhaka Capital,Mehedi Hasan Miraz,AI Ross,Farmanullah
2541,2,8,4,Khulna Tigers,Dhaka Capital,Mehedi Hasan Miraz,AI Ross,Farmanullah
2541,2,8,5,Khulna Tigers,Dhaka Capital,AI Ross,Mehedi Hasan Miraz,Farmanullah
2541,2,8,6,Khulna Tigers,Dhaka Capital,Mehedi Hasan Miraz,AI Ross,Farmanullah
2541,2,9,1,Khulna Tigers,Dhaka Capital,Mehedi Hasan Miraz,AI Ross,Rahmat Ali
2541,2,9,2,Khulna Tigers,Dhaka Capital,AI Ross,Mehedi Hasan Miraz,Rahmat Ali
2541,2,9,3,Khulna Tigers,Dhaka Capital,AI Ross,Mehedi Hasan Miraz,Rahmat Ali
2541,2,9,4,Khulna Tigers,Dhaka Capital,Mehedi Hasan Miraz,AI Ross,Rahmat Ali
2541,2,9,5,Khulna Tigers,Dhaka Capital,AI Ross,Mehedi Hasan Miraz,Rahmat Ali
2541,2,9,6,Khulna Tigers,Dhaka Capital,WG Bosisto,Mehedi Hasan Miraz,Rahmat Ali
2541,2,10,1,Khulna Tigers,Dhaka Capital,WG Bosisto,Mehedi Hasan Miraz,Farmanullah
2541,2,10,2,Khulna Tigers,Dhaka Capital,WG Bosisto,Mehedi Hasan Miraz,Farmanullah
2541,2,10,3,Khulna Tigers,Dhaka Capital,Mehedi Hasan Miraz,WG Bosisto,Farmanullah
2541,2,10,4,Khulna Tigers,Dhaka Capital,Mehedi Hasan Miraz,WG Bosisto,Farmanullah
2541,2,10,5,Khulna Tigers,Dhaka Capital,Mehedi Hasan Miraz,WG Bosisto,Farmanullah
2541,2,10,6,Khulna Tigers,Dhaka Capital,Mehedi Hasan Miraz,WG Bosisto,Farmanullah
2541,2,11,1,Khulna Tigers,Dhaka Capital,WG Bosisto,Mehedi Hasan Miraz,Mustafizur Rahman
2541,2,11,2,Khulna Tigers,Dhaka Capital,WG Bosisto,Mehedi Hasan Miraz,Mustafizur Rahman
2541,2,11,3,Khulna Tigers,Dhaka Capital,WG Bosisto,Mehedi Hasan Miraz,Mustafizur Rahman
2541,2,11,4,Khulna Tigers,Dhaka Capital,Mehedi Hasan Miraz,WG Bosisto,Mustafizur Rahman
2541,2,11,5,Khulna Tigers,Dhaka Capital,Mehedi Hasan Miraz,WG Bosisto,Mustafizur Rahman
2541,2,11,6,Khulna Tigers,Dhaka Capital,WG Bosisto,Mehedi Hasan Miraz,Mustafizur Rahman
2541,2,12,1,Khulna Tigers,Dhaka Capital,WG Bosisto,Mehedi Hasan Miraz,Rahmat Ali
2541,2,12,2,Khulna Tigers,Dhaka Capital,WG Bosisto,Mehedi Hasan Miraz,Rahmat Ali
2541,2,12,3,Khulna Tigers,Dhaka Capital,WG Bosisto,Mehedi Hasan Miraz,Rahmat Ali
2541,2,12,4,Khulna Tigers,Dhaka Capital,Mehedi Hasan Miraz,WG Bosisto,Rahmat Ali
2541,2,12,5,Khulna Tigers,Dhaka Capital,WG Bosisto,Mehedi Hasan Miraz,Rahmat Ali
2541,2,12,6,Khulna Tigers,Dhaka Capital,WG Bosisto,Mehedi Hasan Miraz,Rahmat Ali
2541,2,13,1,Khulna Tigers,Dhaka Capital,WG Bosisto,Mehedi Hasan Miraz,Farmanullah
2541,2,13,2,Khulna Tigers,Dhaka Capital,Mehedi Hasan Miraz,WG Bosisto,Farmanullah
2541,2,13,3,Khulna Tigers,Dhaka Capital,WG Bosisto,Mehedi Hasan Miraz,Farmanullah
2541,2,13,4,Khulna Tigers,Dhaka Capital,WG Bosisto,Mehedi Hasan Miraz,Farmanullah
2541,2,13,5,Khulna Tigers,Dhaka Capital,Mehedi Hasan Miraz,WG Bosisto,Farmanullah
2541,2,13,6,Khulna Tigers,Dhaka Capital,Mehedi Hasan Miraz,WG Bosisto,Farmanullah
2541,2,14,1,Khulna Tigers,Dhaka Capital,WG Bosisto,Mehedi Hasan Miraz,Abu Jayed
2541,2,14,2,Khulna Tigers,Dhaka Capital,Mehedi Hasan Miraz,WG Bosisto,Abu Jayed
2541,2,14,3,Khulna Tigers,Dhaka Capital,WG Bosisto,Mehedi Hasan Miraz,Abu Jayed
2541,2,14,4,Khulna Tigers,Dhaka Capital,WG Bosisto,Mehedi Hasan Miraz,Abu Jayed
2541,2,14,5,Khulna Tigers,Dhaka Capital,Mehedi Hasan Miraz,WG Bosisto,Abu Jayed
2541,2,14,6,Khulna Tigers,Dhaka Capital,Mehedi Hasan Miraz,WG Bosisto,Abu Jayed
2541,2,15,1,Khulna Tigers,Dhaka Capital,WG Bosisto,Mehedi Hasan Miraz,Mustafizur Rahman
2541,2,15,2,Khulna Tigers,Dhaka Capital,Mehedi Hasan Miraz,WG Bosisto,Mustafizur Rahman
2541,2,15,3,Khulna Tigers,Dhaka Capital,Mehedi Hasan Miraz,WG Bosisto,Mustafizur Rahman
2541,2,15,4,Khulna Tigers,Dhaka Capital,Mehedi Hasan Miraz,WG Bosisto,Mustafizur Rahman
2541,2,15,5,Khulna Tigers,Dhaka Capital,Mehedi Hasan Miraz,WG Bosisto,Mustafizur Rahman
2541,2,15,6,Khulna Tigers,Dhaka Capital,WG Bosisto,Mehedi Hasan Miraz,Mustafizur Rahman
2541,2,16,1,Khulna Tigers,Dhaka Capital,Mehedi Hasan Miraz,Mohammad Nawaz,Abu Jayed
2541,2,16,2,Khulna Tigers,Dhaka Capital,Mohammad Nawaz,Mehedi Hasan Miraz,Abu Jayed
2541,2,16,3,Khulna Tigers,Dhaka Capital,Mohammad Nawaz,Mehedi Hasan Miraz,Abu Jayed
2541,2,16,4,Khulna Tigers,Dhaka Capital,Mohammad Nawaz,Mehedi Hasan Miraz,Abu Jayed
2541,2,16,5,Khulna Tigers,Dhaka Capital,Mohammad Nawaz,Mehedi Hasan Miraz,Abu Jayed
2541,2,16,6,Khulna Tigers,Dhaka Capital,Mohammad Nawaz,Mehedi Hasan Miraz,Abu Jayed
