MATCHID,INNINGSNO,OVERNO,BALL_NO,TEAMBATTING,TEAM_BOWLING,STRIKER,NON_STRIKER,BOWLER
2530,1,0,1,Fortune Barishal,Khulna Tigers,Towhid Hridoy,Tamim Iqbal,Mehedi Hasan Miraz
2530,1,0,2,Fortune Barishal,Khulna Tigers,Tamim Iqbal,Towhid Hridoy,Mehedi Hasan Miraz
2530,1,0,3,Fortune Barishal,Khulna Tigers,DJ Malan,Towhid Hridoy,Mehedi Hasan Miraz
2530,1,0,4,Fortune Barishal,Khulna Tigers,Mushfiqur Rahim,Towhid Hridoy,Mehedi Hasan Miraz
2530,1,0,5,Fortune Barishal,Khulna Tigers,Mushfiqur Rahim,Towhid Hridoy,Mehedi Hasan Miraz
2530,1,0,6,Fortune Barishal,Khulna Tigers,Mushfiqur Rahim,Towhid Hridoy,Mehedi Hasan Miraz
2530,1,1,1,Fortune Barishal,Khulna Tigers,Towhid Hridoy,Mushfiqur Rahim,Aamer Jamal
2530,1,1,2,Fortune Barishal,Khulna Tigers,Towhid Hridoy,Mushfiqur Rahim,Aamer Jamal
2530,1,1,3,Fortune Barishal,Khulna Tigers,Mushfiqur Rahim,Towhid Hridoy,Aamer Jamal
2530,1,1,4,Fortune Barishal,Khulna Tigers,Towhid Hridoy,Mushfiqur Rahim,Aamer Jamal
2530,1,1,5,Fortune Barishal,Khulna Tigers,Towhid Hridoy,Mushfiqur Rahim,Aamer Jamal
2530,1,1,6,Fortune Barishal,Khulna Tigers,Towhid Hridoy,Mushfiqur Rahim,Aamer Jamal
2530,1,2,1,Fortune Barishal,Khulna Tigers,Towhid Hridoy,Mushfiqur Rahim,Nasum Ahmed
2530,1,2,2,Fortune Barishal,Khulna Tigers,Towhid Hridoy,Mushfiqur Rahim,Nasum Ahmed
2530,1,2,3,Fortune Barishal,Khulna Tigers,Towhid Hridoy,Mushfiqur Rahim,Nasum Ahmed
2530,1,2,4,Fortune Barishal,Khulna Tigers,Mahmudullah,Towhid Hridoy,Nasum Ahmed
2530,1,2,5,Fortune Barishal,Khulna Tigers,Mahmudullah,Towhid Hridoy,Nasum Ahmed
2530,1,2,6,Fortune Barishal,Khulna Tigers,Mahmudullah,Towhid Hridoy,Nasum Ahmed
2530,1,3,1,Fortune Barishal,Khulna Tigers,Towhid Hridoy,Mahmudullah,Aamer Jamal
2530,1,3,2,Fortune Barishal,Khulna Tigers,Towhid Hridoy,Mahmudullah,Aamer Jamal
2530,1,3,3,Fortune Barishal,Khulna Tigers,Towhid Hridoy,Mahmudullah,Aamer Jamal
2530,1,3,4,Fortune Barishal,Khulna Tigers,Towhid Hridoy,Mahmudullah,Aamer Jamal
2530,1,3,5,Fortune Barishal,Khulna Tigers,Towhid Hridoy,Mahmudullah,Aamer Jamal
2530,1,3,6,Fortune Barishal,Khulna Tigers,Towhid Hridoy,Mahmudullah,Aamer Jamal
2530,1,4,1,Fortune Barishal,Khulna Tigers,Mahmudullah,Towhid Hridoy,Salman Irshad
2530,1,4,2,Fortune Barishal,Khulna Tigers,Mahmudullah,Towhid Hridoy,Salman Irshad
2530,1,4,3,Fortune Barishal,Khulna Tigers,Mahmudullah,Towhid Hridoy,Salman Irshad
2530,1,4,4,Fortune Barishal,Khulna Tigers,Towhid Hridoy,Mahmudullah,Salman Irshad
2530,1,4,5,Fortune Barishal,Khulna Tigers,Towhid Hridoy,Mahmudullah,Salman Irshad
2530,1,4,6,Fortune Barishal,Khulna Tigers,Towhid Hridoy,Mahmudullah,Salman Irshad
2530,1,5,1,Fortune Barishal,Khulna Tigers,Mahmudullah,Towhid Hridoy,Nasum Ahmed
2530,1,5,2,Fortune Barishal,Khulna Tigers,Mahmudullah,Towhid Hridoy,Nasum Ahmed
2530,1,5,3,Fortune Barishal,Khulna Tigers,Mahmudullah,Towhid Hridoy,Nasum Ahmed
2530,1,5,4,Fortune Barishal,Khulna Tigers,Mahmudullah,Towhid Hridoy,Nasum Ahmed
2530,1,5,5,Fortune Barishal,Khulna Tigers,Towhid Hridoy,Mahmudullah,Nasum Ahmed
2530,1,5,6,Fortune Barishal,Khulna Tigers,Mahmudullah,Towhid Hridoy,Nasum Ahmed
2530,1,6,1,Fortune Barishal,Khulna Tigers,Mahmudullah,Towhid Hridoy,Ziaur Rahman
2530,1,6,2,Fortune Barishal,Khulna Tigers,Mahmudullah,Towhid Hridoy,Ziaur Rahman
2530,1,6,3,Fortune Barishal,Khulna Tigers,Towhid Hridoy,Mahmudullah,Ziaur Rahman
2530,1,6,4,Fortune Barishal,Khulna Tigers,Mahmudullah,Towhid Hridoy,Ziaur Rahman
2530,1,6,5,Fortune Barishal,Khulna Tigers,Towhid Hridoy,Mahmudullah,Ziaur Rahman
2530,1,6,6,Fortune Barishal,Khulna Tigers,Towhid Hridoy,Mahmudullah,Ziaur Rahman
2530,1,7,1,Fortune Barishal,Khulna Tigers,Mahmudullah,Towhid Hridoy,Nasum Ahmed
2530,1,7,2,Fortune Barishal,Khulna Tigers,Towhid Hridoy,Mahmudullah,Nasum Ahmed
2530,1,7,3,Fortune Barishal,Khulna Tigers,Mahmudullah,Towhid Hridoy,Nasum Ahmed
2530,1,7,4,Fortune Barishal,Khulna Tigers,Mahmudullah,Towhid Hridoy,Nasum Ahmed
2530,1,7,5,Fortune Barishal,Khulna Tigers,Mahmudullah,Towhid Hridoy,Nasum Ahmed
2530,1,7,6,Fortune Barishal,Khulna Tigers,Towhid Hridoy,Mahmudullah,Nasum Ahmed
2530,1,8,1,Fortune Barishal,Khulna Tigers,Towhid Hridoy,Mahmudullah,Ziaur Rahman
2530,1,8,2,Fortune Barishal,Khulna Tigers,Towhid Hridoy,Mahmudullah,Ziaur Rahman
2530,1,8,3,Fortune Barishal,Khulna Tigers,Mahmudullah,Towhid Hridoy,Ziaur Rahman
2530,1,8,4,Fortune Barishal,Khulna Tigers,Towhid Hridoy,Mahmudullah,Ziaur Rahman
2530,1,8,5,Fortune Barishal,Khulna Tigers,Towhid Hridoy,Mahmudullah,Ziaur Rahman
2530,1,8,6,Fortune Barishal,Khulna Tigers,Mahmudullah,Towhid Hridoy,Ziaur Rahman
2530,1,9,1,Fortune Barishal,Khulna Tigers,Towhid Hridoy,Mahmudullah,Mehedi Hasan Miraz
2530,1,9,2,Fortune Barishal,Khulna Tigers,Towhid Hridoy,Mahmudullah,Mehedi Hasan Miraz
2530,1,9,3,Fortune Barishal,Khulna Tigers,Mahmudullah,Towhid Hridoy,Mehedi Hasan Miraz
2530,1,9,4,Fortune Barishal,Khulna Tigers,Mahmudullah,Towhid Hridoy,Mehedi Hasan Miraz
2530,1,9,5,Fortune Barishal,Khulna Tigers,Mahmudullah,Towhid Hridoy,Mehedi Hasan Miraz
2530,1,9,6,Fortune Barishal,Khulna Tigers,Towhid Hridoy,Mahmudullah,Mehedi Hasan Miraz
2530,1,9,7,Fortune Barishal,Khulna Tigers,Mohammad Nabi,Mahmudullah,Mehedi Hasan Miraz
2530,1,10,1,Fortune Barishal,Khulna Tigers,Mohammad Nabi,Mahmudullah,Salman Irshad
2530,1,10,2,Fortune Barishal,Khulna Tigers,Faheem Ashraf,Mahmudullah,Salman Irshad
2530,1,10,3,Fortune Barishal,Khulna Tigers,Faheem Ashraf,Mahmudullah,Salman Irshad
2530,1,10,4,Fortune Barishal,Khulna Tigers,Mahmudullah,Faheem Ashraf,Salman Irshad
2530,1,10,5,Fortune Barishal,Khulna Tigers,Mahmudullah,Faheem Ashraf,Salman Irshad
2530,1,10,6,Fortune Barishal,Khulna Tigers,Mahmudullah,Faheem Ashraf,Salman Irshad
2530,1,10,7,Fortune Barishal,Khulna Tigers,Mahmudullah,Faheem Ashraf,Salman Irshad
2530,1,11,1,Fortune Barishal,Khulna Tigers,Mahmudullah,Faheem Ashraf,Mehedi Hasan Miraz
2530,1,11,2,Fortune Barishal,Khulna Tigers,Mahmudullah,Faheem Ashraf,Mehedi Hasan Miraz
2530,1,11,3,Fortune Barishal,Khulna Tigers,Mahmudullah,Faheem Ashraf,Mehedi Hasan Miraz
2530,1,11,4,Fortune Barishal,Khulna Tigers,Faheem Ashraf,Mahmudullah,Mehedi Hasan Miraz
2530,1,11,5,Fortune Barishal,Khulna Tigers,Mahmudullah,Faheem Ashraf,Mehedi Hasan Miraz
2530,1,11,6,Fortune Barishal,Khulna Tigers,Faheem Ashraf,Mahmudullah,Mehedi Hasan Miraz
2530,1,12,1,Fortune Barishal,Khulna Tigers,Faheem Ashraf,Mahmudullah,Nasum Ahmed
2530,1,12,2,Fortune Barishal,Khulna Tigers,Mahmudullah,Faheem Ashraf,Nasum Ahmed
2530,1,12,3,Fortune Barishal,Khulna Tigers,Faheem Ashraf,Mahmudullah,Nasum Ahmed
2530,1,12,4,Fortune Barishal,Khulna Tigers,Mahmudullah,Faheem Ashraf,Nasum Ahmed
2530,1,12,5,Fortune Barishal,Khulna Tigers,Faheem Ashraf,Mahmudullah,Nasum Ahmed
2530,1,12,6,Fortune Barishal,Khulna Tigers,Faheem Ashraf,Mahmudullah,Nasum Ahmed
2530,1,13,1,Fortune Barishal,Khulna Tigers,Mahmudullah,Rishad Hossain,Salman Irshad
2530,1,13,2,Fortune Barishal,Khulna Tigers,Rishad Hossain,Mahmudullah,Salman Irshad
2530,1,13,3,Fortune Barishal,Khulna Tigers,Mahmudullah,Rishad Hossain,Salman Irshad
2530,1,13,4,Fortune Barishal,Khulna Tigers,Mahmudullah,Rishad Hossain,Salman Irshad
2530,1,13,5,Fortune Barishal,Khulna Tigers,Rishad Hossain,Mahmudullah,Salman Irshad
2530,1,13,6,Fortune Barishal,Khulna Tigers,Rishad Hossain,Mahmudullah,Salman Irshad
2530,1,14,1,Fortune Barishal,Khulna Tigers,Rishad Hossain,Mahmudullah,Ziaur Rahman
2530,1,14,2,Fortune Barishal,Khulna Tigers,Rishad Hossain,Mahmudullah,Ziaur Rahman
2530,1,14,3,Fortune Barishal,Khulna Tigers,Rishad Hossain,Mahmudullah,Ziaur Rahman
2530,1,14,4,Fortune Barishal,Khulna Tigers,Rishad Hossain,Mahmudullah,Ziaur Rahman
2530,1,14,5,Fortune Barishal,Khulna Tigers,Mahmudullah,Rishad Hossain,Ziaur Rahman
2530,1,14,6,Fortune Barishal,Khulna Tigers,Rishad Hossain,Mahmudullah,Ziaur Rahman
2530,1,15,1,Fortune Barishal,Khulna Tigers,Rishad Hossain,Mahmudullah,Mehedi Hasan Miraz
2530,1,15,2,Fortune Barishal,Khulna Tigers,Mahmudullah,Rishad Hossain,Mehedi Hasan Miraz
2530,1,15,3,Fortune Barishal,Khulna Tigers,Mahmudullah,Rishad Hossain,Mehedi Hasan Miraz
2530,1,15,4,Fortune Barishal,Khulna Tigers,Mahmudullah,Rishad Hossain,Mehedi Hasan Miraz
2530,1,15,5,Fortune Barishal,Khulna Tigers,Rishad Hossain,Mahmudullah,Mehedi Hasan Miraz
2530,1,15,6,Fortune Barishal,Khulna Tigers,Mahmudullah,Rishad Hossain,Mehedi Hasan Miraz
2530,1,16,1,Fortune Barishal,Khulna Tigers,Mahmudullah,Rishad Hossain,Aamer Jamal
2530,1,16,2,Fortune Barishal,Khulna Tigers,Rishad Hossain,Mahmudullah,Aamer Jamal
2530,1,16,3,Fortune Barishal,Khulna Tigers,Mahmudullah,Rishad Hossain,Aamer Jamal
2530,1,16,4,Fortune Barishal,Khulna Tigers,Rishad Hossain,Mahmudullah,Aamer Jamal
2530,1,16,5,Fortune Barishal,Khulna Tigers,Rishad Hossain,Mahmudullah,Aamer Jamal
2530,1,16,6,Fortune Barishal,Khulna Tigers,Mahmudullah,Rishad Hossain,Aamer Jamal
2530,1,16,7,Fortune Barishal,Khulna Tigers,Mahmudullah,Rishad Hossain,Aamer Jamal
2530,1,17,1,Fortune Barishal,Khulna Tigers,Mahmudullah,Rishad Hossain,Ziaur Rahman
2530,1,17,2,Fortune Barishal,Khulna Tigers,Rishad Hossain,Mahmudullah,Ziaur Rahman
2530,1,17,3,Fortune Barishal,Khulna Tigers,Rishad Hossain,Mahmudullah,Ziaur Rahman
2530,1,17,4,Fortune Barishal,Khulna Tigers,Mahmudullah,Rishad Hossain,Ziaur Rahman
2530,1,17,5,Fortune Barishal,Khulna Tigers,Jahandad Khan,Rishad Hossain,Ziaur Rahman
2530,1,17,6,Fortune Barishal,Khulna Tigers,Rishad Hossain,Jahandad Khan,Ziaur Rahman
2530,1,18,1,Fortune Barishal,Khulna Tigers,Jahandad Khan,Rishad Hossain,Salman Irshad
2530,1,18,2,Fortune Barishal,Khulna Tigers,Jahandad Khan,Rishad Hossain,Salman Irshad
2530,1,18,3,Fortune Barishal,Khulna Tigers,Rishad Hossain,Jahandad Khan,Salman Irshad
2530,1,18,4,Fortune Barishal,Khulna Tigers,Jahandad Khan,Rishad Hossain,Salman Irshad
2530,1,18,5,Fortune Barishal,Khulna Tigers,Jahandad Khan,Rishad Hossain,Salman Irshad
2530,1,18,6,Fortune Barishal,Khulna Tigers,Tanvir Islam,Rishad Hossain,Salman Irshad
2530,1,19,1,Fortune Barishal,Khulna Tigers,Tanvir Islam,Rishad Hossain,Aamer Jamal
2530,1,19,2,Fortune Barishal,Khulna Tigers,Tanvir Islam,Rishad Hossain,Aamer Jamal
2530,1,19,3,Fortune Barishal,Khulna Tigers,Tanvir Islam,Rishad Hossain,Aamer Jamal
2530,1,19,4,Fortune Barishal,Khulna Tigers,Rishad Hossain,Tanvir Islam,Aamer Jamal
2530,1,19,5,Fortune Barishal,Khulna Tigers,Rishad Hossain,Tanvir Islam,Aamer Jamal
2530,1,19,6,Fortune Barishal,Khulna Tigers,R Mondol,Tanvir Islam,Aamer Jamal
2530,2,0,1,Khulna Tigers,Fortune Barishal,Mohammad Naim,Imrul Kayes,Mohammad Nabi
2530,2,0,2,Khulna Tigers,Fortune Barishal,Mohammad Naim,Imrul Kayes,Mohammad Nabi
2530,2,0,3,Khulna Tigers,Fortune Barishal,Mohammad Naim,Imrul Kayes,Mohammad Nabi
2530,2,0,4,Khulna Tigers,Fortune Barishal,Mohammad Naim,Imrul Kayes,Mohammad Nabi
2530,2,0,5,Khulna Tigers,Fortune Barishal,Mohammad Naim,Imrul Kayes,Mohammad Nabi
2530,2,0,6,Khulna Tigers,Fortune Barishal,Imrul Kayes,Mohammad Naim,Mohammad Nabi
2530,2,1,1,Khulna Tigers,Fortune Barishal,Mohammad Naim,Imrul Kayes,Jahandad Khan
2530,2,1,2,Khulna Tigers,Fortune Barishal,Mohammad Naim,Imrul Kayes,Jahandad Khan
2530,2,1,3,Khulna Tigers,Fortune Barishal,Mohammad Naim,Imrul Kayes,Jahandad Khan
2530,2,1,4,Khulna Tigers,Fortune Barishal,Mohammad Naim,Imrul Kayes,Jahandad Khan
2530,2,1,5,Khulna Tigers,Fortune Barishal,Imrul Kayes,Mohammad Naim,Jahandad Khan
2530,2,1,6,Khulna Tigers,Fortune Barishal,Mehedi Hasan Miraz,Mohammad Naim,Jahandad Khan
2530,2,2,1,Khulna Tigers,Fortune Barishal,Mohammad Naim,Mehedi Hasan Miraz,Mohammad Nabi
2530,2,2,2,Khulna Tigers,Fortune Barishal,Mohammad Naim,Mehedi Hasan Miraz,Mohammad Nabi
2530,2,2,3,Khulna Tigers,Fortune Barishal,Mohammad Naim,Mehedi Hasan Miraz,Mohammad Nabi
2530,2,2,4,Khulna Tigers,Fortune Barishal,Mohammad Naim,Mehedi Hasan Miraz,Mohammad Nabi
2530,2,2,5,Khulna Tigers,Fortune Barishal,Mehedi Hasan Miraz,Mohammad Naim,Mohammad Nabi
2530,2,2,6,Khulna Tigers,Fortune Barishal,Mehedi Hasan Miraz,Mohammad Naim,Mohammad Nabi
2530,2,3,1,Khulna Tigers,Fortune Barishal,Mohammad Naim,Mehedi Hasan Miraz,Jahandad Khan
2530,2,3,2,Khulna Tigers,Fortune Barishal,Mehedi Hasan Miraz,Mohammad Naim,Jahandad Khan
2530,2,3,3,Khulna Tigers,Fortune Barishal,Mehedi Hasan Miraz,Mohammad Naim,Jahandad Khan
2530,2,3,4,Khulna Tigers,Fortune Barishal,Mehedi Hasan Miraz,Mohammad Naim,Jahandad Khan
2530,2,3,5,Khulna Tigers,Fortune Barishal,Mohammad Naim,Mehedi Hasan Miraz,Jahandad Khan
2530,2,3,6,Khulna Tigers,Fortune Barishal,Mohammad Naim,Mehedi Hasan Miraz,Jahandad Khan
2530,2,3,7,Khulna Tigers,Fortune Barishal,Mohammad Naim,Mehedi Hasan Miraz,Jahandad Khan
2530,2,3,8,Khulna Tigers,Fortune Barishal,Mohammad Naim,Mehedi Hasan Miraz,Jahandad Khan
2530,2,4,1,Khulna Tigers,Fortune Barishal,Mohammad Naim,Mehedi Hasan Miraz,Mohammad Nabi
2530,2,4,2,Khulna Tigers,Fortune Barishal,Mohammad Naim,Mehedi Hasan Miraz,Mohammad Nabi
2530,2,4,3,Khulna Tigers,Fortune Barishal,Mohammad Naim,Mehedi Hasan Miraz,Mohammad Nabi
2530,2,4,4,Khulna Tigers,Fortune Barishal,Mehedi Hasan Miraz,Mohammad Naim,Mohammad Nabi
2530,2,4,5,Khulna Tigers,Fortune Barishal,Mohammad Naim,Mehedi Hasan Miraz,Mohammad Nabi
2530,2,4,6,Khulna Tigers,Fortune Barishal,Mohammad Naim,Mehedi Hasan Miraz,Mohammad Nabi
2530,2,5,1,Khulna Tigers,Fortune Barishal,Mehedi Hasan Miraz,Mohammad Naim,Faheem Ashraf
2530,2,5,2,Khulna Tigers,Fortune Barishal,Mehedi Hasan Miraz,Mohammad Naim,Faheem Ashraf
2530,2,5,3,Khulna Tigers,Fortune Barishal,Mehedi Hasan Miraz,Mohammad Naim,Faheem Ashraf
2530,2,5,4,Khulna Tigers,Fortune Barishal,Mehedi Hasan Miraz,Mohammad Naim,Faheem Ashraf
2530,2,5,5,Khulna Tigers,Fortune Barishal,Mehedi Hasan Miraz,Mohammad Naim,Faheem Ashraf
2530,2,5,6,Khulna Tigers,Fortune Barishal,Mehedi Hasan Miraz,Mohammad Naim,Faheem Ashraf
2530,2,6,1,Khulna Tigers,Fortune Barishal,Mehedi Hasan Miraz,Mohammad Naim,R Mondol
2530,2,6,2,Khulna Tigers,Fortune Barishal,Mehedi Hasan Miraz,Mohammad Naim,R Mondol
2530,2,6,3,Khulna Tigers,Fortune Barishal,Mohammad Naim,Mehedi Hasan Miraz,R Mondol
2530,2,6,4,Khulna Tigers,Fortune Barishal,Mohammad Naim,Mehedi Hasan Miraz,R Mondol
2530,2,6,5,Khulna Tigers,Fortune Barishal,Mohammad Naim,Mehedi Hasan Miraz,R Mondol
2530,2,6,6,Khulna Tigers,Fortune Barishal,Mehedi Hasan Miraz,Mohammad Naim,R Mondol
2530,2,7,1,Khulna Tigers,Fortune Barishal,Mohammad Naim,Mehedi Hasan Miraz,Tanvir Islam
2530,2,7,2,Khulna Tigers,Fortune Barishal,Mehedi Hasan Miraz,Mohammad Naim,Tanvir Islam
2530,2,7,3,Khulna Tigers,Fortune Barishal,Mehedi Hasan Miraz,Mohammad Naim,Tanvir Islam
2530,2,7,4,Khulna Tigers,Fortune Barishal,Mohammad Naim,Mehedi Hasan Miraz,Tanvir Islam
2530,2,7,5,Khulna Tigers,Fortune Barishal,Mehedi Hasan Miraz,Mohammad Naim,Tanvir Islam
2530,2,7,6,Khulna Tigers,Fortune Barishal,Mehedi Hasan Miraz,Mohammad Naim,Tanvir Islam
2530,2,7,7,Khulna Tigers,Fortune Barishal,Mehedi Hasan Miraz,Mohammad Naim,Tanvir Islam
2530,2,8,1,Khulna Tigers,Fortune Barishal,Mehedi Hasan Miraz,Mohammad Naim,Faheem Ashraf
2530,2,8,2,Khulna Tigers,Fortune Barishal,Mehedi Hasan Miraz,Mohammad Naim,Faheem Ashraf
2530,2,8,3,Khulna Tigers,Fortune Barishal,Mehedi Hasan Miraz,Mohammad Naim,Faheem Ashraf
2530,2,8,4,Khulna Tigers,Fortune Barishal,Mehedi Hasan Miraz,Mohammad Naim,Faheem Ashraf
2530,2,8,5,Khulna Tigers,Fortune Barishal,Mehedi Hasan Miraz,Mohammad Naim,Faheem Ashraf
2530,2,8,6,Khulna Tigers,Fortune Barishal,Mehedi Hasan Miraz,Mohammad Naim,Faheem Ashraf
2530,2,8,7,Khulna Tigers,Fortune Barishal,Mehedi Hasan Miraz,Mohammad Naim,Faheem Ashraf
2530,2,9,1,Khulna Tigers,Fortune Barishal,Mohammad Naim,Mehedi Hasan Miraz,Tanvir Islam
2530,2,9,2,Khulna Tigers,Fortune Barishal,Mohammad Naim,Mehedi Hasan Miraz,Tanvir Islam
2530,2,9,3,Khulna Tigers,Fortune Barishal,Mehedi Hasan Miraz,Mohammad Naim,Tanvir Islam
2530,2,9,4,Khulna Tigers,Fortune Barishal,Mehedi Hasan Miraz,Mohammad Naim,Tanvir Islam
2530,2,9,5,Khulna Tigers,Fortune Barishal,Mehedi Hasan Miraz,Mohammad Naim,Tanvir Islam
2530,2,9,6,Khulna Tigers,Fortune Barishal,Mohammad Naim,Mehedi Hasan Miraz,Tanvir Islam
2530,2,10,1,Khulna Tigers,Fortune Barishal,Mohammad Naim,Mehedi Hasan Miraz,Mohammad Nabi
2530,2,10,2,Khulna Tigers,Fortune Barishal,Mehedi Hasan Miraz,Mohammad Naim,Mohammad Nabi
2530,2,10,3,Khulna Tigers,Fortune Barishal,AI Ross,Mohammad Naim,Mohammad Nabi
2530,2,10,4,Khulna Tigers,Fortune Barishal,AI Ross,Mohammad Naim,Mohammad Nabi
2530,2,10,5,Khulna Tigers,Fortune Barishal,AI Ross,Mohammad Naim,Mohammad Nabi
2530,2,10,6,Khulna Tigers,Fortune Barishal,Mohammad Naim,AI Ross,Mohammad Nabi
2530,2,11,1,Khulna Tigers,Fortune Barishal,Mohammad Naim,AI Ross,Rishad Hossain
2530,2,11,2,Khulna Tigers,Fortune Barishal,Mohammad Naim,AI Ross,Rishad Hossain
2530,2,11,3,Khulna Tigers,Fortune Barishal,AI Ross,Mohammad Naim,Rishad Hossain
2530,2,11,4,Khulna Tigers,Fortune Barishal,Mohammad Naim,AI Ross,Rishad Hossain
2530,2,11,5,Khulna Tigers,Fortune Barishal,AI Ross,Mohammad Naim,Rishad Hossain
2530,2,11,6,Khulna Tigers,Fortune Barishal,Mohammad Naim,AI Ross,Rishad Hossain
2530,2,12,1,Khulna Tigers,Fortune Barishal,Mohammad Naim,AI Ross,R Mondol
2530,2,12,2,Khulna Tigers,Fortune Barishal,Mohammad Naim,AI Ross,R Mondol
2530,2,12,3,Khulna Tigers,Fortune Barishal,Mohammad Naim,AI Ross,R Mondol
2530,2,12,4,Khulna Tigers,Fortune Barishal,AI Ross,Mohammad Naim,R Mondol
2530,2,12,5,Khulna Tigers,Fortune Barishal,AI Ross,Mohammad Naim,R Mondol
2530,2,12,6,Khulna Tigers,Fortune Barishal,Mohammad Naim,AI Ross,R Mondol
2530,2,13,1,Khulna Tigers,Fortune Barishal,AI Ross,Mohammad Naim,Rishad Hossain
2530,2,13,2,Khulna Tigers,Fortune Barishal,Afif Hossain,Mohammad Naim,Rishad Hossain
2530,2,13,3,Khulna Tigers,Fortune Barishal,Afif Hossain,Mohammad Naim,Rishad Hossain
2530,2,13,4,Khulna Tigers,Fortune Barishal,Mohammad Naim,Afif Hossain,Rishad Hossain
2530,2,13,5,Khulna Tigers,Fortune Barishal,Afif Hossain,Mohammad Naim,Rishad Hossain
2530,2,13,6,Khulna Tigers,Fortune Barishal,Afif Hossain,Mohammad Naim,Rishad Hossain
2530,2,14,1,Khulna Tigers,Fortune Barishal,Mohammad Naim,Afif Hossain,Jahandad Khan
2530,2,14,2,Khulna Tigers,Fortune Barishal,Mohammad Naim,Afif Hossain,Jahandad Khan
2530,2,14,3,Khulna Tigers,Fortune Barishal,Afif Hossain,Mohammad Naim,Jahandad Khan
2530,2,14,4,Khulna Tigers,Fortune Barishal,Afif Hossain,Mohammad Naim,Jahandad Khan
2530,2,14,5,Khulna Tigers,Fortune Barishal,Afif Hossain,Mohammad Naim,Jahandad Khan
2530,2,14,6,Khulna Tigers,Fortune Barishal,Afif Hossain,Mohammad Naim,Jahandad Khan
2530,2,14,7,Khulna Tigers,Fortune Barishal,Mohammad Naim,Afif Hossain,Jahandad Khan
2530,2,15,1,Khulna Tigers,Fortune Barishal,Mohammad Naim,Afif Hossain,R Mondol
2530,2,15,2,Khulna Tigers,Fortune Barishal,Mohammad Naim,Afif Hossain,R Mondol
2530,2,15,3,Khulna Tigers,Fortune Barishal,Mohammad Naim,Afif Hossain,R Mondol
2530,2,15,4,Khulna Tigers,Fortune Barishal,Afif Hossain,Mohammad Naim,R Mondol
2530,2,15,5,Khulna Tigers,Fortune Barishal,Afif Hossain,Mohammad Naim,R Mondol
2530,2,15,6,Khulna Tigers,Fortune Barishal,Afif Hossain,Mohammad Naim,R Mondol
2530,2,16,1,Khulna Tigers,Fortune Barishal,Afif Hossain,Mohammad Naim,Faheem Ashraf
2530,2,16,2,Khulna Tigers,Fortune Barishal,Afif Hossain,Mohammad Naim,Faheem Ashraf
2530,2,16,3,Khulna Tigers,Fortune Barishal,Afif Hossain,Mohammad Naim,Faheem Ashraf
2530,2,16,4,Khulna Tigers,Fortune Barishal,Afif Hossain,Mohammad Naim,Faheem Ashraf
2530,2,16,5,Khulna Tigers,Fortune Barishal,Mohammad Naim,Afif Hossain,Faheem Ashraf
2530,2,16,6,Khulna Tigers,Fortune Barishal,Afif Hossain,Mohammad Naim,Faheem Ashraf
2530,2,16,7,Khulna Tigers,Fortune Barishal,Mohammad Naim,Afif Hossain,Faheem Ashraf
2530,2,16,8,Khulna Tigers,Fortune Barishal,Mohammad Naim,Afif Hossain,Faheem Ashraf
2530,2,17,1,Khulna Tigers,Fortune Barishal,Afif Hossain,Mohammad Naim,Jahandad Khan
2530,2,17,2,Khulna Tigers,Fortune Barishal,Afif Hossain,Mohammad Naim,Jahandad Khan
2530,2,17,3,Khulna Tigers,Fortune Barishal,Mahidul Islam Ankon,Mohammad Naim,Jahandad Khan
2530,2,17,4,Khulna Tigers,Fortune Barishal,Mohammad Naim,Mahidul Islam Ankon,Jahandad Khan
2530,2,17,5,Khulna Tigers,Fortune Barishal,Mahidul Islam Ankon,Mohammad Naim,Jahandad Khan
2530,2,17,6,Khulna Tigers,Fortune Barishal,WG Bosisto,Mohammad Naim,Jahandad Khan
2530,2,18,1,Khulna Tigers,Fortune Barishal,WG Bosisto,Mohammad Naim,Faheem Ashraf
2530,2,18,2,Khulna Tigers,Fortune Barishal,Mohammad Naim,WG Bosisto,Faheem Ashraf
2530,2,18,3,Khulna Tigers,Fortune Barishal,Mohammad Naim,WG Bosisto,Faheem Ashraf
2530,2,18,4,Khulna Tigers,Fortune Barishal,WG Bosisto,Mohammad Naim,Faheem Ashraf
2530,2,18,5,Khulna Tigers,Fortune Barishal,Mohammad Naim,WG Bosisto,Faheem Ashraf
2530,2,18,6,Khulna Tigers,Fortune Barishal,Mohammad Naim,WG Bosisto,Faheem Ashraf
2530,2,19,1,Khulna Tigers,Fortune Barishal,Mohammad Naim,WG Bosisto,R Mondol
2530,2,19,2,Khulna Tigers,Fortune Barishal,Mohammad Naim,WG Bosisto,R Mondol
2530,2,19,3,Khulna Tigers,Fortune Barishal,Mohammad Naim,WG Bosisto,R Mondol
2530,2,19,4,Khulna Tigers,Fortune Barishal,Mohammad Naim,WG Bosisto,R Mondol
2530,2,19,5,Khulna Tigers,Fortune Barishal,Aamer Jamal,WG Bosisto,R Mondol
2530,2,19,6,Khulna Tigers,Fortune Barishal,Aamer Jamal,WG Bosisto,R Mondol
