MATCHID,INNINGSNO,OVERNO,BALL_NO,TEAMBATTING,TEAM_BOWLING,STRIKER,NON_STRIKER,BOWLER
2515,1,0,1,Durbar Rajshahi,Khulna Tigers,Mohammad Haris,Jishan Alam,Nasum Ahmed
2515,1,0,2,Durbar Rajshahi,Khulna Tigers,Mohammad Haris,Jishan Alam,Nasum Ahmed
2515,1,0,3,Durbar Rajshahi,Khulna Tigers,Mohammad Haris,Jishan Alam,Nasum Ahmed
2515,1,0,4,Durbar Rajshahi,Khulna Tigers,Mohammad Haris,Jishan Alam,Nasum Ahmed
2515,1,0,5,Durbar Rajshahi,Khulna Tigers,Mohammad Haris,Jishan Alam,Nasum Ahmed
2515,1,0,6,Durbar Rajshahi,Khulna Tigers,Mohammad Haris,Jishan Alam,Nasum Ahmed
2515,1,1,1,Durbar Rajshahi,Khulna Tigers,Jishan Alam,Mohammad Haris,Hasan Mahmud
2515,1,1,2,Durbar Rajshahi,Khulna Tigers,Jishan Alam,Mohammad Haris,Hasan Mahmud
2515,1,1,3,Durbar Rajshahi,Khulna Tigers,Jishan Alam,Mohammad Haris,Hasan Mahmud
2515,1,1,4,Durbar Rajshahi,Khulna Tigers,Jishan Alam,Mohammad Haris,Hasan Mahmud
2515,1,1,5,Durbar Rajshahi,Khulna Tigers,Jishan Alam,Mohammad Haris,Hasan Mahmud
2515,1,1,6,Durbar Rajshahi,Khulna Tigers,Jishan Alam,Mohammad Haris,Hasan Mahmud
2515,1,1,7,Durbar Rajshahi,Khulna Tigers,Mohammad Haris,Jishan Alam,Hasan Mahmud
2515,1,1,8,Durbar Rajshahi,Khulna Tigers,Mohammad Haris,Jishan Alam,Hasan Mahmud
2515,1,2,1,Durbar Rajshahi,Khulna Tigers,Jishan Alam,Mohammad Haris,Salman Irshad
2515,1,2,2,Durbar Rajshahi,Khulna Tigers,Jishan Alam,Mohammad Haris,Salman Irshad
2515,1,2,3,Durbar Rajshahi,Khulna Tigers,Jishan Alam,Mohammad Haris,Salman Irshad
2515,1,2,4,Durbar Rajshahi,Khulna Tigers,Mohammad Haris,Jishan Alam,Salman Irshad
2515,1,2,5,Durbar Rajshahi,Khulna Tigers,Jishan Alam,Mohammad Haris,Salman Irshad
2515,1,2,6,Durbar Rajshahi,Khulna Tigers,Mohammad Haris,Jishan Alam,Salman Irshad
2515,1,3,1,Durbar Rajshahi,Khulna Tigers,Jishan Alam,Mohammad Haris,Hasan Mahmud
2515,1,3,2,Durbar Rajshahi,Khulna Tigers,Jishan Alam,Mohammad Haris,Hasan Mahmud
2515,1,3,3,Durbar Rajshahi,Khulna Tigers,Jishan Alam,Mohammad Haris,Hasan Mahmud
2515,1,3,4,Durbar Rajshahi,Khulna Tigers,Mohammad Haris,Jishan Alam,Hasan Mahmud
2515,1,3,5,Durbar Rajshahi,Khulna Tigers,Mohammad Haris,Jishan Alam,Hasan Mahmud
2515,1,3,6,Durbar Rajshahi,Khulna Tigers,Mohammad Haris,Jishan Alam,Hasan Mahmud
2515,1,3,7,Durbar Rajshahi,Khulna Tigers,Mohammad Haris,Jishan Alam,Hasan Mahmud
2515,1,4,1,Durbar Rajshahi,Khulna Tigers,Mohammad Haris,Jishan Alam,Salman Irshad
2515,1,4,2,Durbar Rajshahi,Khulna Tigers,Mohammad Haris,Jishan Alam,Salman Irshad
2515,1,4,3,Durbar Rajshahi,Khulna Tigers,Mohammad Haris,Jishan Alam,Salman Irshad
2515,1,4,4,Durbar Rajshahi,Khulna Tigers,Jishan Alam,Mohammad Haris,Salman Irshad
2515,1,4,5,Durbar Rajshahi,Khulna Tigers,Mohammad Haris,Jishan Alam,Salman Irshad
2515,1,4,6,Durbar Rajshahi,Khulna Tigers,Jishan Alam,Mohammad Haris,Salman Irshad
2515,1,5,1,Durbar Rajshahi,Khulna Tigers,Mohammad Haris,Jishan Alam,Nasum Ahmed
2515,1,5,2,Durbar Rajshahi,Khulna Tigers,Jishan Alam,Mohammad Haris,Nasum Ahmed
2515,1,5,3,Durbar Rajshahi,Khulna Tigers,Mohammad Haris,Jishan Alam,Nasum Ahmed
2515,1,5,4,Durbar Rajshahi,Khulna Tigers,Anamul Haque,Jishan Alam,Nasum Ahmed
2515,1,5,5,Durbar Rajshahi,Khulna Tigers,Anamul Haque,Jishan Alam,Nasum Ahmed
2515,1,5,6,Durbar Rajshahi,Khulna Tigers,Anamul Haque,Jishan Alam,Nasum Ahmed
2515,1,6,1,Durbar Rajshahi,Khulna Tigers,Anamul Haque,Jishan Alam,Mohammad Nawaz
2515,1,6,2,Durbar Rajshahi,Khulna Tigers,Anamul Haque,Jishan Alam,Mohammad Nawaz
2515,1,6,3,Durbar Rajshahi,Khulna Tigers,Anamul Haque,Jishan Alam,Mohammad Nawaz
2515,1,6,4,Durbar Rajshahi,Khulna Tigers,Jishan Alam,Anamul Haque,Mohammad Nawaz
2515,1,6,5,Durbar Rajshahi,Khulna Tigers,Anamul Haque,Jishan Alam,Mohammad Nawaz
2515,1,6,6,Durbar Rajshahi,Khulna Tigers,Jishan Alam,Anamul Haque,Mohammad Nawaz
2515,1,7,1,Durbar Rajshahi,Khulna Tigers,Jishan Alam,Anamul Haque,Nasum Ahmed
2515,1,7,2,Durbar Rajshahi,Khulna Tigers,Anamul Haque,Jishan Alam,Nasum Ahmed
2515,1,7,3,Durbar Rajshahi,Khulna Tigers,SM Meherob,Jishan Alam,Nasum Ahmed
2515,1,7,4,Durbar Rajshahi,Khulna Tigers,SM Meherob,Jishan Alam,Nasum Ahmed
2515,1,7,5,Durbar Rajshahi,Khulna Tigers,Jishan Alam,SM Meherob,Nasum Ahmed
2515,1,7,6,Durbar Rajshahi,Khulna Tigers,SM Meherob,Jishan Alam,Nasum Ahmed
2515,1,8,1,Durbar Rajshahi,Khulna Tigers,Jishan Alam,SM Meherob,Mehedi Hasan Miraz
2515,1,8,2,Durbar Rajshahi,Khulna Tigers,SM Meherob,Jishan Alam,Mehedi Hasan Miraz
2515,1,8,3,Durbar Rajshahi,Khulna Tigers,SM Meherob,Jishan Alam,Mehedi Hasan Miraz
2515,1,8,4,Durbar Rajshahi,Khulna Tigers,SM Meherob,Jishan Alam,Mehedi Hasan Miraz
2515,1,8,5,Durbar Rajshahi,Khulna Tigers,SM Meherob,Jishan Alam,Mehedi Hasan Miraz
2515,1,8,6,Durbar Rajshahi,Khulna Tigers,Yasir Ali Chowdhury,Jishan Alam,Mehedi Hasan Miraz
2515,1,9,1,Durbar Rajshahi,Khulna Tigers,Jishan Alam,Yasir Ali Chowdhury,Mohammad Nawaz
2515,1,9,2,Durbar Rajshahi,Khulna Tigers,Jishan Alam,Yasir Ali Chowdhury,Mohammad Nawaz
2515,1,9,3,Durbar Rajshahi,Khulna Tigers,Yasir Ali Chowdhury,Jishan Alam,Mohammad Nawaz
2515,1,9,4,Durbar Rajshahi,Khulna Tigers,Jishan Alam,Yasir Ali Chowdhury,Mohammad Nawaz
2515,1,9,5,Durbar Rajshahi,Khulna Tigers,Jishan Alam,Yasir Ali Chowdhury,Mohammad Nawaz
2515,1,9,6,Durbar Rajshahi,Khulna Tigers,RP Burl,Yasir Ali Chowdhury,Mohammad Nawaz
2515,1,10,1,Durbar Rajshahi,Khulna Tigers,Yasir Ali Chowdhury,RP Burl,Abu Hider
2515,1,10,2,Durbar Rajshahi,Khulna Tigers,Yasir Ali Chowdhury,RP Burl,Abu Hider
2515,1,10,3,Durbar Rajshahi,Khulna Tigers,Yasir Ali Chowdhury,RP Burl,Abu Hider
2515,1,10,4,Durbar Rajshahi,Khulna Tigers,Yasir Ali Chowdhury,RP Burl,Abu Hider
2515,1,10,5,Durbar Rajshahi,Khulna Tigers,RP Burl,Yasir Ali Chowdhury,Abu Hider
2515,1,10,6,Durbar Rajshahi,Khulna Tigers,Yasir Ali Chowdhury,RP Burl,Abu Hider
2515,1,11,1,Durbar Rajshahi,Khulna Tigers,Yasir Ali Chowdhury,RP Burl,Mohammad Nawaz
2515,1,11,2,Durbar Rajshahi,Khulna Tigers,RP Burl,Yasir Ali Chowdhury,Mohammad Nawaz
2515,1,11,3,Durbar Rajshahi,Khulna Tigers,Yasir Ali Chowdhury,RP Burl,Mohammad Nawaz
2515,1,11,4,Durbar Rajshahi,Khulna Tigers,RP Burl,Yasir Ali Chowdhury,Mohammad Nawaz
2515,1,11,5,Durbar Rajshahi,Khulna Tigers,RP Burl,Yasir Ali Chowdhury,Mohammad Nawaz
2515,1,11,6,Durbar Rajshahi,Khulna Tigers,RP Burl,Yasir Ali Chowdhury,Mohammad Nawaz
2515,1,12,1,Durbar Rajshahi,Khulna Tigers,Yasir Ali Chowdhury,RP Burl,Abu Hider
2515,1,12,2,Durbar Rajshahi,Khulna Tigers,RP Burl,Yasir Ali Chowdhury,Abu Hider
2515,1,12,3,Durbar Rajshahi,Khulna Tigers,Yasir Ali Chowdhury,RP Burl,Abu Hider
2515,1,12,4,Durbar Rajshahi,Khulna Tigers,RP Burl,Yasir Ali Chowdhury,Abu Hider
2515,1,12,5,Durbar Rajshahi,Khulna Tigers,Yasir Ali Chowdhury,RP Burl,Abu Hider
2515,1,12,6,Durbar Rajshahi,Khulna Tigers,Yasir Ali Chowdhury,RP Burl,Abu Hider
2515,1,13,1,Durbar Rajshahi,Khulna Tigers,Yasir Ali Chowdhury,RP Burl,Mehedi Hasan Miraz
2515,1,13,2,Durbar Rajshahi,Khulna Tigers,RP Burl,Yasir Ali Chowdhury,Mehedi Hasan Miraz
2515,1,13,3,Durbar Rajshahi,Khulna Tigers,RP Burl,Yasir Ali Chowdhury,Mehedi Hasan Miraz
2515,1,13,4,Durbar Rajshahi,Khulna Tigers,RP Burl,Yasir Ali Chowdhury,Mehedi Hasan Miraz
2515,1,13,5,Durbar Rajshahi,Khulna Tigers,RP Burl,Yasir Ali Chowdhury,Mehedi Hasan Miraz
2515,1,13,6,Durbar Rajshahi,Khulna Tigers,Yasir Ali Chowdhury,RP Burl,Mehedi Hasan Miraz
2515,1,14,1,Durbar Rajshahi,Khulna Tigers,RP Burl,Yasir Ali Chowdhury,Salman Irshad
2515,1,14,2,Durbar Rajshahi,Khulna Tigers,Yasir Ali Chowdhury,RP Burl,Salman Irshad
2515,1,14,3,Durbar Rajshahi,Khulna Tigers,Yasir Ali Chowdhury,RP Burl,Salman Irshad
2515,1,14,4,Durbar Rajshahi,Khulna Tigers,RP Burl,Yasir Ali Chowdhury,Salman Irshad
2515,1,14,5,Durbar Rajshahi,Khulna Tigers,Yasir Ali Chowdhury,RP Burl,Salman Irshad
2515,1,14,6,Durbar Rajshahi,Khulna Tigers,RP Burl,Yasir Ali Chowdhury,Salman Irshad
2515,1,15,1,Durbar Rajshahi,Khulna Tigers,Yasir Ali Chowdhury,RP Burl,Mehedi Hasan Miraz
2515,1,15,2,Durbar Rajshahi,Khulna Tigers,RP Burl,Yasir Ali Chowdhury,Mehedi Hasan Miraz
2515,1,15,3,Durbar Rajshahi,Khulna Tigers,RP Burl,Yasir Ali Chowdhury,Mehedi Hasan Miraz
2515,1,15,4,Durbar Rajshahi,Khulna Tigers,Yasir Ali Chowdhury,RP Burl,Mehedi Hasan Miraz
2515,1,15,5,Durbar Rajshahi,Khulna Tigers,Yasir Ali Chowdhury,RP Burl,Mehedi Hasan Miraz
2515,1,15,6,Durbar Rajshahi,Khulna Tigers,RP Burl,Yasir Ali Chowdhury,Mehedi Hasan Miraz
2515,1,16,1,Durbar Rajshahi,Khulna Tigers,RP Burl,Yasir Ali Chowdhury,Hasan Mahmud
2515,1,16,2,Durbar Rajshahi,Khulna Tigers,RP Burl,Yasir Ali Chowdhury,Hasan Mahmud
2515,1,16,3,Durbar Rajshahi,Khulna Tigers,Yasir Ali Chowdhury,RP Burl,Hasan Mahmud
2515,1,16,4,Durbar Rajshahi,Khulna Tigers,RP Burl,Yasir Ali Chowdhury,Hasan Mahmud
2515,1,16,5,Durbar Rajshahi,Khulna Tigers,RP Burl,Yasir Ali Chowdhury,Hasan Mahmud
2515,1,16,6,Durbar Rajshahi,Khulna Tigers,RP Burl,Yasir Ali Chowdhury,Hasan Mahmud
2515,1,17,1,Durbar Rajshahi,Khulna Tigers,Yasir Ali Chowdhury,RP Burl,Salman Irshad
2515,1,17,2,Durbar Rajshahi,Khulna Tigers,RP Burl,Yasir Ali Chowdhury,Salman Irshad
2515,1,17,3,Durbar Rajshahi,Khulna Tigers,Yasir Ali Chowdhury,RP Burl,Salman Irshad
2515,1,17,4,Durbar Rajshahi,Khulna Tigers,RP Burl,Yasir Ali Chowdhury,Salman Irshad
2515,1,17,5,Durbar Rajshahi,Khulna Tigers,RP Burl,Yasir Ali Chowdhury,Salman Irshad
2515,1,17,6,Durbar Rajshahi,Khulna Tigers,RP Burl,Yasir Ali Chowdhury,Salman Irshad
2515,1,18,1,Durbar Rajshahi,Khulna Tigers,RP Burl,Yasir Ali Chowdhury,Abu Hider
2515,1,18,2,Durbar Rajshahi,Khulna Tigers,Yasir Ali Chowdhury,RP Burl,Abu Hider
2515,1,18,3,Durbar Rajshahi,Khulna Tigers,Akbar Ali,RP Burl,Abu Hider
2515,1,18,4,Durbar Rajshahi,Khulna Tigers,Akbar Ali,RP Burl,Abu Hider
2515,1,18,5,Durbar Rajshahi,Khulna Tigers,Akbar Ali,RP Burl,Abu Hider
2515,1,18,6,Durbar Rajshahi,Khulna Tigers,Akbar Ali,RP Burl,Abu Hider
2515,1,19,1,Durbar Rajshahi,Khulna Tigers,RP Burl,Akbar Ali,Hasan Mahmud
2515,1,19,2,Durbar Rajshahi,Khulna Tigers,RP Burl,Akbar Ali,Hasan Mahmud
2515,1,19,3,Durbar Rajshahi,Khulna Tigers,Akbar Ali,RP Burl,Hasan Mahmud
2515,1,19,4,Durbar Rajshahi,Khulna Tigers,Akbar Ali,RP Burl,Hasan Mahmud
2515,1,19,5,Durbar Rajshahi,Khulna Tigers,Akbar Ali,RP Burl,Hasan Mahmud
2515,1,19,6,Durbar Rajshahi,Khulna Tigers,Akbar Ali,RP Burl,Hasan Mahmud
2515,1,19,7,Durbar Rajshahi,Khulna Tigers,Akbar Ali,RP Burl,Hasan Mahmud
2515,2,0,1,Khulna Tigers,Durbar Rajshahi,WG Bosisto,Mohammad Naim,Jishan Alam
2515,2,0,2,Khulna Tigers,Durbar Rajshahi,WG Bosisto,Mohammad Naim,Jishan Alam
2515,2,0,3,Khulna Tigers,Durbar Rajshahi,WG Bosisto,Mohammad Naim,Jishan Alam
2515,2,0,4,Khulna Tigers,Durbar Rajshahi,WG Bosisto,Mohammad Naim,Jishan Alam
2515,2,0,5,Khulna Tigers,Durbar Rajshahi,WG Bosisto,Mohammad Naim,Jishan Alam
2515,2,0,6,Khulna Tigers,Durbar Rajshahi,Mehedi Hasan Miraz,Mohammad Naim,Jishan Alam
2515,2,1,1,Khulna Tigers,Durbar Rajshahi,Mohammad Naim,Mehedi Hasan Miraz,Taskin Ahmed
2515,2,1,2,Khulna Tigers,Durbar Rajshahi,Mehedi Hasan Miraz,Mohammad Naim,Taskin Ahmed
2515,2,1,3,Khulna Tigers,Durbar Rajshahi,Mehedi Hasan Miraz,Mohammad Naim,Taskin Ahmed
2515,2,1,4,Khulna Tigers,Durbar Rajshahi,Mohammad Naim,Mehedi Hasan Miraz,Taskin Ahmed
2515,2,1,5,Khulna Tigers,Durbar Rajshahi,Mohammad Naim,Mehedi Hasan Miraz,Taskin Ahmed
2515,2,1,6,Khulna Tigers,Durbar Rajshahi,Mohammad Naim,Mehedi Hasan Miraz,Taskin Ahmed
2515,2,1,7,Khulna Tigers,Durbar Rajshahi,Mohammad Naim,Mehedi Hasan Miraz,Taskin Ahmed
2515,2,2,1,Khulna Tigers,Durbar Rajshahi,Mehedi Hasan Miraz,Mohammad Naim,Jishan Alam
2515,2,2,2,Khulna Tigers,Durbar Rajshahi,Mohammad Naim,Mehedi Hasan Miraz,Jishan Alam
2515,2,2,3,Khulna Tigers,Durbar Rajshahi,Mohammad Naim,Mehedi Hasan Miraz,Jishan Alam
2515,2,2,4,Khulna Tigers,Durbar Rajshahi,Mohammad Naim,Mehedi Hasan Miraz,Jishan Alam
2515,2,2,5,Khulna Tigers,Durbar Rajshahi,Mohammad Naim,Mehedi Hasan Miraz,Jishan Alam
2515,2,2,6,Khulna Tigers,Durbar Rajshahi,Mohammad Naim,Mehedi Hasan Miraz,Jishan Alam
2515,2,3,1,Khulna Tigers,Durbar Rajshahi,Mehedi Hasan Miraz,Mohammad Naim,Taskin Ahmed
2515,2,3,2,Khulna Tigers,Durbar Rajshahi,Mohammad Naim,Mehedi Hasan Miraz,Taskin Ahmed
2515,2,3,3,Khulna Tigers,Durbar Rajshahi,Mehedi Hasan Miraz,Mohammad Naim,Taskin Ahmed
2515,2,3,4,Khulna Tigers,Durbar Rajshahi,Mehedi Hasan Miraz,Mohammad Naim,Taskin Ahmed
2515,2,3,5,Khulna Tigers,Durbar Rajshahi,Afif Hossain,Mohammad Naim,Taskin Ahmed
2515,2,3,6,Khulna Tigers,Durbar Rajshahi,Afif Hossain,Mohammad Naim,Taskin Ahmed
2515,2,4,1,Khulna Tigers,Durbar Rajshahi,Mohammad Naim,Afif Hossain,Jishan Alam
2515,2,4,2,Khulna Tigers,Durbar Rajshahi,Mohammad Naim,Afif Hossain,Jishan Alam
2515,2,4,3,Khulna Tigers,Durbar Rajshahi,Mohammad Naim,Afif Hossain,Jishan Alam
2515,2,4,4,Khulna Tigers,Durbar Rajshahi,Mohammad Naim,Afif Hossain,Jishan Alam
2515,2,4,5,Khulna Tigers,Durbar Rajshahi,Afif Hossain,Mohammad Naim,Jishan Alam
2515,2,4,6,Khulna Tigers,Durbar Rajshahi,Afif Hossain,Mohammad Naim,Jishan Alam
2515,2,5,1,Khulna Tigers,Durbar Rajshahi,Afif Hossain,Mohammad Naim,SM Meherob
2515,2,5,2,Khulna Tigers,Durbar Rajshahi,Afif Hossain,Mohammad Naim,SM Meherob
2515,2,5,3,Khulna Tigers,Durbar Rajshahi,Afif Hossain,Mohammad Naim,SM Meherob
2515,2,5,4,Khulna Tigers,Durbar Rajshahi,Afif Hossain,Mohammad Naim,SM Meherob
2515,2,5,5,Khulna Tigers,Durbar Rajshahi,Afif Hossain,Mohammad Naim,SM Meherob
2515,2,5,6,Khulna Tigers,Durbar Rajshahi,Mohammad Naim,Afif Hossain,SM Meherob
2515,2,5,7,Khulna Tigers,Durbar Rajshahi,Mohammad Naim,Afif Hossain,SM Meherob
2515,2,6,1,Khulna Tigers,Durbar Rajshahi,Afif Hossain,Mohammad Naim,Jishan Alam
2515,2,6,2,Khulna Tigers,Durbar Rajshahi,Mohammad Naim,Afif Hossain,Jishan Alam
2515,2,6,3,Khulna Tigers,Durbar Rajshahi,Mohammad Naim,Afif Hossain,Jishan Alam
2515,2,6,4,Khulna Tigers,Durbar Rajshahi,Afif Hossain,Mohammad Naim,Jishan Alam
2515,2,6,5,Khulna Tigers,Durbar Rajshahi,Afif Hossain,Mohammad Naim,Jishan Alam
2515,2,6,6,Khulna Tigers,Durbar Rajshahi,Mohammad Naim,Afif Hossain,Jishan Alam
2515,2,7,1,Khulna Tigers,Durbar Rajshahi,Afif Hossain,Mohammad Naim,SM Meherob
2515,2,7,2,Khulna Tigers,Durbar Rajshahi,Afif Hossain,Mohammad Naim,SM Meherob
2515,2,7,3,Khulna Tigers,Durbar Rajshahi,Mohammad Naim,Afif Hossain,SM Meherob
2515,2,7,4,Khulna Tigers,Durbar Rajshahi,Afif Hossain,Mohammad Naim,SM Meherob
2515,2,7,5,Khulna Tigers,Durbar Rajshahi,Mohammad Naim,Afif Hossain,SM Meherob
2515,2,7,6,Khulna Tigers,Durbar Rajshahi,Afif Hossain,Mohammad Naim,SM Meherob
2515,2,8,1,Khulna Tigers,Durbar Rajshahi,Mohammad Naim,Afif Hossain,Sohag Gazi
2515,2,8,2,Khulna Tigers,Durbar Rajshahi,Afif Hossain,Mohammad Naim,Sohag Gazi
2515,2,8,3,Khulna Tigers,Durbar Rajshahi,Mohammad Naim,Afif Hossain,Sohag Gazi
2515,2,8,4,Khulna Tigers,Durbar Rajshahi,Mohammad Naim,Afif Hossain,Sohag Gazi
2515,2,8,5,Khulna Tigers,Durbar Rajshahi,Afif Hossain,Mohammad Naim,Sohag Gazi
2515,2,8,6,Khulna Tigers,Durbar Rajshahi,Mohammad Naim,Afif Hossain,Sohag Gazi
2515,2,9,1,Khulna Tigers,Durbar Rajshahi,Mohammad Naim,Afif Hossain,SM Meherob
2515,2,9,2,Khulna Tigers,Durbar Rajshahi,Afif Hossain,Mohammad Naim,SM Meherob
2515,2,9,3,Khulna Tigers,Durbar Rajshahi,Afif Hossain,Mohammad Naim,SM Meherob
2515,2,9,4,Khulna Tigers,Durbar Rajshahi,Afif Hossain,Mohammad Naim,SM Meherob
2515,2,9,5,Khulna Tigers,Durbar Rajshahi,Mohammad Naim,Afif Hossain,SM Meherob
2515,2,9,6,Khulna Tigers,Durbar Rajshahi,Afif Hossain,Mohammad Naim,SM Meherob
2515,2,10,1,Khulna Tigers,Durbar Rajshahi,Afif Hossain,Mohammad Naim,Sohag Gazi
2515,2,10,2,Khulna Tigers,Durbar Rajshahi,Afif Hossain,Mohammad Naim,Sohag Gazi
2515,2,10,3,Khulna Tigers,Durbar Rajshahi,Mohammad Naim,Afif Hossain,Sohag Gazi
2515,2,10,4,Khulna Tigers,Durbar Rajshahi,Mahidul Islam Ankon,Afif Hossain,Sohag Gazi
2515,2,10,5,Khulna Tigers,Durbar Rajshahi,Afif Hossain,Mahidul Islam Ankon,Sohag Gazi
2515,2,10,6,Khulna Tigers,Durbar Rajshahi,Mahidul Islam Ankon,Afif Hossain,Sohag Gazi
2515,2,11,1,Khulna Tigers,Durbar Rajshahi,Afif Hossain,Mahidul Islam Ankon,Mrittunjoy Chowdhury
2515,2,11,2,Khulna Tigers,Durbar Rajshahi,Mahidul Islam Ankon,Afif Hossain,Mrittunjoy Chowdhury
2515,2,11,3,Khulna Tigers,Durbar Rajshahi,Mahidul Islam Ankon,Afif Hossain,Mrittunjoy Chowdhury
2515,2,11,4,Khulna Tigers,Durbar Rajshahi,Mahidul Islam Ankon,Afif Hossain,Mrittunjoy Chowdhury
2515,2,11,5,Khulna Tigers,Durbar Rajshahi,Afif Hossain,Mahidul Islam Ankon,Mrittunjoy Chowdhury
2515,2,11,6,Khulna Tigers,Durbar Rajshahi,Afif Hossain,Mahidul Islam Ankon,Mrittunjoy Chowdhury
2515,2,12,1,Khulna Tigers,Durbar Rajshahi,Mahidul Islam Ankon,Afif Hossain,Sohag Gazi
2515,2,12,2,Khulna Tigers,Durbar Rajshahi,Mahidul Islam Ankon,Afif Hossain,Sohag Gazi
2515,2,12,3,Khulna Tigers,Durbar Rajshahi,Mahidul Islam Ankon,Afif Hossain,Sohag Gazi
2515,2,12,4,Khulna Tigers,Durbar Rajshahi,Afif Hossain,Mahidul Islam Ankon,Sohag Gazi
2515,2,12,5,Khulna Tigers,Durbar Rajshahi,Afif Hossain,Mahidul Islam Ankon,Sohag Gazi
2515,2,12,6,Khulna Tigers,Durbar Rajshahi,Afif Hossain,Mahidul Islam Ankon,Sohag Gazi
2515,2,13,1,Khulna Tigers,Durbar Rajshahi,Mahidul Islam Ankon,Imrul Kayes,RP Burl
2515,2,13,2,Khulna Tigers,Durbar Rajshahi,Imrul Kayes,Mahidul Islam Ankon,RP Burl
2515,2,13,3,Khulna Tigers,Durbar Rajshahi,Mahidul Islam Ankon,Imrul Kayes,RP Burl
2515,2,13,4,Khulna Tigers,Durbar Rajshahi,Mahidul Islam Ankon,Imrul Kayes,RP Burl
2515,2,13,5,Khulna Tigers,Durbar Rajshahi,Abu Hider,Imrul Kayes,RP Burl
2515,2,13,6,Khulna Tigers,Durbar Rajshahi,Abu Hider,Imrul Kayes,RP Burl
2515,2,14,1,Khulna Tigers,Durbar Rajshahi,Abu Hider,Imrul Kayes,Mrittunjoy Chowdhury
2515,2,14,2,Khulna Tigers,Durbar Rajshahi,Imrul Kayes,Abu Hider,Mrittunjoy Chowdhury
2515,2,14,3,Khulna Tigers,Durbar Rajshahi,Imrul Kayes,Abu Hider,Mrittunjoy Chowdhury
2515,2,14,4,Khulna Tigers,Durbar Rajshahi,Imrul Kayes,Abu Hider,Mrittunjoy Chowdhury
2515,2,14,5,Khulna Tigers,Durbar Rajshahi,Imrul Kayes,Abu Hider,Mrittunjoy Chowdhury
2515,2,14,6,Khulna Tigers,Durbar Rajshahi,Imrul Kayes,Abu Hider,Mrittunjoy Chowdhury
2515,2,15,1,Khulna Tigers,Durbar Rajshahi,Abu Hider,Mohammad Nawaz,RP Burl
2515,2,15,2,Khulna Tigers,Durbar Rajshahi,Nasum Ahmed,Mohammad Nawaz,RP Burl
2515,2,15,3,Khulna Tigers,Durbar Rajshahi,Nasum Ahmed,Mohammad Nawaz,RP Burl
2515,2,15,4,Khulna Tigers,Durbar Rajshahi,Nasum Ahmed,Mohammad Nawaz,RP Burl
2515,2,15,5,Khulna Tigers,Durbar Rajshahi,Nasum Ahmed,Mohammad Nawaz,RP Burl
2515,2,15,6,Khulna Tigers,Durbar Rajshahi,Nasum Ahmed,Mohammad Nawaz,RP Burl
2515,2,16,1,Khulna Tigers,Durbar Rajshahi,Mohammad Nawaz,Nasum Ahmed,SM Meherob
2515,2,16,2,Khulna Tigers,Durbar Rajshahi,Mohammad Nawaz,Nasum Ahmed,SM Meherob
2515,2,16,3,Khulna Tigers,Durbar Rajshahi,Nasum Ahmed,Mohammad Nawaz,SM Meherob
2515,2,16,4,Khulna Tigers,Durbar Rajshahi,Nasum Ahmed,Mohammad Nawaz,SM Meherob
2515,2,16,5,Khulna Tigers,Durbar Rajshahi,Mohammad Nawaz,Nasum Ahmed,SM Meherob
2515,2,16,6,Khulna Tigers,Durbar Rajshahi,Mohammad Nawaz,Nasum Ahmed,SM Meherob
2515,2,16,7,Khulna Tigers,Durbar Rajshahi,Mohammad Nawaz,Nasum Ahmed,SM Meherob
2515,2,17,1,Khulna Tigers,Durbar Rajshahi,Nasum Ahmed,Hasan Mahmud,Taskin Ahmed
2515,2,17,2,Khulna Tigers,Durbar Rajshahi,Nasum Ahmed,Hasan Mahmud,Taskin Ahmed
2515,2,17,3,Khulna Tigers,Durbar Rajshahi,Nasum Ahmed,Hasan Mahmud,Taskin Ahmed
2515,2,17,4,Khulna Tigers,Durbar Rajshahi,Nasum Ahmed,Hasan Mahmud,Taskin Ahmed
2515,2,17,5,Khulna Tigers,Durbar Rajshahi,Nasum Ahmed,Hasan Mahmud,Taskin Ahmed
2515,2,17,6,Khulna Tigers,Durbar Rajshahi,Nasum Ahmed,Hasan Mahmud,Taskin Ahmed
2515,2,18,1,Khulna Tigers,Durbar Rajshahi,Hasan Mahmud,Nasum Ahmed,Shafiul Islam
2515,2,18,2,Khulna Tigers,Durbar Rajshahi,Nasum Ahmed,Hasan Mahmud,Shafiul Islam
2515,2,18,3,Khulna Tigers,Durbar Rajshahi,Nasum Ahmed,Hasan Mahmud,Shafiul Islam
2515,2,18,4,Khulna Tigers,Durbar Rajshahi,Nasum Ahmed,Hasan Mahmud,Shafiul Islam
2515,2,18,5,Khulna Tigers,Durbar Rajshahi,Salman Irshad,Hasan Mahmud,Shafiul Islam
2515,2,18,6,Khulna Tigers,Durbar Rajshahi,Hasan Mahmud,Salman Irshad,Shafiul Islam
2515,2,19,1,Khulna Tigers,Durbar Rajshahi,Hasan Mahmud,Salman Irshad,Taskin Ahmed
2515,2,19,2,Khulna Tigers,Durbar Rajshahi,Salman Irshad,Hasan Mahmud,Taskin Ahmed
2515,2,19,3,Khulna Tigers,Durbar Rajshahi,Salman Irshad,Hasan Mahmud,Taskin Ahmed
2515,2,19,4,Khulna Tigers,Durbar Rajshahi,Salman Irshad,Hasan Mahmud,Taskin Ahmed
