MATCHID,INNINGSNO,OVERNO,BALL_NO,TEAMBATTING,TEAM_BOWLING,STRIKER,NON_STRIKER,BOWLER
2502,1,0,1,Rangpur Riders,Dhaka Capital,SR Taylor,AD Hales,Amir Hamza
2502,1,0,2,Rangpur Riders,Dhaka Capital,SR Taylor,AD Hales,Amir Hamza
2502,1,0,3,Rangpur Riders,Dhaka Capital,SR Taylor,AD Hales,Amir Hamza
2502,1,0,4,Rangpur Riders,Dhaka Capital,SR Taylor,AD Hales,Amir Hamza
2502,1,0,5,Rangpur Riders,Dhaka Capital,SR Taylor,AD Hales,Amir Hamza
2502,1,0,6,Rangpur Riders,Dhaka Capital,SR Taylor,AD Hales,Amir Hamza
2502,1,1,1,Rangpur Riders,Dhaka Capital,AD Hales,SR Taylor,Mustafizur Rahman
2502,1,1,2,Rangpur Riders,Dhaka Capital,AD Hales,SR Taylor,Mustafizur Rahman
2502,1,1,3,Rangpur Riders,Dhaka Capital,AD Hales,SR Taylor,Mustafizur Rahman
2502,1,1,4,Rangpur Riders,Dhaka Capital,AD Hales,SR Taylor,Mustafizur Rahman
2502,1,1,5,Rangpur Riders,Dhaka Capital,SR Taylor,AD Hales,Mustafizur Rahman
2502,1,1,6,Rangpur Riders,Dhaka Capital,SR Taylor,AD Hales,Mustafizur Rahman
2502,1,1,7,Rangpur Riders,Dhaka Capital,Saif Hassan,AD Hales,Mustafizur Rahman
2502,1,2,1,Rangpur Riders,Dhaka Capital,AD Hales,Saif Hassan,Alauddin Babu
2502,1,2,2,Rangpur Riders,Dhaka Capital,AD Hales,Saif Hassan,Alauddin Babu
2502,1,2,3,Rangpur Riders,Dhaka Capital,Iftikhar Ahmed,Saif Hassan,Alauddin Babu
2502,1,2,4,Rangpur Riders,Dhaka Capital,Iftikhar Ahmed,Saif Hassan,Alauddin Babu
2502,1,2,5,Rangpur Riders,Dhaka Capital,Iftikhar Ahmed,Saif Hassan,Alauddin Babu
2502,1,2,6,Rangpur Riders,Dhaka Capital,Iftikhar Ahmed,Saif Hassan,Alauddin Babu
2502,1,2,7,Rangpur Riders,Dhaka Capital,Iftikhar Ahmed,Saif Hassan,Alauddin Babu
2502,1,2,8,Rangpur Riders,Dhaka Capital,Iftikhar Ahmed,Saif Hassan,Alauddin Babu
2502,1,3,1,Rangpur Riders,Dhaka Capital,Saif Hassan,Iftikhar Ahmed,Mustafizur Rahman
2502,1,3,2,Rangpur Riders,Dhaka Capital,Iftikhar Ahmed,Saif Hassan,Mustafizur Rahman
2502,1,3,3,Rangpur Riders,Dhaka Capital,Iftikhar Ahmed,Saif Hassan,Mustafizur Rahman
2502,1,3,4,Rangpur Riders,Dhaka Capital,Iftikhar Ahmed,Saif Hassan,Mustafizur Rahman
2502,1,3,5,Rangpur Riders,Dhaka Capital,Iftikhar Ahmed,Saif Hassan,Mustafizur Rahman
2502,1,3,6,Rangpur Riders,Dhaka Capital,Iftikhar Ahmed,Saif Hassan,Mustafizur Rahman
2502,1,4,1,Rangpur Riders,Dhaka Capital,Saif Hassan,Iftikhar Ahmed,Mukidul Islam
2502,1,4,2,Rangpur Riders,Dhaka Capital,Saif Hassan,Iftikhar Ahmed,Mukidul Islam
2502,1,4,3,Rangpur Riders,Dhaka Capital,Iftikhar Ahmed,Saif Hassan,Mukidul Islam
2502,1,4,4,Rangpur Riders,Dhaka Capital,Saif Hassan,Iftikhar Ahmed,Mukidul Islam
2502,1,4,5,Rangpur Riders,Dhaka Capital,Saif Hassan,Iftikhar Ahmed,Mukidul Islam
2502,1,4,6,Rangpur Riders,Dhaka Capital,Saif Hassan,Iftikhar Ahmed,Mukidul Islam
2502,1,4,7,Rangpur Riders,Dhaka Capital,Saif Hassan,Iftikhar Ahmed,Mukidul Islam
2502,1,5,1,Rangpur Riders,Dhaka Capital,Saif Hassan,Iftikhar Ahmed,Nazmul Islam
2502,1,5,2,Rangpur Riders,Dhaka Capital,Saif Hassan,Iftikhar Ahmed,Nazmul Islam
2502,1,5,3,Rangpur Riders,Dhaka Capital,Iftikhar Ahmed,Saif Hassan,Nazmul Islam
2502,1,5,4,Rangpur Riders,Dhaka Capital,Saif Hassan,Iftikhar Ahmed,Nazmul Islam
2502,1,5,5,Rangpur Riders,Dhaka Capital,Iftikhar Ahmed,Saif Hassan,Nazmul Islam
2502,1,5,6,Rangpur Riders,Dhaka Capital,Saif Hassan,Iftikhar Ahmed,Nazmul Islam
2502,1,6,1,Rangpur Riders,Dhaka Capital,Iftikhar Ahmed,Saif Hassan,Mukidul Islam
2502,1,6,2,Rangpur Riders,Dhaka Capital,Saif Hassan,Iftikhar Ahmed,Mukidul Islam
2502,1,6,3,Rangpur Riders,Dhaka Capital,Saif Hassan,Iftikhar Ahmed,Mukidul Islam
2502,1,6,4,Rangpur Riders,Dhaka Capital,Iftikhar Ahmed,Saif Hassan,Mukidul Islam
2502,1,6,5,Rangpur Riders,Dhaka Capital,Iftikhar Ahmed,Saif Hassan,Mukidul Islam
2502,1,6,6,Rangpur Riders,Dhaka Capital,Saif Hassan,Iftikhar Ahmed,Mukidul Islam
2502,1,7,1,Rangpur Riders,Dhaka Capital,Iftikhar Ahmed,Saif Hassan,Nazmul Islam
2502,1,7,2,Rangpur Riders,Dhaka Capital,Saif Hassan,Iftikhar Ahmed,Nazmul Islam
2502,1,7,3,Rangpur Riders,Dhaka Capital,Iftikhar Ahmed,Saif Hassan,Nazmul Islam
2502,1,7,4,Rangpur Riders,Dhaka Capital,Iftikhar Ahmed,Saif Hassan,Nazmul Islam
2502,1,7,5,Rangpur Riders,Dhaka Capital,Iftikhar Ahmed,Saif Hassan,Nazmul Islam
2502,1,7,6,Rangpur Riders,Dhaka Capital,Iftikhar Ahmed,Saif Hassan,Nazmul Islam
2502,1,8,1,Rangpur Riders,Dhaka Capital,Iftikhar Ahmed,Saif Hassan,Amir Hamza
2502,1,8,2,Rangpur Riders,Dhaka Capital,Iftikhar Ahmed,Saif Hassan,Amir Hamza
2502,1,8,3,Rangpur Riders,Dhaka Capital,Iftikhar Ahmed,Saif Hassan,Amir Hamza
2502,1,8,4,Rangpur Riders,Dhaka Capital,Saif Hassan,Iftikhar Ahmed,Amir Hamza
2502,1,8,5,Rangpur Riders,Dhaka Capital,Iftikhar Ahmed,Saif Hassan,Amir Hamza
2502,1,8,6,Rangpur Riders,Dhaka Capital,Saif Hassan,Iftikhar Ahmed,Amir Hamza
2502,1,8,7,Rangpur Riders,Dhaka Capital,Saif Hassan,Iftikhar Ahmed,Amir Hamza
2502,1,8,8,Rangpur Riders,Dhaka Capital,Saif Hassan,Iftikhar Ahmed,Amir Hamza
2502,1,9,1,Rangpur Riders,Dhaka Capital,Saif Hassan,Iftikhar Ahmed,Nazmul Islam
2502,1,9,2,Rangpur Riders,Dhaka Capital,Saif Hassan,Iftikhar Ahmed,Nazmul Islam
2502,1,9,3,Rangpur Riders,Dhaka Capital,Saif Hassan,Iftikhar Ahmed,Nazmul Islam
2502,1,9,4,Rangpur Riders,Dhaka Capital,Iftikhar Ahmed,Saif Hassan,Nazmul Islam
2502,1,9,5,Rangpur Riders,Dhaka Capital,Saif Hassan,Iftikhar Ahmed,Nazmul Islam
2502,1,9,6,Rangpur Riders,Dhaka Capital,Iftikhar Ahmed,Saif Hassan,Nazmul Islam
2502,1,10,1,Rangpur Riders,Dhaka Capital,Saif Hassan,Iftikhar Ahmed,Amir Hamza
2502,1,10,2,Rangpur Riders,Dhaka Capital,Saif Hassan,Iftikhar Ahmed,Amir Hamza
2502,1,10,3,Rangpur Riders,Dhaka Capital,Iftikhar Ahmed,Saif Hassan,Amir Hamza
2502,1,10,4,Rangpur Riders,Dhaka Capital,Saif Hassan,Iftikhar Ahmed,Amir Hamza
2502,1,10,5,Rangpur Riders,Dhaka Capital,Iftikhar Ahmed,Saif Hassan,Amir Hamza
2502,1,10,6,Rangpur Riders,Dhaka Capital,Saif Hassan,Iftikhar Ahmed,Amir Hamza
2502,1,11,1,Rangpur Riders,Dhaka Capital,Iftikhar Ahmed,Saif Hassan,Farmanullah
2502,1,11,2,Rangpur Riders,Dhaka Capital,Iftikhar Ahmed,Saif Hassan,Farmanullah
2502,1,11,3,Rangpur Riders,Dhaka Capital,Iftikhar Ahmed,Saif Hassan,Farmanullah
2502,1,11,4,Rangpur Riders,Dhaka Capital,Iftikhar Ahmed,Saif Hassan,Farmanullah
2502,1,11,5,Rangpur Riders,Dhaka Capital,Saif Hassan,Iftikhar Ahmed,Farmanullah
2502,1,11,6,Rangpur Riders,Dhaka Capital,Saif Hassan,Iftikhar Ahmed,Farmanullah
2502,1,12,1,Rangpur Riders,Dhaka Capital,Saif Hassan,Iftikhar Ahmed,Nazmul Islam
2502,1,12,2,Rangpur Riders,Dhaka Capital,Saif Hassan,Iftikhar Ahmed,Nazmul Islam
2502,1,12,3,Rangpur Riders,Dhaka Capital,Saif Hassan,Iftikhar Ahmed,Nazmul Islam
2502,1,12,4,Rangpur Riders,Dhaka Capital,Iftikhar Ahmed,Saif Hassan,Nazmul Islam
2502,1,12,5,Rangpur Riders,Dhaka Capital,Saif Hassan,Iftikhar Ahmed,Nazmul Islam
2502,1,12,6,Rangpur Riders,Dhaka Capital,Iftikhar Ahmed,Saif Hassan,Nazmul Islam
2502,1,13,1,Rangpur Riders,Dhaka Capital,Saif Hassan,Iftikhar Ahmed,Alauddin Babu
2502,1,13,2,Rangpur Riders,Dhaka Capital,Khushdil Shah,Iftikhar Ahmed,Alauddin Babu
2502,1,13,3,Rangpur Riders,Dhaka Capital,Khushdil Shah,Iftikhar Ahmed,Alauddin Babu
2502,1,13,4,Rangpur Riders,Dhaka Capital,Iftikhar Ahmed,Khushdil Shah,Alauddin Babu
2502,1,13,5,Rangpur Riders,Dhaka Capital,Khushdil Shah,Iftikhar Ahmed,Alauddin Babu
2502,1,13,6,Rangpur Riders,Dhaka Capital,Khushdil Shah,Iftikhar Ahmed,Alauddin Babu
2502,1,14,1,Rangpur Riders,Dhaka Capital,Khushdil Shah,Iftikhar Ahmed,Mukidul Islam
2502,1,14,2,Rangpur Riders,Dhaka Capital,Iftikhar Ahmed,Khushdil Shah,Mukidul Islam
2502,1,14,3,Rangpur Riders,Dhaka Capital,Khushdil Shah,Iftikhar Ahmed,Mukidul Islam
2502,1,14,4,Rangpur Riders,Dhaka Capital,Iftikhar Ahmed,Khushdil Shah,Mukidul Islam
2502,1,14,5,Rangpur Riders,Dhaka Capital,Iftikhar Ahmed,Khushdil Shah,Mukidul Islam
2502,1,14,6,Rangpur Riders,Dhaka Capital,Khushdil Shah,Iftikhar Ahmed,Mukidul Islam
2502,1,15,1,Rangpur Riders,Dhaka Capital,Khushdil Shah,Iftikhar Ahmed,Alauddin Babu
2502,1,15,2,Rangpur Riders,Dhaka Capital,Khushdil Shah,Iftikhar Ahmed,Alauddin Babu
2502,1,15,3,Rangpur Riders,Dhaka Capital,Iftikhar Ahmed,Khushdil Shah,Alauddin Babu
2502,1,15,4,Rangpur Riders,Dhaka Capital,Nurul Hasan,Khushdil Shah,Alauddin Babu
2502,1,15,5,Rangpur Riders,Dhaka Capital,Khushdil Shah,Nurul Hasan,Alauddin Babu
2502,1,15,6,Rangpur Riders,Dhaka Capital,Khushdil Shah,Nurul Hasan,Alauddin Babu
2502,1,16,1,Rangpur Riders,Dhaka Capital,Khushdil Shah,Nurul Hasan,Mustafizur Rahman
2502,1,16,2,Rangpur Riders,Dhaka Capital,Khushdil Shah,Nurul Hasan,Mustafizur Rahman
2502,1,16,3,Rangpur Riders,Dhaka Capital,Khushdil Shah,Nurul Hasan,Mustafizur Rahman
2502,1,16,4,Rangpur Riders,Dhaka Capital,Nurul Hasan,Khushdil Shah,Mustafizur Rahman
2502,1,16,5,Rangpur Riders,Dhaka Capital,Nurul Hasan,Khushdil Shah,Mustafizur Rahman
2502,1,16,6,Rangpur Riders,Dhaka Capital,Nurul Hasan,Khushdil Shah,Mustafizur Rahman
2502,1,17,1,Rangpur Riders,Dhaka Capital,Khushdil Shah,Nurul Hasan,Alauddin Babu
2502,1,17,2,Rangpur Riders,Dhaka Capital,Nurul Hasan,Khushdil Shah,Alauddin Babu
2502,1,17,3,Rangpur Riders,Dhaka Capital,Nurul Hasan,Khushdil Shah,Alauddin Babu
2502,1,17,4,Rangpur Riders,Dhaka Capital,Nurul Hasan,Khushdil Shah,Alauddin Babu
2502,1,17,5,Rangpur Riders,Dhaka Capital,Nurul Hasan,Khushdil Shah,Alauddin Babu
2502,1,17,6,Rangpur Riders,Dhaka Capital,Nurul Hasan,Khushdil Shah,Alauddin Babu
2502,1,17,7,Rangpur Riders,Dhaka Capital,Nurul Hasan,Khushdil Shah,Alauddin Babu
2502,1,17,8,Rangpur Riders,Dhaka Capital,Nurul Hasan,Khushdil Shah,Alauddin Babu
2502,1,18,1,Rangpur Riders,Dhaka Capital,Khushdil Shah,Nurul Hasan,Mukidul Islam
2502,1,18,2,Rangpur Riders,Dhaka Capital,Nurul Hasan,Khushdil Shah,Mukidul Islam
2502,1,18,3,Rangpur Riders,Dhaka Capital,Nurul Hasan,Khushdil Shah,Mukidul Islam
2502,1,18,4,Rangpur Riders,Dhaka Capital,Mohammad Saifuddin,Khushdil Shah,Mukidul Islam
2502,1,18,5,Rangpur Riders,Dhaka Capital,Mahedi Hasan,Khushdil Shah,Mukidul Islam
2502,1,18,6,Rangpur Riders,Dhaka Capital,Khushdil Shah,Mahedi Hasan,Mukidul Islam
2502,1,19,1,Rangpur Riders,Dhaka Capital,Khushdil Shah,Mahedi Hasan,Mustafizur Rahman
2502,1,19,2,Rangpur Riders,Dhaka Capital,Khushdil Shah,Mahedi Hasan,Mustafizur Rahman
2502,1,19,3,Rangpur Riders,Dhaka Capital,Khushdil Shah,Mahedi Hasan,Mustafizur Rahman
2502,1,19,4,Rangpur Riders,Dhaka Capital,Khushdil Shah,Mahedi Hasan,Mustafizur Rahman
2502,1,19,5,Rangpur Riders,Dhaka Capital,Khushdil Shah,Mahedi Hasan,Mustafizur Rahman
2502,1,19,6,Rangpur Riders,Dhaka Capital,Khushdil Shah,Mahedi Hasan,Mustafizur Rahman
2502,1,19,7,Rangpur Riders,Dhaka Capital,Khushdil Shah,Mahedi Hasan,Mustafizur Rahman
2502,2,0,1,Dhaka Capital,Rangpur Riders,Tanzid Hasan,Liton Das,Mohammad Saifuddin
2502,2,0,2,Dhaka Capital,Rangpur Riders,Tanzid Hasan,Liton Das,Mohammad Saifuddin
2502,2,0,3,Dhaka Capital,Rangpur Riders,Tanzid Hasan,Liton Das,Mohammad Saifuddin
2502,2,0,4,Dhaka Capital,Rangpur Riders,Liton Das,Tanzid Hasan,Mohammad Saifuddin
2502,2,0,5,Dhaka Capital,Rangpur Riders,Liton Das,Tanzid Hasan,Mohammad Saifuddin
2502,2,0,6,Dhaka Capital,Rangpur Riders,Liton Das,Tanzid Hasan,Mohammad Saifuddin
2502,2,1,1,Dhaka Capital,Rangpur Riders,Liton Das,Tanzid Hasan,Mahedi Hasan
2502,2,1,2,Dhaka Capital,Rangpur Riders,Liton Das,Tanzid Hasan,Mahedi Hasan
2502,2,1,3,Dhaka Capital,Rangpur Riders,Tanzid Hasan,Liton Das,Mahedi Hasan
2502,2,1,4,Dhaka Capital,Rangpur Riders,Tanzid Hasan,Liton Das,Mahedi Hasan
2502,2,1,5,Dhaka Capital,Rangpur Riders,Liton Das,Tanzid Hasan,Mahedi Hasan
2502,2,1,6,Dhaka Capital,Rangpur Riders,Liton Das,Tanzid Hasan,Mahedi Hasan
2502,2,1,7,Dhaka Capital,Rangpur Riders,Liton Das,Tanzid Hasan,Mahedi Hasan
2502,2,2,1,Dhaka Capital,Rangpur Riders,Liton Das,Tanzid Hasan,Rakibul Hasan
2502,2,2,2,Dhaka Capital,Rangpur Riders,Liton Das,Tanzid Hasan,Rakibul Hasan
2502,2,2,3,Dhaka Capital,Rangpur Riders,Liton Das,Tanzid Hasan,Rakibul Hasan
2502,2,2,4,Dhaka Capital,Rangpur Riders,Liton Das,Tanzid Hasan,Rakibul Hasan
2502,2,2,5,Dhaka Capital,Rangpur Riders,Liton Das,Tanzid Hasan,Rakibul Hasan
2502,2,2,6,Dhaka Capital,Rangpur Riders,Tanzid Hasan,Liton Das,Rakibul Hasan
2502,2,2,7,Dhaka Capital,Rangpur Riders,Liton Das,Tanzid Hasan,Rakibul Hasan
2502,2,3,1,Dhaka Capital,Rangpur Riders,Tanzid Hasan,Liton Das,Mahedi Hasan
2502,2,3,2,Dhaka Capital,Rangpur Riders,Liton Das,Tanzid Hasan,Mahedi Hasan
2502,2,3,3,Dhaka Capital,Rangpur Riders,Tanzid Hasan,Liton Das,Mahedi Hasan
2502,2,3,4,Dhaka Capital,Rangpur Riders,Tanzid Hasan,Liton Das,Mahedi Hasan
2502,2,3,5,Dhaka Capital,Rangpur Riders,Liton Das,Tanzid Hasan,Mahedi Hasan
2502,2,3,6,Dhaka Capital,Rangpur Riders,Liton Das,Tanzid Hasan,Mahedi Hasan
2502,2,4,1,Dhaka Capital,Rangpur Riders,Tanzid Hasan,Liton Das,Kamrul Islam Rabbi
2502,2,4,2,Dhaka Capital,Rangpur Riders,Liton Das,Tanzid Hasan,Kamrul Islam Rabbi
2502,2,4,3,Dhaka Capital,Rangpur Riders,Liton Das,Tanzid Hasan,Kamrul Islam Rabbi
2502,2,4,4,Dhaka Capital,Rangpur Riders,Liton Das,Tanzid Hasan,Kamrul Islam Rabbi
2502,2,4,5,Dhaka Capital,Rangpur Riders,Liton Das,Tanzid Hasan,Kamrul Islam Rabbi
2502,2,4,6,Dhaka Capital,Rangpur Riders,Liton Das,Tanzid Hasan,Kamrul Islam Rabbi
2502,2,5,1,Dhaka Capital,Rangpur Riders,Tanzid Hasan,Liton Das,Mohammad Saifuddin
2502,2,5,2,Dhaka Capital,Rangpur Riders,Tanzid Hasan,Liton Das,Mohammad Saifuddin
2502,2,5,3,Dhaka Capital,Rangpur Riders,Tanzid Hasan,Liton Das,Mohammad Saifuddin
2502,2,5,4,Dhaka Capital,Rangpur Riders,Tanzid Hasan,Liton Das,Mohammad Saifuddin
2502,2,5,5,Dhaka Capital,Rangpur Riders,Liton Das,Tanzid Hasan,Mohammad Saifuddin
2502,2,5,6,Dhaka Capital,Rangpur Riders,Tanzid Hasan,Liton Das,Mohammad Saifuddin
2502,2,5,7,Dhaka Capital,Rangpur Riders,Tanzid Hasan,Liton Das,Mohammad Saifuddin
2502,2,6,1,Dhaka Capital,Rangpur Riders,Liton Das,Tanzid Hasan,Nahid Rana
2502,2,6,2,Dhaka Capital,Rangpur Riders,Tanzid Hasan,Liton Das,Nahid Rana
2502,2,6,3,Dhaka Capital,Rangpur Riders,Tanzid Hasan,Liton Das,Nahid Rana
2502,2,6,4,Dhaka Capital,Rangpur Riders,Tanzid Hasan,Liton Das,Nahid Rana
2502,2,6,5,Dhaka Capital,Rangpur Riders,Tanzid Hasan,Liton Das,Nahid Rana
2502,2,6,6,Dhaka Capital,Rangpur Riders,Liton Das,Tanzid Hasan,Nahid Rana
2502,2,7,1,Dhaka Capital,Rangpur Riders,Liton Das,Tanzid Hasan,Mahedi Hasan
2502,2,7,2,Dhaka Capital,Rangpur Riders,Tanzid Hasan,Liton Das,Mahedi Hasan
2502,2,7,3,Dhaka Capital,Rangpur Riders,Tanzid Hasan,Liton Das,Mahedi Hasan
2502,2,7,4,Dhaka Capital,Rangpur Riders,Tanzid Hasan,Liton Das,Mahedi Hasan
2502,2,7,5,Dhaka Capital,Rangpur Riders,Habibur Rahman,Liton Das,Mahedi Hasan
2502,2,7,6,Dhaka Capital,Rangpur Riders,Habibur Rahman,Liton Das,Mahedi Hasan
2502,2,7,7,Dhaka Capital,Rangpur Riders,SS Eskinazi,Liton Das,Mahedi Hasan
2502,2,8,1,Dhaka Capital,Rangpur Riders,Liton Das,SS Eskinazi,Nahid Rana
2502,2,8,2,Dhaka Capital,Rangpur Riders,Liton Das,SS Eskinazi,Nahid Rana
2502,2,8,3,Dhaka Capital,Rangpur Riders,Liton Das,SS Eskinazi,Nahid Rana
2502,2,8,4,Dhaka Capital,Rangpur Riders,SS Eskinazi,Liton Das,Nahid Rana
2502,2,8,5,Dhaka Capital,Rangpur Riders,SS Eskinazi,Liton Das,Nahid Rana
2502,2,8,6,Dhaka Capital,Rangpur Riders,SS Eskinazi,Liton Das,Nahid Rana
2502,2,8,7,Dhaka Capital,Rangpur Riders,SS Eskinazi,Liton Das,Nahid Rana
2502,2,9,1,Dhaka Capital,Rangpur Riders,Liton Das,SS Eskinazi,Mahedi Hasan
2502,2,9,2,Dhaka Capital,Rangpur Riders,Farmanullah,SS Eskinazi,Mahedi Hasan
2502,2,9,3,Dhaka Capital,Rangpur Riders,SS Eskinazi,Farmanullah,Mahedi Hasan
2502,2,9,4,Dhaka Capital,Rangpur Riders,SS Eskinazi,Farmanullah,Mahedi Hasan
2502,2,9,5,Dhaka Capital,Rangpur Riders,Farmanullah,SS Eskinazi,Mahedi Hasan
2502,2,9,6,Dhaka Capital,Rangpur Riders,NLTC Perera,SS Eskinazi,Mahedi Hasan
2502,2,10,1,Dhaka Capital,Rangpur Riders,SS Eskinazi,NLTC Perera,Rakibul Hasan
2502,2,10,2,Dhaka Capital,Rangpur Riders,SS Eskinazi,NLTC Perera,Rakibul Hasan
2502,2,10,3,Dhaka Capital,Rangpur Riders,NLTC Perera,SS Eskinazi,Rakibul Hasan
2502,2,10,4,Dhaka Capital,Rangpur Riders,SS Eskinazi,NLTC Perera,Rakibul Hasan
2502,2,10,5,Dhaka Capital,Rangpur Riders,NLTC Perera,SS Eskinazi,Rakibul Hasan
2502,2,10,6,Dhaka Capital,Rangpur Riders,NLTC Perera,SS Eskinazi,Rakibul Hasan
2502,2,11,1,Dhaka Capital,Rangpur Riders,SS Eskinazi,NLTC Perera,Kamrul Islam Rabbi
2502,2,11,2,Dhaka Capital,Rangpur Riders,SS Eskinazi,NLTC Perera,Kamrul Islam Rabbi
2502,2,11,3,Dhaka Capital,Rangpur Riders,NLTC Perera,SS Eskinazi,Kamrul Islam Rabbi
2502,2,11,4,Dhaka Capital,Rangpur Riders,NLTC Perera,SS Eskinazi,Kamrul Islam Rabbi
2502,2,11,5,Dhaka Capital,Rangpur Riders,NLTC Perera,SS Eskinazi,Kamrul Islam Rabbi
2502,2,11,6,Dhaka Capital,Rangpur Riders,NLTC Perera,SS Eskinazi,Kamrul Islam Rabbi
2502,2,11,7,Dhaka Capital,Rangpur Riders,NLTC Perera,SS Eskinazi,Kamrul Islam Rabbi
2502,2,12,1,Dhaka Capital,Rangpur Riders,SS Eskinazi,Alauddin Babu,Khushdil Shah
2502,2,12,2,Dhaka Capital,Rangpur Riders,SS Eskinazi,Alauddin Babu,Khushdil Shah
2502,2,12,3,Dhaka Capital,Rangpur Riders,Alauddin Babu,SS Eskinazi,Khushdil Shah
2502,2,12,4,Dhaka Capital,Rangpur Riders,SS Eskinazi,Alauddin Babu,Khushdil Shah
2502,2,12,5,Dhaka Capital,Rangpur Riders,Alauddin Babu,SS Eskinazi,Khushdil Shah
2502,2,12,6,Dhaka Capital,Rangpur Riders,Amir Hamza,SS Eskinazi,Khushdil Shah
2502,2,13,1,Dhaka Capital,Rangpur Riders,SS Eskinazi,Amir Hamza,Rakibul Hasan
2502,2,13,2,Dhaka Capital,Rangpur Riders,SS Eskinazi,Amir Hamza,Rakibul Hasan
2502,2,13,3,Dhaka Capital,Rangpur Riders,SS Eskinazi,Amir Hamza,Rakibul Hasan
2502,2,13,4,Dhaka Capital,Rangpur Riders,Amir Hamza,SS Eskinazi,Rakibul Hasan
2502,2,13,5,Dhaka Capital,Rangpur Riders,Amir Hamza,SS Eskinazi,Rakibul Hasan
2502,2,13,6,Dhaka Capital,Rangpur Riders,Amir Hamza,SS Eskinazi,Rakibul Hasan
2502,2,13,7,Dhaka Capital,Rangpur Riders,Amir Hamza,SS Eskinazi,Rakibul Hasan
2502,2,14,1,Dhaka Capital,Rangpur Riders,SS Eskinazi,Mukidul Islam,Khushdil Shah
2502,2,14,2,Dhaka Capital,Rangpur Riders,SS Eskinazi,Mukidul Islam,Khushdil Shah
2502,2,14,3,Dhaka Capital,Rangpur Riders,Mukidul Islam,SS Eskinazi,Khushdil Shah
2502,2,14,4,Dhaka Capital,Rangpur Riders,Mukidul Islam,SS Eskinazi,Khushdil Shah
2502,2,14,5,Dhaka Capital,Rangpur Riders,Mukidul Islam,SS Eskinazi,Khushdil Shah
2502,2,14,6,Dhaka Capital,Rangpur Riders,SS Eskinazi,Mukidul Islam,Khushdil Shah
2502,2,15,1,Dhaka Capital,Rangpur Riders,Mukidul Islam,Nazmul Islam,Rakibul Hasan
2502,2,15,2,Dhaka Capital,Rangpur Riders,Nazmul Islam,Mukidul Islam,Rakibul Hasan
2502,2,15,3,Dhaka Capital,Rangpur Riders,Nazmul Islam,Mukidul Islam,Rakibul Hasan
2502,2,15,4,Dhaka Capital,Rangpur Riders,Mukidul Islam,Nazmul Islam,Rakibul Hasan
2502,2,15,5,Dhaka Capital,Rangpur Riders,Mukidul Islam,Nazmul Islam,Rakibul Hasan
2502,2,15,6,Dhaka Capital,Rangpur Riders,Mukidul Islam,Nazmul Islam,Rakibul Hasan
2502,2,16,1,Dhaka Capital,Rangpur Riders,Nazmul Islam,Mukidul Islam,Mohammad Saifuddin
2502,2,16,2,Dhaka Capital,Rangpur Riders,Mukidul Islam,Nazmul Islam,Mohammad Saifuddin
2502,2,16,3,Dhaka Capital,Rangpur Riders,Nazmul Islam,Mukidul Islam,Mohammad Saifuddin
2502,2,16,4,Dhaka Capital,Rangpur Riders,Nazmul Islam,Mukidul Islam,Mohammad Saifuddin
2502,2,16,5,Dhaka Capital,Rangpur Riders,Nazmul Islam,Mukidul Islam,Mohammad Saifuddin
2502,2,16,6,Dhaka Capital,Rangpur Riders,Nazmul Islam,Mukidul Islam,Mohammad Saifuddin
2502,2,17,1,Dhaka Capital,Rangpur Riders,Nazmul Islam,Mukidul Islam,Nahid Rana
2502,2,17,2,Dhaka Capital,Rangpur Riders,Nazmul Islam,Mukidul Islam,Nahid Rana
2502,2,17,3,Dhaka Capital,Rangpur Riders,Mukidul Islam,Nazmul Islam,Nahid Rana
2502,2,17,4,Dhaka Capital,Rangpur Riders,Nazmul Islam,Mukidul Islam,Nahid Rana
2502,2,17,5,Dhaka Capital,Rangpur Riders,Nazmul Islam,Mukidul Islam,Nahid Rana
2502,2,17,6,Dhaka Capital,Rangpur Riders,Mukidul Islam,Nazmul Islam,Nahid Rana
2502,2,17,7,Dhaka Capital,Rangpur Riders,Nazmul Islam,Mukidul Islam,Nahid Rana
2502,2,18,1,Dhaka Capital,Rangpur Riders,Mukidul Islam,Nazmul Islam,Mohammad Saifuddin
2502,2,18,2,Dhaka Capital,Rangpur Riders,Mustafizur Rahman,Nazmul Islam,Mohammad Saifuddin
2502,2,18,3,Dhaka Capital,Rangpur Riders,Mustafizur Rahman,Nazmul Islam,Mohammad Saifuddin
2502,2,18,4,Dhaka Capital,Rangpur Riders,Mustafizur Rahman,Nazmul Islam,Mohammad Saifuddin
2502,2,18,5,Dhaka Capital,Rangpur Riders,Mustafizur Rahman,Nazmul Islam,Mohammad Saifuddin
2502,2,18,6,Dhaka Capital,Rangpur Riders,Mustafizur Rahman,Nazmul Islam,Mohammad Saifuddin
2502,2,18,7,Dhaka Capital,Rangpur Riders,Mustafizur Rahman,Nazmul Islam,Mohammad Saifuddin
2502,2,19,1,Dhaka Capital,Rangpur Riders,Nazmul Islam,Mustafizur Rahman,Kamrul Islam Rabbi
2502,2,19,2,Dhaka Capital,Rangpur Riders,Nazmul Islam,Mustafizur Rahman,Kamrul Islam Rabbi
2502,2,19,3,Dhaka Capital,Rangpur Riders,Nazmul Islam,Mustafizur Rahman,Kamrul Islam Rabbi
2502,2,19,4,Dhaka Capital,Rangpur Riders,Mustafizur Rahman,Nazmul Islam,Kamrul Islam Rabbi
2502,2,19,5,Dhaka Capital,Rangpur Riders,Mustafizur Rahman,Nazmul Islam,Kamrul Islam Rabbi
2502,2,19,6,Dhaka Capital,Rangpur Riders,Nazmul Islam,Mustafizur Rahman,Kamrul Islam Rabbi
2502,2,19,7,Dhaka Capital,Rangpur Riders,Nazmul Islam,Mustafizur Rahman,Kamrul Islam Rabbi
