MATCHID,INNINGSNO,OVERNO,BALL_NO,TEAMBATTING,TEAMBOWLING,STRIKER,NON_STRIKER,BOWLER
2538,1,0,1,Dhaka Capital,Fortune Barishal,Tanzid Hasan,Liton Das,Ebadat Hossain
2538,1,0,2,Dhaka Capital,Fortune Barishal,Tanzid Hasan,Liton Das,Ebadat Hossain
2538,1,0,3,Dhaka Capital,Fortune Barishal,Tanzid Hasan,Liton Das,Ebadat Hossain
2538,1,0,4,Dhaka Capital,Fortune Barishal,Liton Das,Tanzid Hasan,Ebadat Hossain
2538,1,0,5,Dhaka Capital,Fortune Barishal,Liton Das,Tanzid Hasan,Ebadat Hossain
2538,1,0,6,Dhaka Capital,Fortune Barishal,Liton Das,Tanzid Hasan,Ebadat Hossain
2538,1,1,1,Dhaka Capital,Fortune Barishal,Tanzid Hasan,Liton Das,Mohammad Nabi
2538,1,1,2,Dhaka Capital,Fortune Barishal,Liton Das,Tanzid Hasan,Mohammad Nabi
2538,1,1,3,Dhaka Capital,Fortune Barishal,Tanzid Hasan,Liton Das,Mohammad Nabi
2538,1,1,4,Dhaka Capital,Fortune Barishal,Liton Das,Tanzid Hasan,Mohammad Nabi
2538,1,1,5,Dhaka Capital,Fortune Barishal,Liton Das,Tanzid Hasan,Mohammad Nabi
2538,1,1,6,Dhaka Capital,Fortune Barishal,Liton Das,Tanzid Hasan,Mohammad Nabi
2538,1,2,1,Dhaka Capital,Fortune Barishal,Liton Das,Tanzid Hasan,Tanvir Islam
2538,1,2,2,Dhaka Capital,Fortune Barishal,Riaz Hassan,Tanzid Hasan,Tanvir Islam
2538,1,2,3,Dhaka Capital,Fortune Barishal,Riaz Hassan,Tanzid Hasan,Tanvir Islam
2538,1,2,4,Dhaka Capital,Fortune Barishal,Riaz Hassan,Tanzid Hasan,Tanvir Islam
2538,1,2,5,Dhaka Capital,Fortune Barishal,Riaz Hassan,Tanzid Hasan,Tanvir Islam
2538,1,2,6,Dhaka Capital,Fortune Barishal,JP Kotze,Tanzid Hasan,Tanvir Islam
2538,1,3,1,Dhaka Capital,Fortune Barishal,Tanzid Hasan,JP Kotze,Mohammad Nabi
2538,1,3,2,Dhaka Capital,Fortune Barishal,Tanzid Hasan,JP Kotze,Mohammad Nabi
2538,1,3,3,Dhaka Capital,Fortune Barishal,Tanzid Hasan,JP Kotze,Mohammad Nabi
2538,1,3,4,Dhaka Capital,Fortune Barishal,Tanzid Hasan,JP Kotze,Mohammad Nabi
2538,1,3,5,Dhaka Capital,Fortune Barishal,JP Kotze,Tanzid Hasan,Mohammad Nabi
2538,1,3,6,Dhaka Capital,Fortune Barishal,JP Kotze,Tanzid Hasan,Mohammad Nabi
2538,1,4,1,Dhaka Capital,Fortune Barishal,Tanzid Hasan,JP Kotze,JK Fuller
2538,1,4,2,Dhaka Capital,Fortune Barishal,JP Kotze,Tanzid Hasan,JK Fuller
2538,1,4,3,Dhaka Capital,Fortune Barishal,JP Kotze,Tanzid Hasan,JK Fuller
2538,1,4,4,Dhaka Capital,Fortune Barishal,JP Kotze,Tanzid Hasan,JK Fuller
2538,1,4,5,Dhaka Capital,Fortune Barishal,Tanzid Hasan,JP Kotze,JK Fuller
2538,1,4,6,Dhaka Capital,Fortune Barishal,Tanzid Hasan,JP Kotze,JK Fuller
2538,1,4,7,Dhaka Capital,Fortune Barishal,Tanzid Hasan,JP Kotze,JK Fuller
2538,1,5,1,Dhaka Capital,Fortune Barishal,Tanzid Hasan,JP Kotze,Faheem Ashraf
2538,1,5,2,Dhaka Capital,Fortune Barishal,Sabbir Rahman,JP Kotze,Faheem Ashraf
2538,1,5,3,Dhaka Capital,Fortune Barishal,Sabbir Rahman,JP Kotze,Faheem Ashraf
2538,1,5,4,Dhaka Capital,Fortune Barishal,Sabbir Rahman,JP Kotze,Faheem Ashraf
2538,1,5,5,Dhaka Capital,Fortune Barishal,Sabbir Rahman,JP Kotze,Faheem Ashraf
2538,1,5,6,Dhaka Capital,Fortune Barishal,Sabbir Rahman,JP Kotze,Faheem Ashraf
2538,1,5,7,Dhaka Capital,Fortune Barishal,Sabbir Rahman,JP Kotze,Faheem Ashraf
2538,1,5,8,Dhaka Capital,Fortune Barishal,Sabbir Rahman,JP Kotze,Faheem Ashraf
2538,1,6,1,Dhaka Capital,Fortune Barishal,JP Kotze,Sabbir Rahman,Ebadat Hossain
2538,1,6,2,Dhaka Capital,Fortune Barishal,JP Kotze,Sabbir Rahman,Ebadat Hossain
2538,1,6,3,Dhaka Capital,Fortune Barishal,JP Kotze,Sabbir Rahman,Ebadat Hossain
2538,1,6,4,Dhaka Capital,Fortune Barishal,JP Kotze,Sabbir Rahman,Ebadat Hossain
2538,1,6,5,Dhaka Capital,Fortune Barishal,Sabbir Rahman,JP Kotze,Ebadat Hossain
2538,1,6,6,Dhaka Capital,Fortune Barishal,Sabbir Rahman,JP Kotze,Ebadat Hossain
2538,1,7,1,Dhaka Capital,Fortune Barishal,Sabbir Rahman,JP Kotze,Mohammad Nabi
2538,1,7,2,Dhaka Capital,Fortune Barishal,Sabbir Rahman,JP Kotze,Mohammad Nabi
2538,1,7,3,Dhaka Capital,Fortune Barishal,Mosaddek Hossain,JP Kotze,Mohammad Nabi
2538,1,7,4,Dhaka Capital,Fortune Barishal,Mosaddek Hossain,JP Kotze,Mohammad Nabi
2538,1,7,5,Dhaka Capital,Fortune Barishal,Mosaddek Hossain,JP Kotze,Mohammad Nabi
2538,1,7,6,Dhaka Capital,Fortune Barishal,Mosaddek Hossain,JP Kotze,Mohammad Nabi
2538,1,7,7,Dhaka Capital,Fortune Barishal,JP Kotze,Mosaddek Hossain,Mohammad Nabi
2538,1,8,1,Dhaka Capital,Fortune Barishal,Mosaddek Hossain,JP Kotze,Tanvir Islam
2538,1,8,2,Dhaka Capital,Fortune Barishal,Mosaddek Hossain,JP Kotze,Tanvir Islam
2538,1,8,3,Dhaka Capital,Fortune Barishal,JP Kotze,Mosaddek Hossain,Tanvir Islam
2538,1,8,4,Dhaka Capital,Fortune Barishal,JP Kotze,Mosaddek Hossain,Tanvir Islam
2538,1,8,5,Dhaka Capital,Fortune Barishal,JP Kotze,Mosaddek Hossain,Tanvir Islam
2538,1,8,6,Dhaka Capital,Fortune Barishal,Mosaddek Hossain,JP Kotze,Tanvir Islam
2538,1,9,1,Dhaka Capital,Fortune Barishal,JP Kotze,NLTC Perera,Ebadat Hossain
2538,1,9,2,Dhaka Capital,Fortune Barishal,NLTC Perera,JP Kotze,Ebadat Hossain
2538,1,9,3,Dhaka Capital,Fortune Barishal,NLTC Perera,JP Kotze,Ebadat Hossain
2538,1,9,4,Dhaka Capital,Fortune Barishal,JP Kotze,NLTC Perera,Ebadat Hossain
2538,1,9,5,Dhaka Capital,Fortune Barishal,JP Kotze,NLTC Perera,Ebadat Hossain
2538,1,9,6,Dhaka Capital,Fortune Barishal,JP Kotze,NLTC Perera,Ebadat Hossain
2538,1,10,1,Dhaka Capital,Fortune Barishal,JP Kotze,NLTC Perera,Mohammad Nabi
2538,1,10,2,Dhaka Capital,Fortune Barishal,Nazmul Islam,NLTC Perera,Mohammad Nabi
2538,1,10,3,Dhaka Capital,Fortune Barishal,Nazmul Islam,NLTC Perera,Mohammad Nabi
2538,1,10,4,Dhaka Capital,Fortune Barishal,RR Beaton,NLTC Perera,Mohammad Nabi
2538,1,10,5,Dhaka Capital,Fortune Barishal,RR Beaton,NLTC Perera,Mohammad Nabi
2538,1,10,6,Dhaka Capital,Fortune Barishal,RR Beaton,NLTC Perera,Mohammad Nabi
2538,1,10,7,Dhaka Capital,Fortune Barishal,RR Beaton,NLTC Perera,Mohammad Nabi
2538,1,11,1,Dhaka Capital,Fortune Barishal,NLTC Perera,RR Beaton,JK Fuller
2538,1,11,2,Dhaka Capital,Fortune Barishal,RR Beaton,NLTC Perera,JK Fuller
2538,1,11,3,Dhaka Capital,Fortune Barishal,RR Beaton,NLTC Perera,JK Fuller
2538,1,11,4,Dhaka Capital,Fortune Barishal,RR Beaton,NLTC Perera,JK Fuller
2538,1,11,5,Dhaka Capital,Fortune Barishal,RR Beaton,NLTC Perera,JK Fuller
2538,1,11,6,Dhaka Capital,Fortune Barishal,RR Beaton,NLTC Perera,JK Fuller
2538,1,12,1,Dhaka Capital,Fortune Barishal,RR Beaton,NLTC Perera,Faheem Ashraf
2538,1,12,2,Dhaka Capital,Fortune Barishal,RR Beaton,NLTC Perera,Faheem Ashraf
2538,1,12,3,Dhaka Capital,Fortune Barishal,RR Beaton,NLTC Perera,Faheem Ashraf
2538,1,12,4,Dhaka Capital,Fortune Barishal,NLTC Perera,RR Beaton,Faheem Ashraf
2538,1,12,5,Dhaka Capital,Fortune Barishal,RR Beaton,NLTC Perera,Faheem Ashraf
2538,1,12,6,Dhaka Capital,Fortune Barishal,RR Beaton,NLTC Perera,Faheem Ashraf
2538,1,12,7,Dhaka Capital,Fortune Barishal,Mustafizur Rahman,NLTC Perera,Faheem Ashraf
2538,1,13,1,Dhaka Capital,Fortune Barishal,NLTC Perera,Mustafizur Rahman,Ebadat Hossain
2538,1,13,2,Dhaka Capital,Fortune Barishal,NLTC Perera,Mustafizur Rahman,Ebadat Hossain
2538,1,13,3,Dhaka Capital,Fortune Barishal,NLTC Perera,Mustafizur Rahman,Ebadat Hossain
2538,1,13,4,Dhaka Capital,Fortune Barishal,Mustafizur Rahman,NLTC Perera,Ebadat Hossain
2538,1,13,5,Dhaka Capital,Fortune Barishal,NLTC Perera,Mustafizur Rahman,Ebadat Hossain
2538,1,13,6,Dhaka Capital,Fortune Barishal,Mustafizur Rahman,NLTC Perera,Ebadat Hossain
2538,1,14,1,Dhaka Capital,Fortune Barishal,Mustafizur Rahman,NLTC Perera,JK Fuller
2538,1,14,2,Dhaka Capital,Fortune Barishal,Mustafizur Rahman,NLTC Perera,JK Fuller
2538,1,14,3,Dhaka Capital,Fortune Barishal,Mehedi Hasan Rana,NLTC Perera,JK Fuller
2538,1,14,4,Dhaka Capital,Fortune Barishal,Mehedi Hasan Rana,NLTC Perera,JK Fuller
2538,1,14,5,Dhaka Capital,Fortune Barishal,Mehedi Hasan Rana,NLTC Perera,JK Fuller
2538,1,14,6,Dhaka Capital,Fortune Barishal,Mehedi Hasan Rana,NLTC Perera,JK Fuller
2538,1,15,1,Dhaka Capital,Fortune Barishal,NLTC Perera,Mehedi Hasan Rana,Faheem Ashraf
2538,1,15,2,Dhaka Capital,Fortune Barishal,NLTC Perera,Mehedi Hasan Rana,Faheem Ashraf
2538,1,15,3,Dhaka Capital,Fortune Barishal,NLTC Perera,Mehedi Hasan Rana,Faheem Ashraf
2538,2,0,1,Fortune Barishal,Dhaka Capital,Tamim Iqbal,Towhid Hridoy,Mustafizur Rahman
2538,2,0,2,Fortune Barishal,Dhaka Capital,Tamim Iqbal,Towhid Hridoy,Mustafizur Rahman
2538,2,0,3,Fortune Barishal,Dhaka Capital,Towhid Hridoy,Tamim Iqbal,Mustafizur Rahman
2538,2,0,4,Fortune Barishal,Dhaka Capital,Tamim Iqbal,Towhid Hridoy,Mustafizur Rahman
2538,2,0,5,Fortune Barishal,Dhaka Capital,Towhid Hridoy,Tamim Iqbal,Mustafizur Rahman
2538,2,0,6,Fortune Barishal,Dhaka Capital,Towhid Hridoy,Tamim Iqbal,Mustafizur Rahman
2538,2,1,1,Fortune Barishal,Dhaka Capital,Towhid Hridoy,Tamim Iqbal,Mehedi Hasan Rana
2538,2,1,2,Fortune Barishal,Dhaka Capital,Towhid Hridoy,Tamim Iqbal,Mehedi Hasan Rana
2538,2,1,3,Fortune Barishal,Dhaka Capital,Towhid Hridoy,Tamim Iqbal,Mehedi Hasan Rana
2538,2,1,4,Fortune Barishal,Dhaka Capital,Towhid Hridoy,Tamim Iqbal,Mehedi Hasan Rana
2538,2,1,5,Fortune Barishal,Dhaka Capital,Tamim Iqbal,Towhid Hridoy,Mehedi Hasan Rana
2538,2,1,6,Fortune Barishal,Dhaka Capital,Tamim Iqbal,Towhid Hridoy,Mehedi Hasan Rana
2538,2,2,1,Fortune Barishal,Dhaka Capital,Towhid Hridoy,Tamim Iqbal,Mustafizur Rahman
2538,2,2,2,Fortune Barishal,Dhaka Capital,Towhid Hridoy,Tamim Iqbal,Mustafizur Rahman
2538,2,2,3,Fortune Barishal,Dhaka Capital,DJ Malan,Tamim Iqbal,Mustafizur Rahman
2538,2,2,4,Fortune Barishal,Dhaka Capital,DJ Malan,Tamim Iqbal,Mustafizur Rahman
2538,2,2,5,Fortune Barishal,Dhaka Capital,DJ Malan,Tamim Iqbal,Mustafizur Rahman
2538,2,2,6,Fortune Barishal,Dhaka Capital,DJ Malan,Tamim Iqbal,Mustafizur Rahman
2538,2,3,1,Fortune Barishal,Dhaka Capital,Tamim Iqbal,DJ Malan,Mosaddek Hossain
2538,2,3,2,Fortune Barishal,Dhaka Capital,Tamim Iqbal,DJ Malan,Mosaddek Hossain
2538,2,3,3,Fortune Barishal,Dhaka Capital,DJ Malan,Tamim Iqbal,Mosaddek Hossain
2538,2,3,4,Fortune Barishal,Dhaka Capital,Tamim Iqbal,DJ Malan,Mosaddek Hossain
2538,2,3,5,Fortune Barishal,Dhaka Capital,Tamim Iqbal,DJ Malan,Mosaddek Hossain
2538,2,3,6,Fortune Barishal,Dhaka Capital,Tamim Iqbal,DJ Malan,Mosaddek Hossain
2538,2,4,1,Fortune Barishal,Dhaka Capital,DJ Malan,Tamim Iqbal,RR Beaton
2538,2,4,2,Fortune Barishal,Dhaka Capital,DJ Malan,Tamim Iqbal,RR Beaton
2538,2,4,3,Fortune Barishal,Dhaka Capital,DJ Malan,Tamim Iqbal,RR Beaton
2538,2,4,4,Fortune Barishal,Dhaka Capital,DJ Malan,Tamim Iqbal,RR Beaton
2538,2,4,5,Fortune Barishal,Dhaka Capital,DJ Malan,Tamim Iqbal,RR Beaton
2538,2,4,6,Fortune Barishal,Dhaka Capital,DJ Malan,Tamim Iqbal,RR Beaton
2538,2,5,1,Fortune Barishal,Dhaka Capital,Tamim Iqbal,DJ Malan,Mehedi Hasan Rana
2538,2,5,2,Fortune Barishal,Dhaka Capital,Tamim Iqbal,DJ Malan,Mehedi Hasan Rana
2538,2,5,3,Fortune Barishal,Dhaka Capital,DJ Malan,Tamim Iqbal,Mehedi Hasan Rana
2538,2,5,4,Fortune Barishal,Dhaka Capital,Tamim Iqbal,DJ Malan,Mehedi Hasan Rana
2538,2,5,5,Fortune Barishal,Dhaka Capital,DJ Malan,Tamim Iqbal,Mehedi Hasan Rana
2538,2,5,6,Fortune Barishal,Dhaka Capital,Tamim Iqbal,DJ Malan,Mehedi Hasan Rana
2538,2,6,1,Fortune Barishal,Dhaka Capital,DJ Malan,Tamim Iqbal,Nazmul Islam
2538,2,6,2,Fortune Barishal,Dhaka Capital,DJ Malan,Tamim Iqbal,Nazmul Islam
2538,2,6,3,Fortune Barishal,Dhaka Capital,DJ Malan,Tamim Iqbal,Nazmul Islam
