MATCHID,INNINGSNO,OVERNO,BALL_NO,TEAMBATTING,TEAM_BOWLING,STRIKER,NON_STRIKER,BOWLER
2529,1,0,1,Chittagong Kings,Dhaka Capital,Naeem Islam,Zubaid Akbari,Mustafizur Rahman
2529,1,0,2,Chittagong Kings,Dhaka Capital,Naeem Islam,Zubaid Akbari,Mustafizur Rahman
2529,1,0,3,Chittagong Kings,Dhaka Capital,Naeem Islam,Zubaid Akbari,Mustafizur Rahman
2529,1,0,4,Chittagong Kings,Dhaka Capital,Naeem Islam,Zubaid Akbari,Mustafizur Rahman
2529,1,0,5,Chittagong Kings,Dhaka Capital,Naeem Islam,Zubaid Akbari,Mustafizur Rahman
2529,1,0,6,Chittagong Kings,Dhaka Capital,Naeem Islam,Zubaid Akbari,Mustafizur Rahman
2529,1,1,1,Chittagong Kings,Dhaka Capital,Zubaid Akbari,Naeem Islam,RR Beaton
2529,1,1,2,Chittagong Kings,Dhaka Capital,Zubaid Akbari,Naeem Islam,RR Beaton
2529,1,1,3,Chittagong Kings,Dhaka Capital,Zubaid Akbari,Naeem Islam,RR Beaton
2529,1,1,4,Chittagong Kings,Dhaka Capital,Zubaid Akbari,Naeem Islam,RR Beaton
2529,1,1,5,Chittagong Kings,Dhaka Capital,Zubaid Akbari,Naeem Islam,RR Beaton
2529,1,1,6,Chittagong Kings,Dhaka Capital,Zubaid Akbari,Naeem Islam,RR Beaton
2529,1,2,1,Chittagong Kings,Dhaka Capital,Naeem Islam,Zubaid Akbari,Mustafizur Rahman
2529,1,2,2,Chittagong Kings,Dhaka Capital,Naeem Islam,Zubaid Akbari,Mustafizur Rahman
2529,1,2,3,Chittagong Kings,Dhaka Capital,Naeem Islam,Zubaid Akbari,Mustafizur Rahman
2529,1,2,4,Chittagong Kings,Dhaka Capital,Naeem Islam,Zubaid Akbari,Mustafizur Rahman
2529,1,2,5,Chittagong Kings,Dhaka Capital,Naeem Islam,Zubaid Akbari,Mustafizur Rahman
2529,1,2,6,Chittagong Kings,Dhaka Capital,Naeem Islam,Zubaid Akbari,Mustafizur Rahman
2529,1,3,1,Chittagong Kings,Dhaka Capital,Zubaid Akbari,Naeem Islam,Mosaddek Hossain
2529,1,3,2,Chittagong Kings,Dhaka Capital,Naeem Islam,Zubaid Akbari,Mosaddek Hossain
2529,1,3,3,Chittagong Kings,Dhaka Capital,Naeem Islam,Zubaid Akbari,Mosaddek Hossain
2529,1,3,4,Chittagong Kings,Dhaka Capital,Naeem Islam,Zubaid Akbari,Mosaddek Hossain
2529,1,3,5,Chittagong Kings,Dhaka Capital,Naeem Islam,Zubaid Akbari,Mosaddek Hossain
2529,1,3,6,Chittagong Kings,Dhaka Capital,Naeem Islam,Zubaid Akbari,Mosaddek Hossain
2529,1,4,1,Chittagong Kings,Dhaka Capital,Zubaid Akbari,Naeem Islam,RR Beaton
2529,1,4,2,Chittagong Kings,Dhaka Capital,Zubaid Akbari,Naeem Islam,RR Beaton
2529,1,4,3,Chittagong Kings,Dhaka Capital,Zubaid Akbari,Naeem Islam,RR Beaton
2529,1,4,4,Chittagong Kings,Dhaka Capital,Zubaid Akbari,Naeem Islam,RR Beaton
2529,1,4,5,Chittagong Kings,Dhaka Capital,Zubaid Akbari,Naeem Islam,RR Beaton
2529,1,4,6,Chittagong Kings,Dhaka Capital,Zubaid Akbari,Naeem Islam,RR Beaton
2529,1,5,1,Chittagong Kings,Dhaka Capital,Naeem Islam,Zubaid Akbari,Mehedi Hasan Rana
2529,1,5,2,Chittagong Kings,Dhaka Capital,Zubaid Akbari,Naeem Islam,Mehedi Hasan Rana
2529,1,5,3,Chittagong Kings,Dhaka Capital,Naeem Islam,Zubaid Akbari,Mehedi Hasan Rana
2529,1,5,4,Chittagong Kings,Dhaka Capital,Naeem Islam,Zubaid Akbari,Mehedi Hasan Rana
2529,1,5,5,Chittagong Kings,Dhaka Capital,Naeem Islam,Zubaid Akbari,Mehedi Hasan Rana
2529,1,5,6,Chittagong Kings,Dhaka Capital,Naeem Islam,Zubaid Akbari,Mehedi Hasan Rana
2529,1,6,1,Chittagong Kings,Dhaka Capital,Naeem Islam,Zubaid Akbari,NLTC Perera
2529,1,6,2,Chittagong Kings,Dhaka Capital,Zubaid Akbari,Naeem Islam,NLTC Perera
2529,1,6,3,Chittagong Kings,Dhaka Capital,Zubaid Akbari,Naeem Islam,NLTC Perera
2529,1,6,4,Chittagong Kings,Dhaka Capital,Zubaid Akbari,Naeem Islam,NLTC Perera
2529,1,6,5,Chittagong Kings,Dhaka Capital,Naeem Islam,Zubaid Akbari,NLTC Perera
2529,1,6,6,Chittagong Kings,Dhaka Capital,Zubaid Akbari,Naeem Islam,NLTC Perera
2529,1,7,1,Chittagong Kings,Dhaka Capital,Naeem Islam,Zubaid Akbari,Mosaddek Hossain
2529,1,7,2,Chittagong Kings,Dhaka Capital,Zubaid Akbari,Naeem Islam,Mosaddek Hossain
2529,1,7,3,Chittagong Kings,Dhaka Capital,G Clark,Naeem Islam,Mosaddek Hossain
2529,1,7,4,Chittagong Kings,Dhaka Capital,Naeem Islam,G Clark,Mosaddek Hossain
2529,1,7,5,Chittagong Kings,Dhaka Capital,G Clark,Naeem Islam,Mosaddek Hossain
2529,1,7,6,Chittagong Kings,Dhaka Capital,G Clark,Naeem Islam,Mosaddek Hossain
2529,1,8,1,Chittagong Kings,Dhaka Capital,G Clark,Naeem Islam,Nazmul Islam
2529,1,8,2,Chittagong Kings,Dhaka Capital,Naeem Islam,G Clark,Nazmul Islam
2529,1,8,3,Chittagong Kings,Dhaka Capital,Naeem Islam,G Clark,Nazmul Islam
2529,1,8,4,Chittagong Kings,Dhaka Capital,G Clark,Naeem Islam,Nazmul Islam
2529,1,8,5,Chittagong Kings,Dhaka Capital,G Clark,Naeem Islam,Nazmul Islam
2529,1,8,6,Chittagong Kings,Dhaka Capital,Naeem Islam,G Clark,Nazmul Islam
2529,1,9,1,Chittagong Kings,Dhaka Capital,G Clark,Naeem Islam,Mehedi Hasan Rana
2529,1,9,2,Chittagong Kings,Dhaka Capital,G Clark,Naeem Islam,Mehedi Hasan Rana
2529,1,9,3,Chittagong Kings,Dhaka Capital,Naeem Islam,G Clark,Mehedi Hasan Rana
2529,1,9,4,Chittagong Kings,Dhaka Capital,Naeem Islam,G Clark,Mehedi Hasan Rana
2529,1,9,5,Chittagong Kings,Dhaka Capital,Naeem Islam,G Clark,Mehedi Hasan Rana
2529,1,9,6,Chittagong Kings,Dhaka Capital,Naeem Islam,G Clark,Mehedi Hasan Rana
2529,1,10,1,Chittagong Kings,Dhaka Capital,G Clark,Naeem Islam,Mustafizur Rahman
2529,1,10,2,Chittagong Kings,Dhaka Capital,Naeem Islam,G Clark,Mustafizur Rahman
2529,1,10,3,Chittagong Kings,Dhaka Capital,Naeem Islam,G Clark,Mustafizur Rahman
2529,1,10,4,Chittagong Kings,Dhaka Capital,G Clark,Naeem Islam,Mustafizur Rahman
2529,1,10,5,Chittagong Kings,Dhaka Capital,G Clark,Naeem Islam,Mustafizur Rahman
2529,1,10,6,Chittagong Kings,Dhaka Capital,G Clark,Naeem Islam,Mustafizur Rahman
2529,1,11,1,Chittagong Kings,Dhaka Capital,G Clark,Naeem Islam,NLTC Perera
2529,1,11,2,Chittagong Kings,Dhaka Capital,Naeem Islam,G Clark,NLTC Perera
2529,1,11,3,Chittagong Kings,Dhaka Capital,G Clark,Naeem Islam,NLTC Perera
2529,1,11,4,Chittagong Kings,Dhaka Capital,G Clark,Naeem Islam,NLTC Perera
2529,1,11,5,Chittagong Kings,Dhaka Capital,Naeem Islam,G Clark,NLTC Perera
2529,1,11,6,Chittagong Kings,Dhaka Capital,Naeem Islam,G Clark,NLTC Perera
2529,1,12,1,Chittagong Kings,Dhaka Capital,G Clark,Naeem Islam,Nazmul Islam
2529,1,12,2,Chittagong Kings,Dhaka Capital,G Clark,Naeem Islam,Nazmul Islam
2529,1,12,3,Chittagong Kings,Dhaka Capital,G Clark,Naeem Islam,Nazmul Islam
2529,1,12,4,Chittagong Kings,Dhaka Capital,Hussain Talat,Naeem Islam,Nazmul Islam
2529,1,12,5,Chittagong Kings,Dhaka Capital,Hussain Talat,Naeem Islam,Nazmul Islam
2529,1,12,6,Chittagong Kings,Dhaka Capital,Shamim Hossain,Naeem Islam,Nazmul Islam
2529,1,13,1,Chittagong Kings,Dhaka Capital,Naeem Islam,Shamim Hossain,Mosaddek Hossain
2529,1,13,2,Chittagong Kings,Dhaka Capital,Naeem Islam,Shamim Hossain,Mosaddek Hossain
2529,1,13,3,Chittagong Kings,Dhaka Capital,Shamim Hossain,Naeem Islam,Mosaddek Hossain
2529,1,13,4,Chittagong Kings,Dhaka Capital,Shamim Hossain,Naeem Islam,Mosaddek Hossain
2529,1,13,5,Chittagong Kings,Dhaka Capital,Naeem Islam,Shamim Hossain,Mosaddek Hossain
2529,1,13,6,Chittagong Kings,Dhaka Capital,Haider Ali,Shamim Hossain,Mosaddek Hossain
2529,1,13,7,Chittagong Kings,Dhaka Capital,Shamim Hossain,Haider Ali,Mosaddek Hossain
2529,1,14,1,Chittagong Kings,Dhaka Capital,Haider Ali,Shamim Hossain,Nazmul Islam
2529,1,14,2,Chittagong Kings,Dhaka Capital,Shamim Hossain,Haider Ali,Nazmul Islam
2529,1,14,3,Chittagong Kings,Dhaka Capital,Shamim Hossain,Haider Ali,Nazmul Islam
2529,1,14,4,Chittagong Kings,Dhaka Capital,Shamim Hossain,Haider Ali,Nazmul Islam
2529,1,14,5,Chittagong Kings,Dhaka Capital,Haider Ali,Shamim Hossain,Nazmul Islam
2529,1,14,6,Chittagong Kings,Dhaka Capital,Haider Ali,Shamim Hossain,Nazmul Islam
2529,1,15,1,Chittagong Kings,Dhaka Capital,Shamim Hossain,Haider Ali,Mustafizur Rahman
2529,1,15,2,Chittagong Kings,Dhaka Capital,Shamim Hossain,Haider Ali,Mustafizur Rahman
2529,1,15,3,Chittagong Kings,Dhaka Capital,Haider Ali,Shamim Hossain,Mustafizur Rahman
2529,1,15,4,Chittagong Kings,Dhaka Capital,Shamim Hossain,Haider Ali,Mustafizur Rahman
2529,1,15,5,Chittagong Kings,Dhaka Capital,Haider Ali,Shamim Hossain,Mustafizur Rahman
2529,1,15,6,Chittagong Kings,Dhaka Capital,Haider Ali,Shamim Hossain,Mustafizur Rahman
2529,1,16,1,Chittagong Kings,Dhaka Capital,Shamim Hossain,Haider Ali,Mehedi Hasan Rana
2529,1,16,2,Chittagong Kings,Dhaka Capital,Haider Ali,Shamim Hossain,Mehedi Hasan Rana
2529,1,16,3,Chittagong Kings,Dhaka Capital,Shamim Hossain,Haider Ali,Mehedi Hasan Rana
2529,1,16,4,Chittagong Kings,Dhaka Capital,Shamim Hossain,Haider Ali,Mehedi Hasan Rana
2529,1,16,5,Chittagong Kings,Dhaka Capital,Haider Ali,Shamim Hossain,Mehedi Hasan Rana
2529,1,16,6,Chittagong Kings,Dhaka Capital,Shamim Hossain,Haider Ali,Mehedi Hasan Rana
2529,1,17,1,Chittagong Kings,Dhaka Capital,Shamim Hossain,Haider Ali,RR Beaton
2529,1,17,2,Chittagong Kings,Dhaka Capital,Shamim Hossain,Haider Ali,RR Beaton
2529,1,17,3,Chittagong Kings,Dhaka Capital,Mohammad Mithun,Haider Ali,RR Beaton
2529,1,17,4,Chittagong Kings,Dhaka Capital,Mohammad Mithun,Haider Ali,RR Beaton
2529,1,17,5,Chittagong Kings,Dhaka Capital,Mohammad Mithun,Haider Ali,RR Beaton
2529,1,17,6,Chittagong Kings,Dhaka Capital,Mohammad Mithun,Haider Ali,RR Beaton
2529,1,17,7,Chittagong Kings,Dhaka Capital,Mohammad Mithun,Haider Ali,RR Beaton
2529,1,17,8,Chittagong Kings,Dhaka Capital,Haider Ali,Mohammad Mithun,RR Beaton
2529,1,17,9,Chittagong Kings,Dhaka Capital,Mohammad Mithun,Haider Ali,RR Beaton
2529,1,17,10,Chittagong Kings,Dhaka Capital,Mohammad Mithun,Haider Ali,RR Beaton
2529,1,18,1,Chittagong Kings,Dhaka Capital,Haider Ali,Mohammad Mithun,Mehedi Hasan Rana
2529,1,18,2,Chittagong Kings,Dhaka Capital,Khaled Ahmed,Mohammad Mithun,Mehedi Hasan Rana
2529,1,18,3,Chittagong Kings,Dhaka Capital,Khaled Ahmed,Mohammad Mithun,Mehedi Hasan Rana
2529,1,18,4,Chittagong Kings,Dhaka Capital,Khaled Ahmed,Mohammad Mithun,Mehedi Hasan Rana
2529,1,18,5,Chittagong Kings,Dhaka Capital,Khaled Ahmed,Mohammad Mithun,Mehedi Hasan Rana
2529,1,18,6,Chittagong Kings,Dhaka Capital,Khaled Ahmed,Mohammad Mithun,Mehedi Hasan Rana
2529,1,19,1,Chittagong Kings,Dhaka Capital,Mohammad Mithun,Khaled Ahmed,RR Beaton
2529,1,19,2,Chittagong Kings,Dhaka Capital,Mohammad Mithun,Khaled Ahmed,RR Beaton
2529,1,19,3,Chittagong Kings,Dhaka Capital,Mohammad Mithun,Khaled Ahmed,RR Beaton
2529,1,19,4,Chittagong Kings,Dhaka Capital,Mohammad Mithun,Khaled Ahmed,RR Beaton
2529,1,19,5,Chittagong Kings,Dhaka Capital,Mohammad Mithun,Khaled Ahmed,RR Beaton
2529,1,19,6,Chittagong Kings,Dhaka Capital,Khaled Ahmed,Mohammad Mithun,RR Beaton
2529,2,0,1,Dhaka Capital,Chittagong Kings,Tanzid Hasan,Liton Das,Shoriful Islam
2529,2,0,2,Dhaka Capital,Chittagong Kings,Tanzid Hasan,Liton Das,Shoriful Islam
2529,2,0,3,Dhaka Capital,Chittagong Kings,Tanzid Hasan,Liton Das,Shoriful Islam
2529,2,0,4,Dhaka Capital,Chittagong Kings,Liton Das,Tanzid Hasan,Shoriful Islam
2529,2,0,5,Dhaka Capital,Chittagong Kings,Tanzid Hasan,Liton Das,Shoriful Islam
2529,2,0,6,Dhaka Capital,Chittagong Kings,Tanzid Hasan,Liton Das,Shoriful Islam
2529,2,0,7,Dhaka Capital,Chittagong Kings,Liton Das,Tanzid Hasan,Shoriful Islam
2529,2,1,1,Dhaka Capital,Chittagong Kings,Liton Das,Tanzid Hasan,Al Islam
2529,2,1,2,Dhaka Capital,Chittagong Kings,Liton Das,Tanzid Hasan,Al Islam
2529,2,1,3,Dhaka Capital,Chittagong Kings,Tanzid Hasan,Liton Das,Al Islam
2529,2,1,4,Dhaka Capital,Chittagong Kings,Liton Das,Tanzid Hasan,Al Islam
2529,2,1,5,Dhaka Capital,Chittagong Kings,Tanzid Hasan,Liton Das,Al Islam
2529,2,1,6,Dhaka Capital,Chittagong Kings,Liton Das,Tanzid Hasan,Al Islam
2529,2,2,1,Dhaka Capital,Chittagong Kings,Tanzid Hasan,Liton Das,Khaled Ahmed
2529,2,2,2,Dhaka Capital,Chittagong Kings,Tanzid Hasan,Liton Das,Khaled Ahmed
2529,2,2,3,Dhaka Capital,Chittagong Kings,Tanzid Hasan,Liton Das,Khaled Ahmed
2529,2,2,4,Dhaka Capital,Chittagong Kings,Tanzid Hasan,Liton Das,Khaled Ahmed
2529,2,2,5,Dhaka Capital,Chittagong Kings,Tanzid Hasan,Liton Das,Khaled Ahmed
2529,2,2,6,Dhaka Capital,Chittagong Kings,Tanzid Hasan,Liton Das,Khaled Ahmed
2529,2,2,7,Dhaka Capital,Chittagong Kings,Tanzid Hasan,Liton Das,Khaled Ahmed
2529,2,3,1,Dhaka Capital,Chittagong Kings,Liton Das,Tanzid Hasan,Shoriful Islam
2529,2,3,2,Dhaka Capital,Chittagong Kings,Liton Das,Tanzid Hasan,Shoriful Islam
2529,2,3,3,Dhaka Capital,Chittagong Kings,Liton Das,Tanzid Hasan,Shoriful Islam
2529,2,3,4,Dhaka Capital,Chittagong Kings,Liton Das,Tanzid Hasan,Shoriful Islam
2529,2,3,5,Dhaka Capital,Chittagong Kings,Tanzid Hasan,Liton Das,Shoriful Islam
2529,2,3,6,Dhaka Capital,Chittagong Kings,Tanzid Hasan,Liton Das,Shoriful Islam
2529,2,4,1,Dhaka Capital,Chittagong Kings,Liton Das,Tanzid Hasan,Arafat Sunny
2529,2,4,2,Dhaka Capital,Chittagong Kings,Tanzid Hasan,Liton Das,Arafat Sunny
2529,2,4,3,Dhaka Capital,Chittagong Kings,Liton Das,Tanzid Hasan,Arafat Sunny
2529,2,4,4,Dhaka Capital,Chittagong Kings,Tanzid Hasan,Liton Das,Arafat Sunny
2529,2,4,5,Dhaka Capital,Chittagong Kings,Liton Das,Tanzid Hasan,Arafat Sunny
2529,2,4,6,Dhaka Capital,Chittagong Kings,Liton Das,Tanzid Hasan,Arafat Sunny
2529,2,5,1,Dhaka Capital,Chittagong Kings,Liton Das,Tanzid Hasan,Al Islam
2529,2,5,2,Dhaka Capital,Chittagong Kings,Liton Das,Tanzid Hasan,Al Islam
2529,2,5,3,Dhaka Capital,Chittagong Kings,Liton Das,Tanzid Hasan,Al Islam
2529,2,5,4,Dhaka Capital,Chittagong Kings,Liton Das,Tanzid Hasan,Al Islam
2529,2,5,5,Dhaka Capital,Chittagong Kings,Liton Das,Tanzid Hasan,Al Islam
2529,2,5,6,Dhaka Capital,Chittagong Kings,Liton Das,Tanzid Hasan,Al Islam
2529,2,6,1,Dhaka Capital,Chittagong Kings,Liton Das,Tanzid Hasan,Arafat Sunny
2529,2,6,2,Dhaka Capital,Chittagong Kings,Tanzid Hasan,Liton Das,Arafat Sunny
2529,2,6,3,Dhaka Capital,Chittagong Kings,Tanzid Hasan,Liton Das,Arafat Sunny
2529,2,6,4,Dhaka Capital,Chittagong Kings,Liton Das,Tanzid Hasan,Arafat Sunny
2529,2,6,5,Dhaka Capital,Chittagong Kings,Liton Das,Tanzid Hasan,Arafat Sunny
2529,2,6,6,Dhaka Capital,Chittagong Kings,Tanzid Hasan,Liton Das,Arafat Sunny
2529,2,7,1,Dhaka Capital,Chittagong Kings,Liton Das,Tanzid Hasan,Khaled Ahmed
2529,2,7,2,Dhaka Capital,Chittagong Kings,Tanzid Hasan,Liton Das,Khaled Ahmed
2529,2,7,3,Dhaka Capital,Chittagong Kings,Liton Das,Tanzid Hasan,Khaled Ahmed
2529,2,7,4,Dhaka Capital,Chittagong Kings,Liton Das,Tanzid Hasan,Khaled Ahmed
2529,2,7,5,Dhaka Capital,Chittagong Kings,Tanzid Hasan,Liton Das,Khaled Ahmed
2529,2,7,6,Dhaka Capital,Chittagong Kings,Tanzid Hasan,Liton Das,Khaled Ahmed
2529,2,8,1,Dhaka Capital,Chittagong Kings,Tanzid Hasan,Liton Das,Hussain Talat
2529,2,8,2,Dhaka Capital,Chittagong Kings,Tanzid Hasan,Liton Das,Hussain Talat
2529,2,8,3,Dhaka Capital,Chittagong Kings,Liton Das,Tanzid Hasan,Hussain Talat
2529,2,8,4,Dhaka Capital,Chittagong Kings,Tanzid Hasan,Liton Das,Hussain Talat
2529,2,8,5,Dhaka Capital,Chittagong Kings,Tanzid Hasan,Liton Das,Hussain Talat
2529,2,8,6,Dhaka Capital,Chittagong Kings,Liton Das,Tanzid Hasan,Hussain Talat
2529,2,9,1,Dhaka Capital,Chittagong Kings,Tanzid Hasan,Munim Shahriar,Arafat Sunny
2529,2,9,2,Dhaka Capital,Chittagong Kings,Munim Shahriar,Tanzid Hasan,Arafat Sunny
2529,2,9,3,Dhaka Capital,Chittagong Kings,Tanzid Hasan,Munim Shahriar,Arafat Sunny
2529,2,9,4,Dhaka Capital,Chittagong Kings,Tanzid Hasan,Munim Shahriar,Arafat Sunny
2529,2,9,5,Dhaka Capital,Chittagong Kings,Munim Shahriar,Tanzid Hasan,Arafat Sunny
2529,2,9,6,Dhaka Capital,Chittagong Kings,Munim Shahriar,Tanzid Hasan,Arafat Sunny
2529,2,10,1,Dhaka Capital,Chittagong Kings,Munim Shahriar,Tanzid Hasan,Hussain Talat
2529,2,10,2,Dhaka Capital,Chittagong Kings,Tanzid Hasan,Munim Shahriar,Hussain Talat
2529,2,10,3,Dhaka Capital,Chittagong Kings,Munim Shahriar,Tanzid Hasan,Hussain Talat
2529,2,10,4,Dhaka Capital,Chittagong Kings,Munim Shahriar,Tanzid Hasan,Hussain Talat
2529,2,10,5,Dhaka Capital,Chittagong Kings,Tanzid Hasan,Munim Shahriar,Hussain Talat
2529,2,10,6,Dhaka Capital,Chittagong Kings,Munim Shahriar,Tanzid Hasan,Hussain Talat
2529,2,11,1,Dhaka Capital,Chittagong Kings,Tanzid Hasan,Munim Shahriar,Al Islam
2529,2,11,2,Dhaka Capital,Chittagong Kings,Munim Shahriar,Tanzid Hasan,Al Islam
2529,2,11,3,Dhaka Capital,Chittagong Kings,Munim Shahriar,Tanzid Hasan,Al Islam
2529,2,11,4,Dhaka Capital,Chittagong Kings,Munim Shahriar,Tanzid Hasan,Al Islam
2529,2,11,5,Dhaka Capital,Chittagong Kings,Munim Shahriar,Tanzid Hasan,Al Islam
2529,2,11,6,Dhaka Capital,Chittagong Kings,Munim Shahriar,Tanzid Hasan,Al Islam
2529,2,12,1,Dhaka Capital,Chittagong Kings,Tanzid Hasan,Munim Shahriar,Hussain Talat
2529,2,12,2,Dhaka Capital,Chittagong Kings,Munim Shahriar,Tanzid Hasan,Hussain Talat
2529,2,12,3,Dhaka Capital,Chittagong Kings,Tanzid Hasan,Munim Shahriar,Hussain Talat
2529,2,12,4,Dhaka Capital,Chittagong Kings,Munim Shahriar,Tanzid Hasan,Hussain Talat
2529,2,12,5,Dhaka Capital,Chittagong Kings,Tanzid Hasan,Munim Shahriar,Hussain Talat
2529,2,12,6,Dhaka Capital,Chittagong Kings,Tanzid Hasan,Munim Shahriar,Hussain Talat
2529,2,13,1,Dhaka Capital,Chittagong Kings,Munim Shahriar,Tanzid Hasan,Naeem Islam
2529,2,13,2,Dhaka Capital,Chittagong Kings,Tanzid Hasan,Munim Shahriar,Naeem Islam
2529,2,13,3,Dhaka Capital,Chittagong Kings,Munim Shahriar,Tanzid Hasan,Naeem Islam
2529,2,13,4,Dhaka Capital,Chittagong Kings,Tanzid Hasan,Munim Shahriar,Naeem Islam
2529,2,13,5,Dhaka Capital,Chittagong Kings,Tanzid Hasan,Munim Shahriar,Naeem Islam
2529,2,13,6,Dhaka Capital,Chittagong Kings,Munim Shahriar,Tanzid Hasan,Naeem Islam
2529,2,14,1,Dhaka Capital,Chittagong Kings,Tanzid Hasan,Munim Shahriar,Al Islam
2529,2,14,2,Dhaka Capital,Chittagong Kings,Tanzid Hasan,Munim Shahriar,Al Islam
2529,2,14,3,Dhaka Capital,Chittagong Kings,Tanzid Hasan,Munim Shahriar,Al Islam
2529,2,14,4,Dhaka Capital,Chittagong Kings,Munim Shahriar,Tanzid Hasan,Al Islam
2529,2,14,5,Dhaka Capital,Chittagong Kings,Sabbir Rahman,Tanzid Hasan,Al Islam
2529,2,14,6,Dhaka Capital,Chittagong Kings,Sabbir Rahman,Tanzid Hasan,Al Islam
2529,2,15,1,Dhaka Capital,Chittagong Kings,Sabbir Rahman,Tanzid Hasan,Khaled Ahmed
2529,2,15,2,Dhaka Capital,Chittagong Kings,Sabbir Rahman,Tanzid Hasan,Khaled Ahmed
2529,2,15,3,Dhaka Capital,Chittagong Kings,Sabbir Rahman,Tanzid Hasan,Khaled Ahmed
2529,2,15,4,Dhaka Capital,Chittagong Kings,Tanzid Hasan,Sabbir Rahman,Khaled Ahmed
2529,2,15,5,Dhaka Capital,Chittagong Kings,Tanzid Hasan,Sabbir Rahman,Khaled Ahmed
2529,2,15,6,Dhaka Capital,Chittagong Kings,Tanzid Hasan,Sabbir Rahman,Khaled Ahmed
2529,2,16,1,Dhaka Capital,Chittagong Kings,Tanzid Hasan,Sabbir Rahman,Shoriful Islam
2529,2,16,2,Dhaka Capital,Chittagong Kings,Tanzid Hasan,Sabbir Rahman,Shoriful Islam
2529,2,16,3,Dhaka Capital,Chittagong Kings,Tanzid Hasan,Sabbir Rahman,Shoriful Islam
2529,2,16,4,Dhaka Capital,Chittagong Kings,Sabbir Rahman,Tanzid Hasan,Shoriful Islam
2529,2,16,5,Dhaka Capital,Chittagong Kings,Tanzid Hasan,Sabbir Rahman,Shoriful Islam
2529,2,16,6,Dhaka Capital,Chittagong Kings,Tanzid Hasan,Sabbir Rahman,Shoriful Islam
2529,2,16,7,Dhaka Capital,Chittagong Kings,Sabbir Rahman,Tanzid Hasan,Shoriful Islam
2529,2,17,1,Dhaka Capital,Chittagong Kings,Tanzid Hasan,Sabbir Rahman,Khaled Ahmed
2529,2,17,2,Dhaka Capital,Chittagong Kings,Tanzid Hasan,Sabbir Rahman,Khaled Ahmed
2529,2,17,3,Dhaka Capital,Chittagong Kings,Tanzid Hasan,Sabbir Rahman,Khaled Ahmed
2529,2,17,4,Dhaka Capital,Chittagong Kings,Sabbir Rahman,Tanzid Hasan,Khaled Ahmed
2529,2,17,5,Dhaka Capital,Chittagong Kings,Tanzid Hasan,Sabbir Rahman,Khaled Ahmed
2529,2,17,6,Dhaka Capital,Chittagong Kings,Sabbir Rahman,Tanzid Hasan,Khaled Ahmed
2529,2,18,1,Dhaka Capital,Chittagong Kings,Tanzid Hasan,Sabbir Rahman,Shoriful Islam
