MATCHID,INNINGSNO,OVERNO,BALL_NO,TEAMBATTING,TEAM_BOWLING,STRIKER,NON_STRIKER,BOWLER
2528,1,0,1,Chittagong Kings,Durbar Rajshahi,Naeem Islam,Usman Khan,Taskin Ahmed
2528,1,0,2,Chittagong Kings,Durbar Rajshahi,Naeem Islam,Usman Khan,Taskin Ahmed
2528,1,0,3,Chittagong Kings,Durbar Rajshahi,Naeem Islam,Usman Khan,Taskin Ahmed
2528,1,0,4,Chittagong Kings,Durbar Rajshahi,Naeem Islam,Usman Khan,Taskin Ahmed
2528,1,0,5,Chittagong Kings,Durbar Rajshahi,Naeem Islam,Usman Khan,Taskin Ahmed
2528,1,0,6,Chittagong Kings,Durbar Rajshahi,Usman Khan,Naeem Islam,Taskin Ahmed
2528,1,1,1,Chittagong Kings,Durbar Rajshahi,Usman Khan,Naeem Islam,Jishan Alam
2528,1,1,2,Chittagong Kings,Durbar Rajshahi,Usman Khan,Naeem Islam,Jishan Alam
2528,1,1,3,Chittagong Kings,Durbar Rajshahi,Usman Khan,Naeem Islam,Jishan Alam
2528,1,1,4,Chittagong Kings,Durbar Rajshahi,G Clark,Naeem Islam,Jishan Alam
2528,1,1,5,Chittagong Kings,Durbar Rajshahi,G Clark,Naeem Islam,Jishan Alam
2528,1,1,6,Chittagong Kings,Durbar Rajshahi,G Clark,Naeem Islam,Jishan Alam
2528,1,2,1,Chittagong Kings,Durbar Rajshahi,G Clark,Naeem Islam,Taskin Ahmed
2528,1,2,2,Chittagong Kings,Durbar Rajshahi,G Clark,Naeem Islam,Taskin Ahmed
2528,1,2,3,Chittagong Kings,Durbar Rajshahi,Naeem Islam,G Clark,Taskin Ahmed
2528,1,2,4,Chittagong Kings,Durbar Rajshahi,Naeem Islam,G Clark,Taskin Ahmed
2528,1,2,5,Chittagong Kings,Durbar Rajshahi,Naeem Islam,G Clark,Taskin Ahmed
2528,1,2,6,Chittagong Kings,Durbar Rajshahi,Naeem Islam,G Clark,Taskin Ahmed
2528,1,3,1,Chittagong Kings,Durbar Rajshahi,Naeem Islam,G Clark,Jishan Alam
2528,1,3,2,Chittagong Kings,Durbar Rajshahi,G Clark,Naeem Islam,Jishan Alam
2528,1,3,3,Chittagong Kings,Durbar Rajshahi,Naeem Islam,G Clark,Jishan Alam
2528,1,3,4,Chittagong Kings,Durbar Rajshahi,G Clark,Naeem Islam,Jishan Alam
2528,1,3,5,Chittagong Kings,Durbar Rajshahi,Naeem Islam,G Clark,Jishan Alam
2528,1,3,6,Chittagong Kings,Durbar Rajshahi,G Clark,Naeem Islam,Jishan Alam
2528,1,4,1,Chittagong Kings,Durbar Rajshahi,G Clark,Naeem Islam,Sunzamul Islam
2528,1,4,2,Chittagong Kings,Durbar Rajshahi,G Clark,Naeem Islam,Sunzamul Islam
2528,1,4,3,Chittagong Kings,Durbar Rajshahi,G Clark,Naeem Islam,Sunzamul Islam
2528,1,4,4,Chittagong Kings,Durbar Rajshahi,Naeem Islam,G Clark,Sunzamul Islam
2528,1,4,5,Chittagong Kings,Durbar Rajshahi,Naeem Islam,G Clark,Sunzamul Islam
2528,1,4,6,Chittagong Kings,Durbar Rajshahi,G Clark,Naeem Islam,Sunzamul Islam
2528,1,5,1,Chittagong Kings,Durbar Rajshahi,G Clark,Naeem Islam,Jishan Alam
2528,1,5,2,Chittagong Kings,Durbar Rajshahi,G Clark,Naeem Islam,Jishan Alam
2528,1,5,3,Chittagong Kings,Durbar Rajshahi,Naeem Islam,G Clark,Jishan Alam
2528,1,5,4,Chittagong Kings,Durbar Rajshahi,Naeem Islam,G Clark,Jishan Alam
2528,1,5,5,Chittagong Kings,Durbar Rajshahi,Naeem Islam,G Clark,Jishan Alam
2528,1,5,6,Chittagong Kings,Durbar Rajshahi,Naeem Islam,G Clark,Jishan Alam
2528,1,6,1,Chittagong Kings,Durbar Rajshahi,G Clark,Naeem Islam,Sunzamul Islam
2528,1,6,2,Chittagong Kings,Durbar Rajshahi,Naeem Islam,G Clark,Sunzamul Islam
2528,1,6,3,Chittagong Kings,Durbar Rajshahi,Naeem Islam,G Clark,Sunzamul Islam
2528,1,6,4,Chittagong Kings,Durbar Rajshahi,Naeem Islam,G Clark,Sunzamul Islam
2528,1,6,5,Chittagong Kings,Durbar Rajshahi,G Clark,Naeem Islam,Sunzamul Islam
2528,1,6,6,Chittagong Kings,Durbar Rajshahi,Naeem Islam,G Clark,Sunzamul Islam
2528,1,7,1,Chittagong Kings,Durbar Rajshahi,Naeem Islam,G Clark,ML Cummins
2528,1,7,2,Chittagong Kings,Durbar Rajshahi,G Clark,Naeem Islam,ML Cummins
2528,1,7,3,Chittagong Kings,Durbar Rajshahi,G Clark,Naeem Islam,ML Cummins
2528,1,7,4,Chittagong Kings,Durbar Rajshahi,G Clark,Naeem Islam,ML Cummins
2528,1,7,5,Chittagong Kings,Durbar Rajshahi,G Clark,Naeem Islam,ML Cummins
2528,1,7,6,Chittagong Kings,Durbar Rajshahi,G Clark,Naeem Islam,ML Cummins
2528,1,7,7,Chittagong Kings,Durbar Rajshahi,G Clark,Naeem Islam,ML Cummins
2528,1,8,1,Chittagong Kings,Durbar Rajshahi,G Clark,Naeem Islam,Sunzamul Islam
2528,1,8,2,Chittagong Kings,Durbar Rajshahi,Naeem Islam,G Clark,Sunzamul Islam
2528,1,8,3,Chittagong Kings,Durbar Rajshahi,G Clark,Naeem Islam,Sunzamul Islam
2528,1,8,4,Chittagong Kings,Durbar Rajshahi,Naeem Islam,G Clark,Sunzamul Islam
2528,1,8,5,Chittagong Kings,Durbar Rajshahi,Naeem Islam,G Clark,Sunzamul Islam
2528,1,8,6,Chittagong Kings,Durbar Rajshahi,Naeem Islam,G Clark,Sunzamul Islam
2528,1,9,1,Chittagong Kings,Durbar Rajshahi,G Clark,Naeem Islam,M Deyal
2528,1,9,2,Chittagong Kings,Durbar Rajshahi,G Clark,Naeem Islam,M Deyal
2528,1,9,3,Chittagong Kings,Durbar Rajshahi,Naeem Islam,G Clark,M Deyal
2528,1,9,4,Chittagong Kings,Durbar Rajshahi,G Clark,Naeem Islam,M Deyal
2528,1,9,5,Chittagong Kings,Durbar Rajshahi,G Clark,Naeem Islam,M Deyal
2528,1,9,6,Chittagong Kings,Durbar Rajshahi,Naeem Islam,G Clark,M Deyal
2528,1,10,1,Chittagong Kings,Durbar Rajshahi,Naeem Islam,Mohammad Mithun,Mohor Sheikh
2528,1,10,2,Chittagong Kings,Durbar Rajshahi,Naeem Islam,Mohammad Mithun,Mohor Sheikh
2528,1,10,3,Chittagong Kings,Durbar Rajshahi,Naeem Islam,Mohammad Mithun,Mohor Sheikh
2528,1,10,4,Chittagong Kings,Durbar Rajshahi,Mohammad Mithun,Naeem Islam,Mohor Sheikh
2528,1,10,5,Chittagong Kings,Durbar Rajshahi,Mohammad Mithun,Naeem Islam,Mohor Sheikh
2528,1,10,6,Chittagong Kings,Durbar Rajshahi,Mohammad Mithun,Naeem Islam,Mohor Sheikh
2528,1,11,1,Chittagong Kings,Durbar Rajshahi,Naeem Islam,Mohammad Mithun,RP Burl
2528,1,11,2,Chittagong Kings,Durbar Rajshahi,Naeem Islam,Mohammad Mithun,RP Burl
2528,1,11,3,Chittagong Kings,Durbar Rajshahi,Mohammad Mithun,Naeem Islam,RP Burl
2528,1,11,4,Chittagong Kings,Durbar Rajshahi,Mohammad Mithun,Naeem Islam,RP Burl
2528,1,11,5,Chittagong Kings,Durbar Rajshahi,Mohammad Mithun,Naeem Islam,RP Burl
2528,1,11,6,Chittagong Kings,Durbar Rajshahi,Mohammad Mithun,Naeem Islam,RP Burl
2528,1,12,1,Chittagong Kings,Durbar Rajshahi,Naeem Islam,Mohammad Mithun,Mohor Sheikh
2528,1,12,2,Chittagong Kings,Durbar Rajshahi,Mohammad Mithun,Naeem Islam,Mohor Sheikh
2528,1,12,3,Chittagong Kings,Durbar Rajshahi,Naeem Islam,Mohammad Mithun,Mohor Sheikh
2528,1,12,4,Chittagong Kings,Durbar Rajshahi,Naeem Islam,Mohammad Mithun,Mohor Sheikh
2528,1,12,5,Chittagong Kings,Durbar Rajshahi,Mohammad Mithun,Naeem Islam,Mohor Sheikh
2528,1,12,6,Chittagong Kings,Durbar Rajshahi,Naeem Islam,Mohammad Mithun,Mohor Sheikh
2528,1,13,1,Chittagong Kings,Durbar Rajshahi,Naeem Islam,Mohammad Mithun,Sunzamul Islam
2528,1,13,2,Chittagong Kings,Durbar Rajshahi,Mohammad Mithun,Naeem Islam,Sunzamul Islam
2528,1,13,3,Chittagong Kings,Durbar Rajshahi,Mohammad Mithun,Naeem Islam,Sunzamul Islam
2528,1,13,4,Chittagong Kings,Durbar Rajshahi,Naeem Islam,Mohammad Mithun,Sunzamul Islam
2528,1,13,5,Chittagong Kings,Durbar Rajshahi,Naeem Islam,Mohammad Mithun,Sunzamul Islam
2528,1,13,6,Chittagong Kings,Durbar Rajshahi,Naeem Islam,Mohammad Mithun,Sunzamul Islam
2528,1,14,1,Chittagong Kings,Durbar Rajshahi,Mohammad Mithun,Haider Ali,RP Burl
2528,1,14,2,Chittagong Kings,Durbar Rajshahi,Mohammad Mithun,Haider Ali,RP Burl
2528,1,14,3,Chittagong Kings,Durbar Rajshahi,Mohammad Mithun,Haider Ali,RP Burl
2528,1,14,4,Chittagong Kings,Durbar Rajshahi,Mohammad Mithun,Haider Ali,RP Burl
2528,1,14,5,Chittagong Kings,Durbar Rajshahi,Haider Ali,Mohammad Mithun,RP Burl
2528,1,14,6,Chittagong Kings,Durbar Rajshahi,Mohammad Mithun,Haider Ali,RP Burl
2528,1,15,1,Chittagong Kings,Durbar Rajshahi,Mohammad Mithun,Haider Ali,Mohor Sheikh
2528,1,15,2,Chittagong Kings,Durbar Rajshahi,Haider Ali,Mohammad Mithun,Mohor Sheikh
2528,1,15,3,Chittagong Kings,Durbar Rajshahi,Mohammad Mithun,Haider Ali,Mohor Sheikh
2528,1,15,4,Chittagong Kings,Durbar Rajshahi,Mohammad Mithun,Haider Ali,Mohor Sheikh
2528,1,15,5,Chittagong Kings,Durbar Rajshahi,Mohammad Mithun,Haider Ali,Mohor Sheikh
2528,1,15,6,Chittagong Kings,Durbar Rajshahi,Shamim Hossain,Haider Ali,Mohor Sheikh
2528,1,16,1,Chittagong Kings,Durbar Rajshahi,Shamim Hossain,Haider Ali,Taskin Ahmed
2528,1,16,2,Chittagong Kings,Durbar Rajshahi,Shamim Hossain,Haider Ali,Taskin Ahmed
2528,1,16,3,Chittagong Kings,Durbar Rajshahi,Shamim Hossain,Haider Ali,Taskin Ahmed
2528,1,16,4,Chittagong Kings,Durbar Rajshahi,Rahatul Ferdous,Haider Ali,Taskin Ahmed
2528,1,16,5,Chittagong Kings,Durbar Rajshahi,Haider Ali,Rahatul Ferdous,Taskin Ahmed
2528,1,16,6,Chittagong Kings,Durbar Rajshahi,Rahatul Ferdous,Haider Ali,Taskin Ahmed
2528,1,17,1,Chittagong Kings,Durbar Rajshahi,Rahatul Ferdous,Haider Ali,ML Cummins
2528,1,17,2,Chittagong Kings,Durbar Rajshahi,Haider Ali,Rahatul Ferdous,ML Cummins
2528,1,17,3,Chittagong Kings,Durbar Rajshahi,Haider Ali,Rahatul Ferdous,ML Cummins
2528,1,17,4,Chittagong Kings,Durbar Rajshahi,Rahatul Ferdous,Haider Ali,ML Cummins
2528,1,17,5,Chittagong Kings,Durbar Rajshahi,Rahatul Ferdous,Haider Ali,ML Cummins
2528,1,17,6,Chittagong Kings,Durbar Rajshahi,Rahatul Ferdous,Haider Ali,ML Cummins
2528,1,18,1,Chittagong Kings,Durbar Rajshahi,Haider Ali,Rahatul Ferdous,Taskin Ahmed
2528,1,18,2,Chittagong Kings,Durbar Rajshahi,Haider Ali,Rahatul Ferdous,Taskin Ahmed
2528,1,18,3,Chittagong Kings,Durbar Rajshahi,Haider Ali,Rahatul Ferdous,Taskin Ahmed
2528,1,18,4,Chittagong Kings,Durbar Rajshahi,Rahatul Ferdous,Haider Ali,Taskin Ahmed
2528,1,18,5,Chittagong Kings,Durbar Rajshahi,Haider Ali,Rahatul Ferdous,Taskin Ahmed
2528,1,18,6,Chittagong Kings,Durbar Rajshahi,Haider Ali,Rahatul Ferdous,Taskin Ahmed
2528,1,18,7,Chittagong Kings,Durbar Rajshahi,Rahatul Ferdous,Haider Ali,Taskin Ahmed
2528,1,19,1,Chittagong Kings,Durbar Rajshahi,Haider Ali,Khaled Ahmed,Mohor Sheikh
2528,1,19,2,Chittagong Kings,Durbar Rajshahi,Haider Ali,Khaled Ahmed,Mohor Sheikh
2528,1,19,3,Chittagong Kings,Durbar Rajshahi,Haider Ali,Khaled Ahmed,Mohor Sheikh
2528,1,19,4,Chittagong Kings,Durbar Rajshahi,Haider Ali,Khaled Ahmed,Mohor Sheikh
2528,1,19,5,Chittagong Kings,Durbar Rajshahi,Haider Ali,Khaled Ahmed,Mohor Sheikh
2528,1,19,6,Chittagong Kings,Durbar Rajshahi,Shoriful Islam,Khaled Ahmed,Mohor Sheikh
2528,2,0,1,Durbar Rajshahi,Chittagong Kings,Mohammad Haris,Jishan Alam,B Fernando
2528,2,0,2,Durbar Rajshahi,Chittagong Kings,Mohammad Haris,Jishan Alam,B Fernando
2528,2,0,3,Durbar Rajshahi,Chittagong Kings,Mohammad Haris,Jishan Alam,B Fernando
2528,2,0,4,Durbar Rajshahi,Chittagong Kings,Mohammad Haris,Jishan Alam,B Fernando
2528,2,0,5,Durbar Rajshahi,Chittagong Kings,Jishan Alam,Mohammad Haris,B Fernando
2528,2,0,6,Durbar Rajshahi,Chittagong Kings,Jishan Alam,Mohammad Haris,B Fernando
2528,2,1,1,Durbar Rajshahi,Chittagong Kings,Mohammad Haris,Anamul Haque,Arafat Sunny
2528,2,1,2,Durbar Rajshahi,Chittagong Kings,Mohammad Haris,Anamul Haque,Arafat Sunny
2528,2,1,3,Durbar Rajshahi,Chittagong Kings,Mohammad Haris,Anamul Haque,Arafat Sunny
2528,2,1,4,Durbar Rajshahi,Chittagong Kings,Yasir Ali Chowdhury,Anamul Haque,Arafat Sunny
2528,2,1,5,Durbar Rajshahi,Chittagong Kings,Anamul Haque,Yasir Ali Chowdhury,Arafat Sunny
2528,2,1,6,Durbar Rajshahi,Chittagong Kings,Yasir Ali Chowdhury,Anamul Haque,Arafat Sunny
2528,2,2,1,Durbar Rajshahi,Chittagong Kings,Anamul Haque,Yasir Ali Chowdhury,Shoriful Islam
2528,2,2,2,Durbar Rajshahi,Chittagong Kings,Anamul Haque,Yasir Ali Chowdhury,Shoriful Islam
2528,2,2,3,Durbar Rajshahi,Chittagong Kings,Anamul Haque,Yasir Ali Chowdhury,Shoriful Islam
2528,2,2,4,Durbar Rajshahi,Chittagong Kings,Yasir Ali Chowdhury,Anamul Haque,Shoriful Islam
2528,2,2,5,Durbar Rajshahi,Chittagong Kings,Yasir Ali Chowdhury,Anamul Haque,Shoriful Islam
2528,2,2,6,Durbar Rajshahi,Chittagong Kings,Akbar Ali,Anamul Haque,Shoriful Islam
2528,2,3,1,Durbar Rajshahi,Chittagong Kings,Anamul Haque,Akbar Ali,Arafat Sunny
2528,2,3,2,Durbar Rajshahi,Chittagong Kings,Anamul Haque,Akbar Ali,Arafat Sunny
2528,2,3,3,Durbar Rajshahi,Chittagong Kings,Anamul Haque,Akbar Ali,Arafat Sunny
2528,2,3,4,Durbar Rajshahi,Chittagong Kings,Anamul Haque,Akbar Ali,Arafat Sunny
2528,2,3,5,Durbar Rajshahi,Chittagong Kings,Akbar Ali,Anamul Haque,Arafat Sunny
2528,2,3,6,Durbar Rajshahi,Chittagong Kings,Akbar Ali,Anamul Haque,Arafat Sunny
2528,2,4,1,Durbar Rajshahi,Chittagong Kings,Anamul Haque,Akbar Ali,Khaled Ahmed
2528,2,4,2,Durbar Rajshahi,Chittagong Kings,Akbar Ali,Anamul Haque,Khaled Ahmed
2528,2,4,3,Durbar Rajshahi,Chittagong Kings,Akbar Ali,Anamul Haque,Khaled Ahmed
2528,2,4,4,Durbar Rajshahi,Chittagong Kings,Akbar Ali,Anamul Haque,Khaled Ahmed
2528,2,4,5,Durbar Rajshahi,Chittagong Kings,Anamul Haque,Akbar Ali,Khaled Ahmed
2528,2,4,6,Durbar Rajshahi,Chittagong Kings,Anamul Haque,Akbar Ali,Khaled Ahmed
2528,2,5,1,Durbar Rajshahi,Chittagong Kings,Anamul Haque,Akbar Ali,B Fernando
2528,2,5,2,Durbar Rajshahi,Chittagong Kings,Akbar Ali,Anamul Haque,B Fernando
2528,2,5,3,Durbar Rajshahi,Chittagong Kings,Akbar Ali,Anamul Haque,B Fernando
2528,2,5,4,Durbar Rajshahi,Chittagong Kings,Akbar Ali,Anamul Haque,B Fernando
2528,2,5,5,Durbar Rajshahi,Chittagong Kings,Akbar Ali,Anamul Haque,B Fernando
2528,2,5,6,Durbar Rajshahi,Chittagong Kings,Anamul Haque,Akbar Ali,B Fernando
2528,2,6,1,Durbar Rajshahi,Chittagong Kings,Akbar Ali,Anamul Haque,Shoriful Islam
2528,2,6,2,Durbar Rajshahi,Chittagong Kings,Anamul Haque,Akbar Ali,Shoriful Islam
2528,2,6,3,Durbar Rajshahi,Chittagong Kings,Akbar Ali,Anamul Haque,Shoriful Islam
2528,2,6,4,Durbar Rajshahi,Chittagong Kings,Akbar Ali,Anamul Haque,Shoriful Islam
2528,2,6,5,Durbar Rajshahi,Chittagong Kings,M Deyal,Anamul Haque,Shoriful Islam
2528,2,6,6,Durbar Rajshahi,Chittagong Kings,M Deyal,Anamul Haque,Shoriful Islam
2528,2,7,1,Durbar Rajshahi,Chittagong Kings,Anamul Haque,M Deyal,Rahatul Ferdous
2528,2,7,2,Durbar Rajshahi,Chittagong Kings,M Deyal,Anamul Haque,Rahatul Ferdous
2528,2,7,3,Durbar Rajshahi,Chittagong Kings,Anamul Haque,M Deyal,Rahatul Ferdous
2528,2,7,4,Durbar Rajshahi,Chittagong Kings,Anamul Haque,M Deyal,Rahatul Ferdous
2528,2,7,5,Durbar Rajshahi,Chittagong Kings,Anamul Haque,M Deyal,Rahatul Ferdous
2528,2,7,6,Durbar Rajshahi,Chittagong Kings,Anamul Haque,M Deyal,Rahatul Ferdous
2528,2,7,7,Durbar Rajshahi,Chittagong Kings,M Deyal,Anamul Haque,Rahatul Ferdous
2528,2,8,1,Durbar Rajshahi,Chittagong Kings,M Deyal,Anamul Haque,Khaled Ahmed
2528,2,8,2,Durbar Rajshahi,Chittagong Kings,Anamul Haque,M Deyal,Khaled Ahmed
2528,2,8,3,Durbar Rajshahi,Chittagong Kings,Anamul Haque,M Deyal,Khaled Ahmed
2528,2,8,4,Durbar Rajshahi,Chittagong Kings,Anamul Haque,M Deyal,Khaled Ahmed
2528,2,8,5,Durbar Rajshahi,Chittagong Kings,Sunzamul Islam,M Deyal,Khaled Ahmed
2528,2,8,6,Durbar Rajshahi,Chittagong Kings,Sunzamul Islam,M Deyal,Khaled Ahmed
2528,2,8,7,Durbar Rajshahi,Chittagong Kings,Sunzamul Islam,M Deyal,Khaled Ahmed
2528,2,9,1,Durbar Rajshahi,Chittagong Kings,M Deyal,Sunzamul Islam,Naeem Islam
2528,2,9,2,Durbar Rajshahi,Chittagong Kings,M Deyal,Sunzamul Islam,Naeem Islam
2528,2,9,3,Durbar Rajshahi,Chittagong Kings,Taskin Ahmed,Sunzamul Islam,Naeem Islam
2528,2,9,4,Durbar Rajshahi,Chittagong Kings,Taskin Ahmed,Sunzamul Islam,Naeem Islam
2528,2,9,5,Durbar Rajshahi,Chittagong Kings,Taskin Ahmed,Sunzamul Islam,Naeem Islam
2528,2,9,6,Durbar Rajshahi,Chittagong Kings,Sunzamul Islam,Taskin Ahmed,Naeem Islam
2528,2,10,1,Durbar Rajshahi,Chittagong Kings,Sunzamul Islam,Taskin Ahmed,Shamim Hossain
2528,2,10,2,Durbar Rajshahi,Chittagong Kings,Sunzamul Islam,Taskin Ahmed,Shamim Hossain
2528,2,10,3,Durbar Rajshahi,Chittagong Kings,Sunzamul Islam,Taskin Ahmed,Shamim Hossain
2528,2,10,4,Durbar Rajshahi,Chittagong Kings,ML Cummins,Taskin Ahmed,Shamim Hossain
2528,2,10,5,Durbar Rajshahi,Chittagong Kings,ML Cummins,Taskin Ahmed,Shamim Hossain
2528,2,10,6,Durbar Rajshahi,Chittagong Kings,ML Cummins,Taskin Ahmed,Shamim Hossain
2528,2,11,1,Durbar Rajshahi,Chittagong Kings,ML Cummins,Taskin Ahmed,Naeem Islam
2528,2,11,2,Durbar Rajshahi,Chittagong Kings,ML Cummins,Taskin Ahmed,Naeem Islam
2528,2,11,3,Durbar Rajshahi,Chittagong Kings,ML Cummins,Taskin Ahmed,Naeem Islam
2528,2,11,4,Durbar Rajshahi,Chittagong Kings,ML Cummins,Taskin Ahmed,Naeem Islam
2528,2,11,5,Durbar Rajshahi,Chittagong Kings,ML Cummins,Taskin Ahmed,Naeem Islam
2528,2,11,6,Durbar Rajshahi,Chittagong Kings,Taskin Ahmed,ML Cummins,Naeem Islam
2528,2,12,1,Durbar Rajshahi,Chittagong Kings,Taskin Ahmed,ML Cummins,Shamim Hossain
2528,2,12,2,Durbar Rajshahi,Chittagong Kings,Taskin Ahmed,ML Cummins,Shamim Hossain
2528,2,12,3,Durbar Rajshahi,Chittagong Kings,ML Cummins,Taskin Ahmed,Shamim Hossain
2528,2,12,4,Durbar Rajshahi,Chittagong Kings,ML Cummins,Taskin Ahmed,Shamim Hossain
2528,2,12,5,Durbar Rajshahi,Chittagong Kings,ML Cummins,Taskin Ahmed,Shamim Hossain
2528,2,12,6,Durbar Rajshahi,Chittagong Kings,ML Cummins,Taskin Ahmed,Shamim Hossain
2528,2,13,1,Durbar Rajshahi,Chittagong Kings,Taskin Ahmed,ML Cummins,Naeem Islam
2528,2,13,2,Durbar Rajshahi,Chittagong Kings,Mohor Sheikh,ML Cummins,Naeem Islam
2528,2,13,3,Durbar Rajshahi,Chittagong Kings,Mohor Sheikh,ML Cummins,Naeem Islam
2528,2,13,4,Durbar Rajshahi,Chittagong Kings,ML Cummins,Mohor Sheikh,Naeem Islam
2528,2,13,5,Durbar Rajshahi,Chittagong Kings,ML Cummins,Mohor Sheikh,Naeem Islam
2528,2,13,6,Durbar Rajshahi,Chittagong Kings,Mohor Sheikh,ML Cummins,Naeem Islam
2528,2,14,1,Durbar Rajshahi,Chittagong Kings,ML Cummins,Mohor Sheikh,Rahatul Ferdous
2528,2,14,2,Durbar Rajshahi,Chittagong Kings,Mohor Sheikh,ML Cummins,Rahatul Ferdous
2528,2,14,3,Durbar Rajshahi,Chittagong Kings,Mohor Sheikh,ML Cummins,Rahatul Ferdous
