MATCHID,INNINGSNO,OVERNO,BALL_NO,TEAMBATTING,TEAM_BOWLING,STRIKER,NON_STRIKER,BOWLER
2516,1,0,1,Dhaka Capital,Sylhet Strikers,Liton Das,Tanzid Hasan,RRS Cornwall
2516,1,0,2,Dhaka Capital,Sylhet Strikers,Tanzid Hasan,Liton Das,RRS Cornwall
2516,1,0,3,Dhaka Capital,Sylhet Strikers,Tanzid Hasan,Liton Das,RRS Cornwall
2516,1,0,4,Dhaka Capital,Sylhet Strikers,Tanzid Hasan,Liton Das,RRS Cornwall
2516,1,0,5,Dhaka Capital,Sylhet Strikers,Tanzid Hasan,Liton Das,RRS Cornwall
2516,1,0,6,Dhaka Capital,Sylhet Strikers,Munim Shahriar,Liton Das,RRS Cornwall
2516,1,1,1,Dhaka Capital,Sylhet Strikers,Liton Das,Munim Shahriar,Nahidul Islam
2516,1,1,2,Dhaka Capital,Sylhet Strikers,Munim Shahriar,Liton Das,Nahidul Islam
2516,1,1,3,Dhaka Capital,Sylhet Strikers,Munim Shahriar,Liton Das,Nahidul Islam
2516,1,1,4,Dhaka Capital,Sylhet Strikers,Liton Das,Munim Shahriar,Nahidul Islam
2516,1,1,5,Dhaka Capital,Sylhet Strikers,Liton Das,Munim Shahriar,Nahidul Islam
2516,1,1,6,Dhaka Capital,Sylhet Strikers,Munim Shahriar,Liton Das,Nahidul Islam
2516,1,2,1,Dhaka Capital,Sylhet Strikers,Munim Shahriar,Liton Das,RRS Cornwall
2516,1,2,2,Dhaka Capital,Sylhet Strikers,Munim Shahriar,Liton Das,RRS Cornwall
2516,1,2,3,Dhaka Capital,Sylhet Strikers,Munim Shahriar,Liton Das,RRS Cornwall
2516,1,2,4,Dhaka Capital,Sylhet Strikers,Munim Shahriar,Liton Das,RRS Cornwall
2516,1,2,5,Dhaka Capital,Sylhet Strikers,Munim Shahriar,Liton Das,RRS Cornwall
2516,1,2,6,Dhaka Capital,Sylhet Strikers,Liton Das,Munim Shahriar,RRS Cornwall
2516,1,3,1,Dhaka Capital,Sylhet Strikers,Liton Das,Munim Shahriar,Tanzim Hasan Sakib
2516,1,3,2,Dhaka Capital,Sylhet Strikers,Liton Das,Munim Shahriar,Tanzim Hasan Sakib
2516,1,3,3,Dhaka Capital,Sylhet Strikers,Liton Das,Munim Shahriar,Tanzim Hasan Sakib
2516,1,3,4,Dhaka Capital,Sylhet Strikers,Liton Das,Munim Shahriar,Tanzim Hasan Sakib
2516,1,3,5,Dhaka Capital,Sylhet Strikers,Munim Shahriar,Liton Das,Tanzim Hasan Sakib
2516,1,3,6,Dhaka Capital,Sylhet Strikers,Liton Das,Munim Shahriar,Tanzim Hasan Sakib
2516,1,4,1,Dhaka Capital,Sylhet Strikers,Munim Shahriar,Liton Das,RJW Topley
2516,1,4,2,Dhaka Capital,Sylhet Strikers,Munim Shahriar,Liton Das,RJW Topley
2516,1,4,3,Dhaka Capital,Sylhet Strikers,Munim Shahriar,Liton Das,RJW Topley
2516,1,4,4,Dhaka Capital,Sylhet Strikers,Munim Shahriar,Liton Das,RJW Topley
2516,1,4,5,Dhaka Capital,Sylhet Strikers,Liton Das,Munim Shahriar,RJW Topley
2516,1,4,6,Dhaka Capital,Sylhet Strikers,Liton Das,Munim Shahriar,RJW Topley
2516,1,5,1,Dhaka Capital,Sylhet Strikers,Liton Das,Munim Shahriar,Nahidul Islam
2516,1,5,2,Dhaka Capital,Sylhet Strikers,Liton Das,Munim Shahriar,Nahidul Islam
2516,1,5,3,Dhaka Capital,Sylhet Strikers,Liton Das,Munim Shahriar,Nahidul Islam
2516,1,5,4,Dhaka Capital,Sylhet Strikers,Munim Shahriar,Liton Das,Nahidul Islam
2516,1,5,5,Dhaka Capital,Sylhet Strikers,Munim Shahriar,Liton Das,Nahidul Islam
2516,1,5,6,Dhaka Capital,Sylhet Strikers,Munim Shahriar,Liton Das,Nahidul Islam
2516,1,6,1,Dhaka Capital,Sylhet Strikers,Liton Das,Munim Shahriar,RJW Topley
2516,1,6,2,Dhaka Capital,Sylhet Strikers,Munim Shahriar,Liton Das,RJW Topley
2516,1,6,3,Dhaka Capital,Sylhet Strikers,Munim Shahriar,Liton Das,RJW Topley
2516,1,6,4,Dhaka Capital,Sylhet Strikers,Liton Das,Munim Shahriar,RJW Topley
2516,1,6,5,Dhaka Capital,Sylhet Strikers,Munim Shahriar,Liton Das,RJW Topley
2516,1,6,6,Dhaka Capital,Sylhet Strikers,Munim Shahriar,Liton Das,RJW Topley
2516,1,7,1,Dhaka Capital,Sylhet Strikers,Munim Shahriar,Liton Das,Al-Amin Hossain
2516,1,7,2,Dhaka Capital,Sylhet Strikers,Munim Shahriar,Liton Das,Al-Amin Hossain
2516,1,7,3,Dhaka Capital,Sylhet Strikers,Munim Shahriar,Liton Das,Al-Amin Hossain
2516,1,7,4,Dhaka Capital,Sylhet Strikers,Munim Shahriar,Liton Das,Al-Amin Hossain
2516,1,7,5,Dhaka Capital,Sylhet Strikers,Munim Shahriar,Liton Das,Al-Amin Hossain
2516,1,7,6,Dhaka Capital,Sylhet Strikers,Munim Shahriar,Liton Das,Al-Amin Hossain
2516,1,8,1,Dhaka Capital,Sylhet Strikers,Liton Das,Munim Shahriar,Nahidul Islam
2516,1,8,2,Dhaka Capital,Sylhet Strikers,Munim Shahriar,Liton Das,Nahidul Islam
2516,1,8,3,Dhaka Capital,Sylhet Strikers,Munim Shahriar,Liton Das,Nahidul Islam
2516,1,8,4,Dhaka Capital,Sylhet Strikers,Munim Shahriar,Liton Das,Nahidul Islam
2516,1,8,5,Dhaka Capital,Sylhet Strikers,Liton Das,Munim Shahriar,Nahidul Islam
2516,1,8,6,Dhaka Capital,Sylhet Strikers,Liton Das,Munim Shahriar,Nahidul Islam
2516,1,8,7,Dhaka Capital,Sylhet Strikers,Munim Shahriar,Liton Das,Nahidul Islam
2516,1,9,1,Dhaka Capital,Sylhet Strikers,Liton Das,Munim Shahriar,Al-Amin Hossain
2516,1,9,2,Dhaka Capital,Sylhet Strikers,Munim Shahriar,Liton Das,Al-Amin Hossain
2516,1,9,3,Dhaka Capital,Sylhet Strikers,Munim Shahriar,Liton Das,Al-Amin Hossain
2516,1,9,4,Dhaka Capital,Sylhet Strikers,Liton Das,Munim Shahriar,Al-Amin Hossain
2516,1,9,5,Dhaka Capital,Sylhet Strikers,Munim Shahriar,Liton Das,Al-Amin Hossain
2516,1,9,6,Dhaka Capital,Sylhet Strikers,Liton Das,Munim Shahriar,Al-Amin Hossain
2516,1,10,1,Dhaka Capital,Sylhet Strikers,Munim Shahriar,Liton Das,Tanzim Hasan Sakib
2516,1,10,2,Dhaka Capital,Sylhet Strikers,Liton Das,Munim Shahriar,Tanzim Hasan Sakib
2516,1,10,3,Dhaka Capital,Sylhet Strikers,Munim Shahriar,Liton Das,Tanzim Hasan Sakib
2516,1,10,4,Dhaka Capital,Sylhet Strikers,Munim Shahriar,Liton Das,Tanzim Hasan Sakib
2516,1,10,5,Dhaka Capital,Sylhet Strikers,Liton Das,Munim Shahriar,Tanzim Hasan Sakib
2516,1,10,6,Dhaka Capital,Sylhet Strikers,Munim Shahriar,Liton Das,Tanzim Hasan Sakib
2516,1,11,1,Dhaka Capital,Sylhet Strikers,Liton Das,Munim Shahriar,RRS Cornwall
2516,1,11,2,Dhaka Capital,Sylhet Strikers,Munim Shahriar,Liton Das,RRS Cornwall
2516,1,11,3,Dhaka Capital,Sylhet Strikers,Liton Das,Munim Shahriar,RRS Cornwall
2516,1,11,4,Dhaka Capital,Sylhet Strikers,Liton Das,Munim Shahriar,RRS Cornwall
2516,1,11,5,Dhaka Capital,Sylhet Strikers,Liton Das,Munim Shahriar,RRS Cornwall
2516,1,11,6,Dhaka Capital,Sylhet Strikers,Liton Das,Munim Shahriar,RRS Cornwall
2516,1,12,1,Dhaka Capital,Sylhet Strikers,Liton Das,Munim Shahriar,Nahidul Islam
2516,1,12,2,Dhaka Capital,Sylhet Strikers,Munim Shahriar,Liton Das,Nahidul Islam
2516,1,12,3,Dhaka Capital,Sylhet Strikers,Liton Das,Munim Shahriar,Nahidul Islam
2516,1,12,4,Dhaka Capital,Sylhet Strikers,Liton Das,Munim Shahriar,Nahidul Islam
2516,1,12,5,Dhaka Capital,Sylhet Strikers,Munim Shahriar,Liton Das,Nahidul Islam
2516,1,12,6,Dhaka Capital,Sylhet Strikers,Munim Shahriar,Liton Das,Nahidul Islam
2516,1,13,1,Dhaka Capital,Sylhet Strikers,Munim Shahriar,Liton Das,RJW Topley
2516,1,13,2,Dhaka Capital,Sylhet Strikers,Liton Das,Munim Shahriar,RJW Topley
2516,1,13,3,Dhaka Capital,Sylhet Strikers,Munim Shahriar,Liton Das,RJW Topley
2516,1,13,4,Dhaka Capital,Sylhet Strikers,Liton Das,Munim Shahriar,RJW Topley
2516,1,13,5,Dhaka Capital,Sylhet Strikers,Liton Das,Munim Shahriar,RJW Topley
2516,1,13,6,Dhaka Capital,Sylhet Strikers,Munim Shahriar,Liton Das,RJW Topley
2516,1,13,7,Dhaka Capital,Sylhet Strikers,Liton Das,Munim Shahriar,RJW Topley
2516,1,13,8,Dhaka Capital,Sylhet Strikers,Liton Das,Munim Shahriar,RJW Topley
2516,1,14,1,Dhaka Capital,Sylhet Strikers,Munim Shahriar,Liton Das,Al-Amin Hossain
2516,1,14,2,Dhaka Capital,Sylhet Strikers,Liton Das,Munim Shahriar,Al-Amin Hossain
2516,1,14,3,Dhaka Capital,Sylhet Strikers,Liton Das,Munim Shahriar,Al-Amin Hossain
2516,1,14,4,Dhaka Capital,Sylhet Strikers,Liton Das,Munim Shahriar,Al-Amin Hossain
2516,1,14,5,Dhaka Capital,Sylhet Strikers,Liton Das,Munim Shahriar,Al-Amin Hossain
2516,1,14,6,Dhaka Capital,Sylhet Strikers,Munim Shahriar,Liton Das,Al-Amin Hossain
2516,1,15,1,Dhaka Capital,Sylhet Strikers,Liton Das,Munim Shahriar,RRS Cornwall
2516,1,15,2,Dhaka Capital,Sylhet Strikers,Liton Das,Munim Shahriar,RRS Cornwall
2516,1,15,3,Dhaka Capital,Sylhet Strikers,Liton Das,Munim Shahriar,RRS Cornwall
2516,1,15,4,Dhaka Capital,Sylhet Strikers,Sabbir Rahman,Munim Shahriar,RRS Cornwall
2516,1,15,5,Dhaka Capital,Sylhet Strikers,Munim Shahriar,Sabbir Rahman,RRS Cornwall
2516,1,15,6,Dhaka Capital,Sylhet Strikers,NLTC Perera,Sabbir Rahman,RRS Cornwall
2516,1,16,1,Dhaka Capital,Sylhet Strikers,Sabbir Rahman,NLTC Perera,Tanzim Hasan Sakib
2516,1,16,2,Dhaka Capital,Sylhet Strikers,Sabbir Rahman,NLTC Perera,Tanzim Hasan Sakib
2516,1,16,3,Dhaka Capital,Sylhet Strikers,NLTC Perera,Sabbir Rahman,Tanzim Hasan Sakib
2516,1,16,4,Dhaka Capital,Sylhet Strikers,Sabbir Rahman,NLTC Perera,Tanzim Hasan Sakib
2516,1,16,5,Dhaka Capital,Sylhet Strikers,Sabbir Rahman,NLTC Perera,Tanzim Hasan Sakib
2516,1,16,6,Dhaka Capital,Sylhet Strikers,Sabbir Rahman,NLTC Perera,Tanzim Hasan Sakib
2516,1,16,7,Dhaka Capital,Sylhet Strikers,NLTC Perera,Sabbir Rahman,Tanzim Hasan Sakib
2516,1,17,1,Dhaka Capital,Sylhet Strikers,NLTC Perera,Sabbir Rahman,Al-Amin Hossain
2516,1,17,2,Dhaka Capital,Sylhet Strikers,Sabbir Rahman,NLTC Perera,Al-Amin Hossain
2516,1,17,3,Dhaka Capital,Sylhet Strikers,Sabbir Rahman,NLTC Perera,Al-Amin Hossain
2516,1,17,4,Dhaka Capital,Sylhet Strikers,NLTC Perera,Sabbir Rahman,Al-Amin Hossain
2516,1,17,5,Dhaka Capital,Sylhet Strikers,NLTC Perera,Sabbir Rahman,Al-Amin Hossain
2516,1,17,6,Dhaka Capital,Sylhet Strikers,NLTC Perera,Sabbir Rahman,Al-Amin Hossain
2516,1,18,1,Dhaka Capital,Sylhet Strikers,Sabbir Rahman,NLTC Perera,RJW Topley
2516,1,18,2,Dhaka Capital,Sylhet Strikers,NLTC Perera,Sabbir Rahman,RJW Topley
2516,1,18,3,Dhaka Capital,Sylhet Strikers,Sabbir Rahman,NLTC Perera,RJW Topley
2516,1,18,4,Dhaka Capital,Sylhet Strikers,Sabbir Rahman,NLTC Perera,RJW Topley
2516,1,18,5,Dhaka Capital,Sylhet Strikers,Riaz Hassan,NLTC Perera,RJW Topley
2516,1,18,6,Dhaka Capital,Sylhet Strikers,Riaz Hassan,NLTC Perera,RJW Topley
2516,1,19,1,Dhaka Capital,Sylhet Strikers,NLTC Perera,Riaz Hassan,Tanzim Hasan Sakib
2516,1,19,2,Dhaka Capital,Sylhet Strikers,Mosaddek Hossain,Riaz Hassan,Tanzim Hasan Sakib
2516,1,19,3,Dhaka Capital,Sylhet Strikers,Mosaddek Hossain,Riaz Hassan,Tanzim Hasan Sakib
2516,1,19,4,Dhaka Capital,Sylhet Strikers,Mosaddek Hossain,Riaz Hassan,Tanzim Hasan Sakib
2516,1,19,5,Dhaka Capital,Sylhet Strikers,Mosaddek Hossain,Riaz Hassan,Tanzim Hasan Sakib
2516,1,19,6,Dhaka Capital,Sylhet Strikers,Shubham Ranjane,Riaz Hassan,Tanzim Hasan Sakib
2516,2,0,1,Sylhet Strikers,Dhaka Capital,RRS Cornwall,HG Munsey,Mustafizur Rahman
2516,2,0,2,Sylhet Strikers,Dhaka Capital,Zakir Hasan,HG Munsey,Mustafizur Rahman
2516,2,0,3,Sylhet Strikers,Dhaka Capital,Zakir Hasan,HG Munsey,Mustafizur Rahman
2516,2,0,4,Sylhet Strikers,Dhaka Capital,Zakir Hasan,HG Munsey,Mustafizur Rahman
2516,2,0,5,Sylhet Strikers,Dhaka Capital,HG Munsey,Zakir Hasan,Mustafizur Rahman
2516,2,0,6,Sylhet Strikers,Dhaka Capital,HG Munsey,Zakir Hasan,Mustafizur Rahman
2516,2,1,1,Sylhet Strikers,Dhaka Capital,HG Munsey,Zakir Hasan,Abu Jayed
2516,2,1,2,Sylhet Strikers,Dhaka Capital,HG Munsey,Zakir Hasan,Abu Jayed
2516,2,1,3,Sylhet Strikers,Dhaka Capital,HG Munsey,Zakir Hasan,Abu Jayed
2516,2,1,4,Sylhet Strikers,Dhaka Capital,HG Munsey,Zakir Hasan,Abu Jayed
2516,2,1,5,Sylhet Strikers,Dhaka Capital,HG Munsey,Zakir Hasan,Abu Jayed
2516,2,1,6,Sylhet Strikers,Dhaka Capital,HG Munsey,Zakir Hasan,Abu Jayed
2516,2,1,7,Sylhet Strikers,Dhaka Capital,HG Munsey,Zakir Hasan,Abu Jayed
2516,2,2,1,Sylhet Strikers,Dhaka Capital,Zakir Hasan,Aaron Jones,Mustafizur Rahman
2516,2,2,2,Sylhet Strikers,Dhaka Capital,Zakir Hasan,Aaron Jones,Mustafizur Rahman
2516,2,2,3,Sylhet Strikers,Dhaka Capital,Aaron Jones,Zakir Hasan,Mustafizur Rahman
2516,2,2,4,Sylhet Strikers,Dhaka Capital,Aaron Jones,Zakir Hasan,Mustafizur Rahman
2516,2,2,5,Sylhet Strikers,Dhaka Capital,Zakir Hasan,Aaron Jones,Mustafizur Rahman
2516,2,2,6,Sylhet Strikers,Dhaka Capital,Zakir Hasan,Aaron Jones,Mustafizur Rahman
2516,2,3,1,Sylhet Strikers,Dhaka Capital,Zakir Hasan,Aaron Jones,Abu Jayed
2516,2,3,2,Sylhet Strikers,Dhaka Capital,Aaron Jones,Zakir Hasan,Abu Jayed
2516,2,3,3,Sylhet Strikers,Dhaka Capital,Aaron Jones,Zakir Hasan,Abu Jayed
2516,2,3,4,Sylhet Strikers,Dhaka Capital,Aaron Jones,Zakir Hasan,Abu Jayed
2516,2,3,5,Sylhet Strikers,Dhaka Capital,Aaron Jones,Zakir Hasan,Abu Jayed
2516,2,3,6,Sylhet Strikers,Dhaka Capital,Aaron Jones,Zakir Hasan,Abu Jayed
2516,2,4,1,Sylhet Strikers,Dhaka Capital,Aaron Jones,Zakir Hasan,Farmanullah
2516,2,4,2,Sylhet Strikers,Dhaka Capital,Nahidul Islam,Zakir Hasan,Farmanullah
2516,2,4,3,Sylhet Strikers,Dhaka Capital,Zakir Hasan,Nahidul Islam,Farmanullah
2516,2,4,4,Sylhet Strikers,Dhaka Capital,Zakir Hasan,Nahidul Islam,Farmanullah
2516,2,4,5,Sylhet Strikers,Dhaka Capital,Zakir Hasan,Nahidul Islam,Farmanullah
2516,2,4,6,Sylhet Strikers,Dhaka Capital,Nahidul Islam,Zakir Hasan,Farmanullah
2516,2,4,7,Sylhet Strikers,Dhaka Capital,Zakir Hasan,Nahidul Islam,Farmanullah
2516,2,4,8,Sylhet Strikers,Dhaka Capital,Nahidul Islam,Zakir Hasan,Farmanullah
2516,2,5,1,Sylhet Strikers,Dhaka Capital,Nahidul Islam,Zakir Hasan,Shubham Ranjane
2516,2,5,2,Sylhet Strikers,Dhaka Capital,Zakir Hasan,Nahidul Islam,Shubham Ranjane
2516,2,5,3,Sylhet Strikers,Dhaka Capital,Zakir Hasan,Nahidul Islam,Shubham Ranjane
2516,2,5,4,Sylhet Strikers,Dhaka Capital,Zakir Hasan,Nahidul Islam,Shubham Ranjane
2516,2,5,5,Sylhet Strikers,Dhaka Capital,Zakir Hasan,Nahidul Islam,Shubham Ranjane
2516,2,5,6,Sylhet Strikers,Dhaka Capital,Zakir Hasan,Nahidul Islam,Shubham Ranjane
2516,2,5,7,Sylhet Strikers,Dhaka Capital,Zakir Hasan,Nahidul Islam,Shubham Ranjane
2516,2,5,8,Sylhet Strikers,Dhaka Capital,Zakir Hasan,Nahidul Islam,Shubham Ranjane
2516,2,6,1,Sylhet Strikers,Dhaka Capital,Nahidul Islam,Zakir Hasan,Mosaddek Hossain
2516,2,6,2,Sylhet Strikers,Dhaka Capital,Zakir Hasan,Nahidul Islam,Mosaddek Hossain
2516,2,6,3,Sylhet Strikers,Dhaka Capital,Nahidul Islam,Zakir Hasan,Mosaddek Hossain
2516,2,6,4,Sylhet Strikers,Dhaka Capital,Zakir Hasan,Nahidul Islam,Mosaddek Hossain
2516,2,6,5,Sylhet Strikers,Dhaka Capital,Nahidul Islam,Zakir Hasan,Mosaddek Hossain
2516,2,6,6,Sylhet Strikers,Dhaka Capital,Nahidul Islam,Zakir Hasan,Mosaddek Hossain
2516,2,7,1,Sylhet Strikers,Dhaka Capital,Nahidul Islam,Zakir Hasan,NLTC Perera
2516,2,7,2,Sylhet Strikers,Dhaka Capital,Zakir Hasan,Nahidul Islam,NLTC Perera
2516,2,7,3,Sylhet Strikers,Dhaka Capital,Nahidul Islam,Zakir Hasan,NLTC Perera
2516,2,7,4,Sylhet Strikers,Dhaka Capital,Zakir Hasan,Nahidul Islam,NLTC Perera
2516,2,7,5,Sylhet Strikers,Dhaka Capital,Zakir Hasan,Nahidul Islam,NLTC Perera
2516,2,7,6,Sylhet Strikers,Dhaka Capital,Zakir Hasan,Nahidul Islam,NLTC Perera
2516,2,8,1,Sylhet Strikers,Dhaka Capital,Nahidul Islam,Zakir Hasan,Mosaddek Hossain
2516,2,8,2,Sylhet Strikers,Dhaka Capital,Nahidul Islam,Zakir Hasan,Mosaddek Hossain
2516,2,8,3,Sylhet Strikers,Dhaka Capital,Rony Talukdar,Zakir Hasan,Mosaddek Hossain
2516,2,8,4,Sylhet Strikers,Dhaka Capital,Rony Talukdar,Zakir Hasan,Mosaddek Hossain
2516,2,8,5,Sylhet Strikers,Dhaka Capital,Zakir Hasan,Rony Talukdar,Mosaddek Hossain
2516,2,8,6,Sylhet Strikers,Dhaka Capital,Zakir Hasan,Rony Talukdar,Mosaddek Hossain
2516,2,8,7,Sylhet Strikers,Dhaka Capital,Zakir Hasan,Rony Talukdar,Mosaddek Hossain
2516,2,9,1,Sylhet Strikers,Dhaka Capital,Rony Talukdar,Zakir Hasan,Shubham Ranjane
2516,2,9,2,Sylhet Strikers,Dhaka Capital,Zakir Hasan,Rony Talukdar,Shubham Ranjane
2516,2,9,3,Sylhet Strikers,Dhaka Capital,Zakir Hasan,Rony Talukdar,Shubham Ranjane
2516,2,9,4,Sylhet Strikers,Dhaka Capital,Jaker Ali,Rony Talukdar,Shubham Ranjane
2516,2,9,5,Sylhet Strikers,Dhaka Capital,Rony Talukdar,Jaker Ali,Shubham Ranjane
2516,2,9,6,Sylhet Strikers,Dhaka Capital,Jaker Ali,Rony Talukdar,Shubham Ranjane
2516,2,10,1,Sylhet Strikers,Dhaka Capital,Jaker Ali,Rony Talukdar,Farmanullah
2516,2,10,2,Sylhet Strikers,Dhaka Capital,Jaker Ali,Rony Talukdar,Farmanullah
2516,2,10,3,Sylhet Strikers,Dhaka Capital,Rony Talukdar,Jaker Ali,Farmanullah
2516,2,10,4,Sylhet Strikers,Dhaka Capital,Rony Talukdar,Jaker Ali,Farmanullah
2516,2,10,5,Sylhet Strikers,Dhaka Capital,Jaker Ali,Rony Talukdar,Farmanullah
2516,2,10,6,Sylhet Strikers,Dhaka Capital,Rony Talukdar,Jaker Ali,Farmanullah
2516,2,11,1,Sylhet Strikers,Dhaka Capital,Jaker Ali,Rony Talukdar,Mosaddek Hossain
2516,2,11,2,Sylhet Strikers,Dhaka Capital,Jaker Ali,Rony Talukdar,Mosaddek Hossain
2516,2,11,3,Sylhet Strikers,Dhaka Capital,Rony Talukdar,Jaker Ali,Mosaddek Hossain
2516,2,11,4,Sylhet Strikers,Dhaka Capital,Jaker Ali,Rony Talukdar,Mosaddek Hossain
2516,2,11,5,Sylhet Strikers,Dhaka Capital,Jaker Ali,Rony Talukdar,Mosaddek Hossain
2516,2,11,6,Sylhet Strikers,Dhaka Capital,Rony Talukdar,Jaker Ali,Mosaddek Hossain
2516,2,12,1,Sylhet Strikers,Dhaka Capital,Rony Talukdar,Jaker Ali,Shubham Ranjane
2516,2,12,2,Sylhet Strikers,Dhaka Capital,Rony Talukdar,Jaker Ali,Shubham Ranjane
2516,2,12,3,Sylhet Strikers,Dhaka Capital,Rony Talukdar,Jaker Ali,Shubham Ranjane
2516,2,12,4,Sylhet Strikers,Dhaka Capital,Rony Talukdar,Jaker Ali,Shubham Ranjane
2516,2,12,5,Sylhet Strikers,Dhaka Capital,Rony Talukdar,Jaker Ali,Shubham Ranjane
2516,2,12,6,Sylhet Strikers,Dhaka Capital,Jaker Ali,Rony Talukdar,Shubham Ranjane
2516,2,13,1,Sylhet Strikers,Dhaka Capital,Jaker Ali,Rony Talukdar,Farmanullah
2516,2,13,2,Sylhet Strikers,Dhaka Capital,Rony Talukdar,Jaker Ali,Farmanullah
2516,2,13,3,Sylhet Strikers,Dhaka Capital,Rony Talukdar,Jaker Ali,Farmanullah
2516,2,13,4,Sylhet Strikers,Dhaka Capital,Rony Talukdar,Jaker Ali,Farmanullah
2516,2,13,5,Sylhet Strikers,Dhaka Capital,Rony Talukdar,Jaker Ali,Farmanullah
2516,2,13,6,Sylhet Strikers,Dhaka Capital,Jaker Ali,Rony Talukdar,Farmanullah
2516,2,14,1,Sylhet Strikers,Dhaka Capital,Jaker Ali,Rony Talukdar,Shubham Ranjane
2516,2,14,2,Sylhet Strikers,Dhaka Capital,Rony Talukdar,Jaker Ali,Shubham Ranjane
2516,2,14,3,Sylhet Strikers,Dhaka Capital,Jaker Ali,Rony Talukdar,Shubham Ranjane
2516,2,14,4,Sylhet Strikers,Dhaka Capital,Jaker Ali,Rony Talukdar,Shubham Ranjane
2516,2,14,5,Sylhet Strikers,Dhaka Capital,Rony Talukdar,Jaker Ali,Shubham Ranjane
2516,2,14,6,Sylhet Strikers,Dhaka Capital,Ariful Haque,Jaker Ali,Shubham Ranjane
2516,2,14,7,Sylhet Strikers,Dhaka Capital,Jaker Ali,Ariful Haque,Shubham Ranjane
2516,2,15,1,Sylhet Strikers,Dhaka Capital,Jaker Ali,Ariful Haque,Farmanullah
2516,2,15,2,Sylhet Strikers,Dhaka Capital,Tanzim Hasan Sakib,Ariful Haque,Farmanullah
2516,2,15,3,Sylhet Strikers,Dhaka Capital,Ariful Haque,Tanzim Hasan Sakib,Farmanullah
2516,2,15,4,Sylhet Strikers,Dhaka Capital,Ariful Haque,Tanzim Hasan Sakib,Farmanullah
2516,2,15,5,Sylhet Strikers,Dhaka Capital,Ariful Haque,Tanzim Hasan Sakib,Farmanullah
2516,2,15,6,Sylhet Strikers,Dhaka Capital,Tanzim Hasan Sakib,Ariful Haque,Farmanullah
2516,2,16,1,Sylhet Strikers,Dhaka Capital,Ariful Haque,Tanzim Hasan Sakib,Mustafizur Rahman
2516,2,16,2,Sylhet Strikers,Dhaka Capital,Tanzim Hasan Sakib,Ariful Haque,Mustafizur Rahman
2516,2,16,3,Sylhet Strikers,Dhaka Capital,Ariful Haque,Tanzim Hasan Sakib,Mustafizur Rahman
2516,2,16,4,Sylhet Strikers,Dhaka Capital,Tanzim Hasan Sakib,Ariful Haque,Mustafizur Rahman
2516,2,16,5,Sylhet Strikers,Dhaka Capital,Ariful Haque,Tanzim Hasan Sakib,Mustafizur Rahman
2516,2,16,6,Sylhet Strikers,Dhaka Capital,Ariful Haque,Tanzim Hasan Sakib,Mustafizur Rahman
2516,2,17,1,Sylhet Strikers,Dhaka Capital,Ariful Haque,Tanzim Hasan Sakib,Abu Jayed
2516,2,17,2,Sylhet Strikers,Dhaka Capital,Ariful Haque,Tanzim Hasan Sakib,Abu Jayed
2516,2,17,3,Sylhet Strikers,Dhaka Capital,Ariful Haque,Tanzim Hasan Sakib,Abu Jayed
2516,2,17,4,Sylhet Strikers,Dhaka Capital,Ariful Haque,Tanzim Hasan Sakib,Abu Jayed
2516,2,17,5,Sylhet Strikers,Dhaka Capital,Ariful Haque,Tanzim Hasan Sakib,Abu Jayed
2516,2,17,6,Sylhet Strikers,Dhaka Capital,Ariful Haque,Tanzim Hasan Sakib,Abu Jayed
2516,2,18,1,Sylhet Strikers,Dhaka Capital,Tanzim Hasan Sakib,Ariful Haque,Mustafizur Rahman
2516,2,18,2,Sylhet Strikers,Dhaka Capital,Tanzim Hasan Sakib,Ariful Haque,Mustafizur Rahman
2516,2,18,3,Sylhet Strikers,Dhaka Capital,Ariful Haque,Tanzim Hasan Sakib,Mustafizur Rahman
2516,2,18,4,Sylhet Strikers,Dhaka Capital,Tanzim Hasan Sakib,Ariful Haque,Mustafizur Rahman
