MATCHID,INNINGSNO,OVERNO,BALL_NO,TEAMBATTING,TEAMBOWLING,STRIKER,NON_STRIKER,BOWLER
2545,1,0,1,Khulna Tigers,Chittagong Kings,Mehedi Hasan Miraz,Mohammad Naim,B Fernando
2545,1,0,2,Khulna Tigers,Chittagong Kings,Mehedi Hasan Miraz,Mohammad Naim,B Fernando
2545,1,0,3,Khulna Tigers,Chittagong Kings,Mehedi Hasan Miraz,Mohammad Naim,B Fernando
2545,1,0,4,Khulna Tigers,Chittagong Kings,Mohammad Naim,Mehedi Hasan Miraz,B Fernando
2545,1,0,5,Khulna Tigers,Chittagong Kings,Mohammad Naim,Mehedi Hasan Miraz,B Fernando
2545,1,0,6,Khulna Tigers,Chittagong Kings,Mohammad Naim,Mehedi Hasan Miraz,B Fernando
2545,1,1,1,Khulna Tigers,Chittagong Kings,Mehedi Hasan Miraz,Mohammad Naim,Shoriful Islam
2545,1,1,2,Khulna Tigers,Chittagong Kings,Mohammad Naim,Mehedi Hasan Miraz,Shoriful Islam
2545,1,1,3,Khulna Tigers,Chittagong Kings,Mohammad Naim,Mehedi Hasan Miraz,Shoriful Islam
2545,1,1,4,Khulna Tigers,Chittagong Kings,Mohammad Naim,Mehedi Hasan Miraz,Shoriful Islam
2545,1,1,5,Khulna Tigers,Chittagong Kings,Mohammad Naim,Mehedi Hasan Miraz,Shoriful Islam
2545,1,1,6,Khulna Tigers,Chittagong Kings,Mohammad Naim,Mehedi Hasan Miraz,Shoriful Islam
2545,1,2,1,Khulna Tigers,Chittagong Kings,Mehedi Hasan Miraz,Mohammad Naim,B Fernando
2545,1,2,2,Khulna Tigers,Chittagong Kings,Mehedi Hasan Miraz,Mohammad Naim,B Fernando
2545,1,2,3,Khulna Tigers,Chittagong Kings,AI Ross,Mohammad Naim,B Fernando
2545,1,2,4,Khulna Tigers,Chittagong Kings,AI Ross,Mohammad Naim,B Fernando
2545,1,2,5,Khulna Tigers,Chittagong Kings,AI Ross,Mohammad Naim,B Fernando
2545,1,2,6,Khulna Tigers,Chittagong Kings,AI Ross,Mohammad Naim,B Fernando
2545,1,3,1,Khulna Tigers,Chittagong Kings,AI Ross,Mohammad Naim,Al Islam
2545,1,3,2,Khulna Tigers,Chittagong Kings,AI Ross,Mohammad Naim,Al Islam
2545,1,3,3,Khulna Tigers,Chittagong Kings,Afif Hossain,Mohammad Naim,Al Islam
2545,1,3,4,Khulna Tigers,Chittagong Kings,Mohammad Naim,Afif Hossain,Al Islam
2545,1,3,5,Khulna Tigers,Chittagong Kings,Mohammad Naim,Afif Hossain,Al Islam
2545,1,3,6,Khulna Tigers,Chittagong Kings,Mohammad Naim,Afif Hossain,Al Islam
2545,1,4,1,Khulna Tigers,Chittagong Kings,Afif Hossain,Mohammad Naim,Khaled Ahmed
2545,1,4,2,Khulna Tigers,Chittagong Kings,Mohammad Naim,Afif Hossain,Khaled Ahmed
2545,1,4,3,Khulna Tigers,Chittagong Kings,Mohammad Naim,Afif Hossain,Khaled Ahmed
2545,1,4,4,Khulna Tigers,Chittagong Kings,Mohammad Naim,Afif Hossain,Khaled Ahmed
2545,1,4,5,Khulna Tigers,Chittagong Kings,Mohammad Naim,Afif Hossain,Khaled Ahmed
2545,1,4,6,Khulna Tigers,Chittagong Kings,Mohammad Naim,Afif Hossain,Khaled Ahmed
2545,1,5,1,Khulna Tigers,Chittagong Kings,Afif Hossain,Mohammad Naim,Al Islam
2545,1,5,2,Khulna Tigers,Chittagong Kings,Mohammad Naim,Afif Hossain,Al Islam
2545,1,5,3,Khulna Tigers,Chittagong Kings,Mohammad Naim,Afif Hossain,Al Islam
2545,1,5,4,Khulna Tigers,Chittagong Kings,Mohammad Naim,Afif Hossain,Al Islam
2545,1,5,5,Khulna Tigers,Chittagong Kings,Afif Hossain,Mohammad Naim,Al Islam
2545,1,5,6,Khulna Tigers,Chittagong Kings,Afif Hossain,Mohammad Naim,Al Islam
2545,1,6,1,Khulna Tigers,Chittagong Kings,Afif Hossain,Mohammad Naim,Shamim Hossain
2545,1,6,2,Khulna Tigers,Chittagong Kings,Mohammad Naim,Afif Hossain,Shamim Hossain
2545,1,6,3,Khulna Tigers,Chittagong Kings,Afif Hossain,Mohammad Naim,Shamim Hossain
2545,1,6,4,Khulna Tigers,Chittagong Kings,Afif Hossain,Mohammad Naim,Shamim Hossain
2545,1,6,5,Khulna Tigers,Chittagong Kings,Afif Hossain,Mohammad Naim,Shamim Hossain
2545,1,6,6,Khulna Tigers,Chittagong Kings,Mohammad Naim,Afif Hossain,Shamim Hossain
2545,1,7,1,Khulna Tigers,Chittagong Kings,Mohammad Naim,Afif Hossain,Khaled Ahmed
2545,1,7,2,Khulna Tigers,Chittagong Kings,Mahidul Islam Ankon,Afif Hossain,Khaled Ahmed
2545,1,7,3,Khulna Tigers,Chittagong Kings,Mahidul Islam Ankon,Afif Hossain,Khaled Ahmed
2545,1,7,4,Khulna Tigers,Chittagong Kings,Afif Hossain,Mahidul Islam Ankon,Khaled Ahmed
2545,1,7,5,Khulna Tigers,Chittagong Kings,Mahidul Islam Ankon,Afif Hossain,Khaled Ahmed
2545,1,7,6,Khulna Tigers,Chittagong Kings,Mahidul Islam Ankon,Afif Hossain,Khaled Ahmed
2545,1,8,1,Khulna Tigers,Chittagong Kings,Mahidul Islam Ankon,Afif Hossain,Arafat Sunny
2545,1,8,2,Khulna Tigers,Chittagong Kings,Afif Hossain,Mahidul Islam Ankon,Arafat Sunny
2545,1,8,3,Khulna Tigers,Chittagong Kings,Afif Hossain,Mahidul Islam Ankon,Arafat Sunny
2545,1,8,4,Khulna Tigers,Chittagong Kings,Afif Hossain,Mahidul Islam Ankon,Arafat Sunny
2545,1,8,5,Khulna Tigers,Chittagong Kings,Afif Hossain,Mahidul Islam Ankon,Arafat Sunny
2545,1,8,6,Khulna Tigers,Chittagong Kings,SO Hetmyer,Mahidul Islam Ankon,Arafat Sunny
2545,1,9,1,Khulna Tigers,Chittagong Kings,Mahidul Islam Ankon,SO Hetmyer,Al Islam
2545,1,9,2,Khulna Tigers,Chittagong Kings,SO Hetmyer,Mahidul Islam Ankon,Al Islam
2545,1,9,3,Khulna Tigers,Chittagong Kings,SO Hetmyer,Mahidul Islam Ankon,Al Islam
2545,1,9,4,Khulna Tigers,Chittagong Kings,Mahidul Islam Ankon,SO Hetmyer,Al Islam
2545,1,9,5,Khulna Tigers,Chittagong Kings,Mahidul Islam Ankon,SO Hetmyer,Al Islam
2545,1,9,6,Khulna Tigers,Chittagong Kings,Mahidul Islam Ankon,SO Hetmyer,Al Islam
2545,1,10,1,Khulna Tigers,Chittagong Kings,SO Hetmyer,Mahidul Islam Ankon,Shoriful Islam
2545,1,10,2,Khulna Tigers,Chittagong Kings,SO Hetmyer,Mahidul Islam Ankon,Shoriful Islam
2545,1,10,3,Khulna Tigers,Chittagong Kings,SO Hetmyer,Mahidul Islam Ankon,Shoriful Islam
2545,1,10,4,Khulna Tigers,Chittagong Kings,Mahidul Islam Ankon,SO Hetmyer,Shoriful Islam
2545,1,10,5,Khulna Tigers,Chittagong Kings,Mahidul Islam Ankon,SO Hetmyer,Shoriful Islam
2545,1,10,6,Khulna Tigers,Chittagong Kings,Mahidul Islam Ankon,SO Hetmyer,Shoriful Islam
2545,1,11,1,Khulna Tigers,Chittagong Kings,SO Hetmyer,Mahidul Islam Ankon,Al Islam
2545,1,11,2,Khulna Tigers,Chittagong Kings,SO Hetmyer,Mahidul Islam Ankon,Al Islam
2545,1,11,3,Khulna Tigers,Chittagong Kings,Mahidul Islam Ankon,SO Hetmyer,Al Islam
2545,1,11,4,Khulna Tigers,Chittagong Kings,Mahidul Islam Ankon,SO Hetmyer,Al Islam
2545,1,11,5,Khulna Tigers,Chittagong Kings,Mahidul Islam Ankon,SO Hetmyer,Al Islam
2545,1,11,6,Khulna Tigers,Chittagong Kings,SO Hetmyer,Mahidul Islam Ankon,Al Islam
2545,1,12,1,Khulna Tigers,Chittagong Kings,Mahidul Islam Ankon,SO Hetmyer,Arafat Sunny
2545,1,12,2,Khulna Tigers,Chittagong Kings,Mahidul Islam Ankon,SO Hetmyer,Arafat Sunny
2545,1,12,3,Khulna Tigers,Chittagong Kings,SO Hetmyer,Mahidul Islam Ankon,Arafat Sunny
2545,1,12,4,Khulna Tigers,Chittagong Kings,Mahidul Islam Ankon,SO Hetmyer,Arafat Sunny
2545,1,12,5,Khulna Tigers,Chittagong Kings,SO Hetmyer,Mahidul Islam Ankon,Arafat Sunny
2545,1,12,6,Khulna Tigers,Chittagong Kings,Mahidul Islam Ankon,SO Hetmyer,Arafat Sunny
2545,1,13,1,Khulna Tigers,Chittagong Kings,Mahidul Islam Ankon,SO Hetmyer,Shamim Hossain
2545,1,13,2,Khulna Tigers,Chittagong Kings,Mahidul Islam Ankon,SO Hetmyer,Shamim Hossain
2545,1,13,3,Khulna Tigers,Chittagong Kings,Mahidul Islam Ankon,SO Hetmyer,Shamim Hossain
2545,1,13,4,Khulna Tigers,Chittagong Kings,SO Hetmyer,Mahidul Islam Ankon,Shamim Hossain
2545,1,13,5,Khulna Tigers,Chittagong Kings,Mahidul Islam Ankon,SO Hetmyer,Shamim Hossain
2545,1,13,6,Khulna Tigers,Chittagong Kings,SO Hetmyer,Mahidul Islam Ankon,Shamim Hossain
2545,1,14,1,Khulna Tigers,Chittagong Kings,SO Hetmyer,Mahidul Islam Ankon,Hussain Talat
2545,1,14,2,Khulna Tigers,Chittagong Kings,SO Hetmyer,Mahidul Islam Ankon,Hussain Talat
2545,1,14,3,Khulna Tigers,Chittagong Kings,Mahidul Islam Ankon,SO Hetmyer,Hussain Talat
2545,1,14,4,Khulna Tigers,Chittagong Kings,Mahidul Islam Ankon,SO Hetmyer,Hussain Talat
2545,1,14,5,Khulna Tigers,Chittagong Kings,SO Hetmyer,Mahidul Islam Ankon,Hussain Talat
2545,1,14,6,Khulna Tigers,Chittagong Kings,SO Hetmyer,Mahidul Islam Ankon,Hussain Talat
2545,1,15,1,Khulna Tigers,Chittagong Kings,SO Hetmyer,Mahidul Islam Ankon,B Fernando
2545,1,15,2,Khulna Tigers,Chittagong Kings,SO Hetmyer,Mahidul Islam Ankon,B Fernando
2545,1,15,3,Khulna Tigers,Chittagong Kings,SO Hetmyer,Mahidul Islam Ankon,B Fernando
2545,1,15,4,Khulna Tigers,Chittagong Kings,Mahidul Islam Ankon,SO Hetmyer,B Fernando
2545,1,15,5,Khulna Tigers,Chittagong Kings,SO Hetmyer,Mahidul Islam Ankon,B Fernando
2545,1,15,6,Khulna Tigers,Chittagong Kings,SO Hetmyer,Mahidul Islam Ankon,B Fernando
2545,1,15,7,Khulna Tigers,Chittagong Kings,Mahidul Islam Ankon,SO Hetmyer,B Fernando
2545,1,16,1,Khulna Tigers,Chittagong Kings,Mahidul Islam Ankon,SO Hetmyer,Khaled Ahmed
2545,1,16,2,Khulna Tigers,Chittagong Kings,Mahidul Islam Ankon,SO Hetmyer,Khaled Ahmed
2545,1,16,3,Khulna Tigers,Chittagong Kings,Mahidul Islam Ankon,SO Hetmyer,Khaled Ahmed
2545,1,16,4,Khulna Tigers,Chittagong Kings,Mahidul Islam Ankon,SO Hetmyer,Khaled Ahmed
2545,1,16,5,Khulna Tigers,Chittagong Kings,SO Hetmyer,Mahidul Islam Ankon,Khaled Ahmed
2545,1,16,6,Khulna Tigers,Chittagong Kings,SO Hetmyer,Mahidul Islam Ankon,Khaled Ahmed
2545,1,17,1,Khulna Tigers,Chittagong Kings,Mahidul Islam Ankon,SO Hetmyer,Shoriful Islam
2545,1,17,2,Khulna Tigers,Chittagong Kings,JO Holder,SO Hetmyer,Shoriful Islam
2545,1,17,3,Khulna Tigers,Chittagong Kings,SO Hetmyer,JO Holder,Shoriful Islam
2545,1,17,4,Khulna Tigers,Chittagong Kings,SO Hetmyer,JO Holder,Shoriful Islam
2545,1,17,5,Khulna Tigers,Chittagong Kings,SO Hetmyer,JO Holder,Shoriful Islam
2545,1,17,6,Khulna Tigers,Chittagong Kings,SO Hetmyer,JO Holder,Shoriful Islam
2545,1,18,1,Khulna Tigers,Chittagong Kings,SO Hetmyer,JO Holder,B Fernando
2545,1,18,2,Khulna Tigers,Chittagong Kings,SO Hetmyer,JO Holder,B Fernando
2545,1,18,3,Khulna Tigers,Chittagong Kings,SO Hetmyer,JO Holder,B Fernando
2545,1,18,4,Khulna Tigers,Chittagong Kings,SO Hetmyer,JO Holder,B Fernando
2545,1,18,5,Khulna Tigers,Chittagong Kings,SO Hetmyer,JO Holder,B Fernando
2545,1,18,6,Khulna Tigers,Chittagong Kings,SO Hetmyer,JO Holder,B Fernando
2545,1,18,7,Khulna Tigers,Chittagong Kings,SO Hetmyer,JO Holder,B Fernando
2545,1,19,1,Khulna Tigers,Chittagong Kings,JO Holder,Mohammad Nawaz,Shoriful Islam
2545,1,19,2,Khulna Tigers,Chittagong Kings,Mohammad Nawaz,JO Holder,Shoriful Islam
2545,1,19,3,Khulna Tigers,Chittagong Kings,Mohammad Nawaz,JO Holder,Shoriful Islam
2545,1,19,4,Khulna Tigers,Chittagong Kings,Mohammad Nawaz,JO Holder,Shoriful Islam
2545,1,19,5,Khulna Tigers,Chittagong Kings,JO Holder,Mohammad Nawaz,Shoriful Islam
2545,1,19,6,Khulna Tigers,Chittagong Kings,JO Holder,Mohammad Nawaz,Shoriful Islam
2545,1,19,7,Khulna Tigers,Chittagong Kings,JO Holder,Mohammad Nawaz,Shoriful Islam
2545,2,0,1,Chittagong Kings,Khulna Tigers,Khawaja Nafay,Parvez Hossain Emon,JO Holder
2545,2,0,2,Chittagong Kings,Khulna Tigers,Parvez Hossain Emon,Khawaja Nafay,JO Holder
2545,2,0,3,Chittagong Kings,Khulna Tigers,Parvez Hossain Emon,Khawaja Nafay,JO Holder
2545,2,0,4,Chittagong Kings,Khulna Tigers,Khawaja Nafay,Parvez Hossain Emon,JO Holder
2545,2,0,5,Chittagong Kings,Khulna Tigers,Khawaja Nafay,Parvez Hossain Emon,JO Holder
2545,2,0,6,Chittagong Kings,Khulna Tigers,Parvez Hossain Emon,Khawaja Nafay,JO Holder
2545,2,0,7,Chittagong Kings,Khulna Tigers,Parvez Hossain Emon,Khawaja Nafay,JO Holder
2545,2,1,1,Chittagong Kings,Khulna Tigers,Khawaja Nafay,Parvez Hossain Emon,Hasan Mahmud
2545,2,1,2,Chittagong Kings,Khulna Tigers,Khawaja Nafay,Parvez Hossain Emon,Hasan Mahmud
2545,2,1,3,Chittagong Kings,Khulna Tigers,Parvez Hossain Emon,Khawaja Nafay,Hasan Mahmud
2545,2,1,4,Chittagong Kings,Khulna Tigers,Parvez Hossain Emon,Khawaja Nafay,Hasan Mahmud
2545,2,1,5,Chittagong Kings,Khulna Tigers,Parvez Hossain Emon,Khawaja Nafay,Hasan Mahmud
2545,2,1,6,Chittagong Kings,Khulna Tigers,Parvez Hossain Emon,Khawaja Nafay,Hasan Mahmud
2545,2,1,7,Chittagong Kings,Khulna Tigers,G Clark,Khawaja Nafay,Hasan Mahmud
2545,2,2,1,Chittagong Kings,Khulna Tigers,Khawaja Nafay,G Clark,JO Holder
2545,2,2,2,Chittagong Kings,Khulna Tigers,Khawaja Nafay,G Clark,JO Holder
2545,2,2,3,Chittagong Kings,Khulna Tigers,Khawaja Nafay,G Clark,JO Holder
2545,2,2,4,Chittagong Kings,Khulna Tigers,Khawaja Nafay,G Clark,JO Holder
2545,2,2,5,Chittagong Kings,Khulna Tigers,Khawaja Nafay,G Clark,JO Holder
2545,2,2,6,Chittagong Kings,Khulna Tigers,G Clark,Khawaja Nafay,JO Holder
2545,2,3,1,Chittagong Kings,Khulna Tigers,G Clark,Khawaja Nafay,Nasum Ahmed
2545,2,3,2,Chittagong Kings,Khulna Tigers,Khawaja Nafay,G Clark,Nasum Ahmed
2545,2,3,3,Chittagong Kings,Khulna Tigers,Khawaja Nafay,G Clark,Nasum Ahmed
2545,2,3,4,Chittagong Kings,Khulna Tigers,Khawaja Nafay,G Clark,Nasum Ahmed
2545,2,3,5,Chittagong Kings,Khulna Tigers,Khawaja Nafay,G Clark,Nasum Ahmed
2545,2,3,6,Chittagong Kings,Khulna Tigers,Khawaja Nafay,G Clark,Nasum Ahmed
2545,2,4,1,Chittagong Kings,Khulna Tigers,G Clark,Khawaja Nafay,Hasan Mahmud
2545,2,4,2,Chittagong Kings,Khulna Tigers,Hussain Talat,Khawaja Nafay,Hasan Mahmud
2545,2,4,3,Chittagong Kings,Khulna Tigers,Khawaja Nafay,Hussain Talat,Hasan Mahmud
2545,2,4,4,Chittagong Kings,Khulna Tigers,Hussain Talat,Khawaja Nafay,Hasan Mahmud
2545,2,4,5,Chittagong Kings,Khulna Tigers,Hussain Talat,Khawaja Nafay,Hasan Mahmud
2545,2,4,6,Chittagong Kings,Khulna Tigers,Hussain Talat,Khawaja Nafay,Hasan Mahmud
2545,2,5,1,Chittagong Kings,Khulna Tigers,Khawaja Nafay,Hussain Talat,Mehedi Hasan Miraz
2545,2,5,2,Chittagong Kings,Khulna Tigers,Hussain Talat,Khawaja Nafay,Mehedi Hasan Miraz
2545,2,5,3,Chittagong Kings,Khulna Tigers,Hussain Talat,Khawaja Nafay,Mehedi Hasan Miraz
2545,2,5,4,Chittagong Kings,Khulna Tigers,Khawaja Nafay,Hussain Talat,Mehedi Hasan Miraz
2545,2,5,5,Chittagong Kings,Khulna Tigers,Hussain Talat,Khawaja Nafay,Mehedi Hasan Miraz
2545,2,5,6,Chittagong Kings,Khulna Tigers,Khawaja Nafay,Hussain Talat,Mehedi Hasan Miraz
2545,2,6,1,Chittagong Kings,Khulna Tigers,Khawaja Nafay,Hussain Talat,Nasum Ahmed
2545,2,6,2,Chittagong Kings,Khulna Tigers,Hussain Talat,Khawaja Nafay,Nasum Ahmed
2545,2,6,3,Chittagong Kings,Khulna Tigers,Khawaja Nafay,Hussain Talat,Nasum Ahmed
2545,2,6,4,Chittagong Kings,Khulna Tigers,Khawaja Nafay,Hussain Talat,Nasum Ahmed
2545,2,6,5,Chittagong Kings,Khulna Tigers,Hussain Talat,Khawaja Nafay,Nasum Ahmed
2545,2,6,6,Chittagong Kings,Khulna Tigers,Khawaja Nafay,Hussain Talat,Nasum Ahmed
2545,2,7,1,Chittagong Kings,Khulna Tigers,Hussain Talat,Khawaja Nafay,Mehedi Hasan Miraz
2545,2,7,2,Chittagong Kings,Khulna Tigers,Khawaja Nafay,Hussain Talat,Mehedi Hasan Miraz
2545,2,7,3,Chittagong Kings,Khulna Tigers,Hussain Talat,Khawaja Nafay,Mehedi Hasan Miraz
2545,2,7,4,Chittagong Kings,Khulna Tigers,Hussain Talat,Khawaja Nafay,Mehedi Hasan Miraz
2545,2,7,5,Chittagong Kings,Khulna Tigers,Hussain Talat,Khawaja Nafay,Mehedi Hasan Miraz
2545,2,7,6,Chittagong Kings,Khulna Tigers,Hussain Talat,Khawaja Nafay,Mehedi Hasan Miraz
2545,2,8,1,Chittagong Kings,Khulna Tigers,Khawaja Nafay,Hussain Talat,Mohammad Nawaz
2545,2,8,2,Chittagong Kings,Khulna Tigers,Hussain Talat,Khawaja Nafay,Mohammad Nawaz
2545,2,8,3,Chittagong Kings,Khulna Tigers,Hussain Talat,Khawaja Nafay,Mohammad Nawaz
2545,2,8,4,Chittagong Kings,Khulna Tigers,Khawaja Nafay,Hussain Talat,Mohammad Nawaz
2545,2,8,5,Chittagong Kings,Khulna Tigers,Khawaja Nafay,Hussain Talat,Mohammad Nawaz
2545,2,8,6,Chittagong Kings,Khulna Tigers,Hussain Talat,Khawaja Nafay,Mohammad Nawaz
2545,2,9,1,Chittagong Kings,Khulna Tigers,Hussain Talat,Khawaja Nafay,Musfik Hasan
2545,2,9,2,Chittagong Kings,Khulna Tigers,Hussain Talat,Khawaja Nafay,Musfik Hasan
2545,2,9,3,Chittagong Kings,Khulna Tigers,Hussain Talat,Khawaja Nafay,Musfik Hasan
2545,2,9,4,Chittagong Kings,Khulna Tigers,Khawaja Nafay,Hussain Talat,Musfik Hasan
2545,2,9,5,Chittagong Kings,Khulna Tigers,Khawaja Nafay,Hussain Talat,Musfik Hasan
2545,2,9,6,Chittagong Kings,Khulna Tigers,Khawaja Nafay,Hussain Talat,Musfik Hasan
2545,2,10,1,Chittagong Kings,Khulna Tigers,Khawaja Nafay,Hussain Talat,Mohammad Nawaz
2545,2,10,2,Chittagong Kings,Khulna Tigers,Hussain Talat,Khawaja Nafay,Mohammad Nawaz
2545,2,10,3,Chittagong Kings,Khulna Tigers,Hussain Talat,Khawaja Nafay,Mohammad Nawaz
2545,2,10,4,Chittagong Kings,Khulna Tigers,Khawaja Nafay,Hussain Talat,Mohammad Nawaz
2545,2,10,5,Chittagong Kings,Khulna Tigers,Khawaja Nafay,Hussain Talat,Mohammad Nawaz
2545,2,10,6,Chittagong Kings,Khulna Tigers,Hussain Talat,Khawaja Nafay,Mohammad Nawaz
2545,2,11,1,Chittagong Kings,Khulna Tigers,Khawaja Nafay,Hussain Talat,Mehedi Hasan Miraz
2545,2,11,2,Chittagong Kings,Khulna Tigers,Hussain Talat,Khawaja Nafay,Mehedi Hasan Miraz
2545,2,11,3,Chittagong Kings,Khulna Tigers,Khawaja Nafay,Hussain Talat,Mehedi Hasan Miraz
2545,2,11,4,Chittagong Kings,Khulna Tigers,Khawaja Nafay,Hussain Talat,Mehedi Hasan Miraz
2545,2,11,5,Chittagong Kings,Khulna Tigers,Khawaja Nafay,Hussain Talat,Mehedi Hasan Miraz
2545,2,11,6,Chittagong Kings,Khulna Tigers,Khawaja Nafay,Hussain Talat,Mehedi Hasan Miraz
2545,2,12,1,Chittagong Kings,Khulna Tigers,Hussain Talat,Khawaja Nafay,Nasum Ahmed
2545,2,12,2,Chittagong Kings,Khulna Tigers,Shamim Hossain,Khawaja Nafay,Nasum Ahmed
2545,2,12,3,Chittagong Kings,Khulna Tigers,Khawaja Nafay,Shamim Hossain,Nasum Ahmed
2545,2,12,4,Chittagong Kings,Khulna Tigers,Shamim Hossain,Khawaja Nafay,Nasum Ahmed
2545,2,12,5,Chittagong Kings,Khulna Tigers,Khawaja Nafay,Shamim Hossain,Nasum Ahmed
2545,2,12,6,Chittagong Kings,Khulna Tigers,Shamim Hossain,Khawaja Nafay,Nasum Ahmed
2545,2,13,1,Chittagong Kings,Khulna Tigers,Shamim Hossain,Khawaja Nafay,Mehedi Hasan Miraz
2545,2,13,2,Chittagong Kings,Khulna Tigers,Khawaja Nafay,Shamim Hossain,Mehedi Hasan Miraz
2545,2,13,3,Chittagong Kings,Khulna Tigers,Shamim Hossain,Khawaja Nafay,Mehedi Hasan Miraz
2545,2,13,4,Chittagong Kings,Khulna Tigers,Shamim Hossain,Khawaja Nafay,Mehedi Hasan Miraz
2545,2,13,5,Chittagong Kings,Khulna Tigers,Khawaja Nafay,Shamim Hossain,Mehedi Hasan Miraz
2545,2,13,6,Chittagong Kings,Khulna Tigers,Khawaja Nafay,Shamim Hossain,Mehedi Hasan Miraz
2545,2,14,1,Chittagong Kings,Khulna Tigers,Shamim Hossain,Khawaja Nafay,Nasum Ahmed
2545,2,14,2,Chittagong Kings,Khulna Tigers,Mohammad Mithun,Khawaja Nafay,Nasum Ahmed
2545,2,14,3,Chittagong Kings,Khulna Tigers,Khawaja Nafay,Mohammad Mithun,Nasum Ahmed
2545,2,14,4,Chittagong Kings,Khulna Tigers,Mohammad Mithun,Khawaja Nafay,Nasum Ahmed
2545,2,14,5,Chittagong Kings,Khulna Tigers,Khawaja Nafay,Mohammad Mithun,Nasum Ahmed
2545,2,14,6,Chittagong Kings,Khulna Tigers,Mohammad Mithun,Khawaja Nafay,Nasum Ahmed
2545,2,15,1,Chittagong Kings,Khulna Tigers,Khawaja Nafay,Mohammad Mithun,Musfik Hasan
2545,2,15,2,Chittagong Kings,Khulna Tigers,Khaled Ahmed,Mohammad Mithun,Musfik Hasan
2545,2,15,3,Chittagong Kings,Khulna Tigers,Khaled Ahmed,Mohammad Mithun,Musfik Hasan
2545,2,15,4,Chittagong Kings,Khulna Tigers,Arafat Sunny,Mohammad Mithun,Musfik Hasan
2545,2,15,5,Chittagong Kings,Khulna Tigers,Mohammad Mithun,Arafat Sunny,Musfik Hasan
2545,2,15,6,Chittagong Kings,Khulna Tigers,Mohammad Mithun,Arafat Sunny,Musfik Hasan
2545,2,16,1,Chittagong Kings,Khulna Tigers,Arafat Sunny,Mohammad Mithun,Hasan Mahmud
2545,2,16,2,Chittagong Kings,Khulna Tigers,Mohammad Mithun,Arafat Sunny,Hasan Mahmud
2545,2,16,3,Chittagong Kings,Khulna Tigers,Mohammad Mithun,Arafat Sunny,Hasan Mahmud
2545,2,16,4,Chittagong Kings,Khulna Tigers,Arafat Sunny,Mohammad Mithun,Hasan Mahmud
2545,2,16,5,Chittagong Kings,Khulna Tigers,Arafat Sunny,Mohammad Mithun,Hasan Mahmud
2545,2,16,6,Chittagong Kings,Khulna Tigers,Mohammad Mithun,Arafat Sunny,Hasan Mahmud
2545,2,16,7,Chittagong Kings,Khulna Tigers,Mohammad Mithun,Arafat Sunny,Hasan Mahmud
2545,2,17,1,Chittagong Kings,Khulna Tigers,Arafat Sunny,Al Islam,JO Holder
2545,2,17,2,Chittagong Kings,Khulna Tigers,Arafat Sunny,Al Islam,JO Holder
2545,2,17,3,Chittagong Kings,Khulna Tigers,Al Islam,Arafat Sunny,JO Holder
2545,2,17,4,Chittagong Kings,Khulna Tigers,Al Islam,Arafat Sunny,JO Holder
2545,2,17,5,Chittagong Kings,Khulna Tigers,Al Islam,Arafat Sunny,JO Holder
2545,2,17,6,Chittagong Kings,Khulna Tigers,Al Islam,Arafat Sunny,JO Holder
2545,2,17,7,Chittagong Kings,Khulna Tigers,Al Islam,Arafat Sunny,JO Holder
2545,2,18,1,Chittagong Kings,Khulna Tigers,Al Islam,Arafat Sunny,Hasan Mahmud
2545,2,18,2,Chittagong Kings,Khulna Tigers,Arafat Sunny,Al Islam,Hasan Mahmud
2545,2,18,3,Chittagong Kings,Khulna Tigers,Arafat Sunny,Al Islam,Hasan Mahmud
2545,2,18,4,Chittagong Kings,Khulna Tigers,Al Islam,Arafat Sunny,Hasan Mahmud
2545,2,18,5,Chittagong Kings,Khulna Tigers,Arafat Sunny,Al Islam,Hasan Mahmud
2545,2,18,6,Chittagong Kings,Khulna Tigers,Arafat Sunny,Al Islam,Hasan Mahmud
2545,2,19,1,Chittagong Kings,Khulna Tigers,Arafat Sunny,Al Islam,Musfik Hasan
2545,2,19,2,Chittagong Kings,Khulna Tigers,Arafat Sunny,Al Islam,Musfik Hasan
2545,2,19,3,Chittagong Kings,Khulna Tigers,Arafat Sunny,Al Islam,Musfik Hasan
2545,2,19,4,Chittagong Kings,Khulna Tigers,Shoriful Islam,Arafat Sunny,Musfik Hasan
2545,2,19,5,Chittagong Kings,Khulna Tigers,Shoriful Islam,Arafat Sunny,Musfik Hasan
2545,2,19,6,Chittagong Kings,Khulna Tigers,Al Islam,Arafat Sunny,Musfik Hasan
