MATCHID,INNINGSNO,OVERNO,BALL_NO,TEAMBATTING,TEAM_BOWLING,STRIKER,NON_STRIKER,BOWLER
2509,1,0,1,Sylhet Strikers,Rangpur Riders,Rony Talukdar,HG Munsey,Mohammad Saifuddin
2509,1,0,2,Sylhet Strikers,Rangpur Riders,Rony Talukdar,HG Munsey,Mohammad Saifuddin
2509,1,0,3,Sylhet Strikers,Rangpur Riders,Rony Talukdar,HG Munsey,Mohammad Saifuddin
2509,1,0,4,Sylhet Strikers,Rangpur Riders,Rony Talukdar,HG Munsey,Mohammad Saifuddin
2509,1,0,5,Sylhet Strikers,Rangpur Riders,Rony Talukdar,HG Munsey,Mohammad Saifuddin
2509,1,0,6,Sylhet Strikers,Rangpur Riders,HG Munsey,Rony Talukdar,Mohammad Saifuddin
2509,1,1,1,Sylhet Strikers,Rangpur Riders,HG Munsey,Rony Talukdar,Mahedi Hasan
2509,1,1,2,Sylhet Strikers,Rangpur Riders,HG Munsey,Rony Talukdar,Mahedi Hasan
2509,1,1,3,Sylhet Strikers,Rangpur Riders,HG Munsey,Rony Talukdar,Mahedi Hasan
2509,1,1,4,Sylhet Strikers,Rangpur Riders,Rony Talukdar,HG Munsey,Mahedi Hasan
2509,1,1,5,Sylhet Strikers,Rangpur Riders,Rony Talukdar,HG Munsey,Mahedi Hasan
2509,1,1,6,Sylhet Strikers,Rangpur Riders,Rony Talukdar,HG Munsey,Mahedi Hasan
2509,1,2,1,Sylhet Strikers,Rangpur Riders,HG Munsey,Rony Talukdar,Akif Javed
2509,1,2,2,Sylhet Strikers,Rangpur Riders,HG Munsey,Rony Talukdar,Akif Javed
2509,1,2,3,Sylhet Strikers,Rangpur Riders,HG Munsey,Rony Talukdar,Akif Javed
2509,1,2,4,Sylhet Strikers,Rangpur Riders,Rony Talukdar,HG Munsey,Akif Javed
2509,1,2,5,Sylhet Strikers,Rangpur Riders,Rony Talukdar,HG Munsey,Akif Javed
2509,1,2,6,Sylhet Strikers,Rangpur Riders,Rony Talukdar,HG Munsey,Akif Javed
2509,1,2,7,Sylhet Strikers,Rangpur Riders,Rony Talukdar,HG Munsey,Akif Javed
2509,1,3,1,Sylhet Strikers,Rangpur Riders,Rony Talukdar,HG Munsey,Nahid Rana
2509,1,3,2,Sylhet Strikers,Rangpur Riders,Rony Talukdar,HG Munsey,Nahid Rana
2509,1,3,3,Sylhet Strikers,Rangpur Riders,HG Munsey,Rony Talukdar,Nahid Rana
2509,1,3,4,Sylhet Strikers,Rangpur Riders,HG Munsey,Rony Talukdar,Nahid Rana
2509,1,3,5,Sylhet Strikers,Rangpur Riders,HG Munsey,Rony Talukdar,Nahid Rana
2509,1,3,6,Sylhet Strikers,Rangpur Riders,HG Munsey,Rony Talukdar,Nahid Rana
2509,1,4,1,Sylhet Strikers,Rangpur Riders,Rony Talukdar,HG Munsey,Akif Javed
2509,1,4,2,Sylhet Strikers,Rangpur Riders,Rony Talukdar,HG Munsey,Akif Javed
2509,1,4,3,Sylhet Strikers,Rangpur Riders,Rony Talukdar,HG Munsey,Akif Javed
2509,1,4,4,Sylhet Strikers,Rangpur Riders,Rony Talukdar,HG Munsey,Akif Javed
2509,1,4,5,Sylhet Strikers,Rangpur Riders,Rony Talukdar,HG Munsey,Akif Javed
2509,1,4,6,Sylhet Strikers,Rangpur Riders,HG Munsey,Rony Talukdar,Akif Javed
2509,1,4,7,Sylhet Strikers,Rangpur Riders,HG Munsey,Rony Talukdar,Akif Javed
2509,1,5,1,Sylhet Strikers,Rangpur Riders,Rony Talukdar,Zakir Hasan,Mohammad Saifuddin
2509,1,5,2,Sylhet Strikers,Rangpur Riders,Rony Talukdar,Zakir Hasan,Mohammad Saifuddin
2509,1,5,3,Sylhet Strikers,Rangpur Riders,Zakir Hasan,Rony Talukdar,Mohammad Saifuddin
2509,1,5,4,Sylhet Strikers,Rangpur Riders,Rony Talukdar,Zakir Hasan,Mohammad Saifuddin
2509,1,5,5,Sylhet Strikers,Rangpur Riders,Rony Talukdar,Zakir Hasan,Mohammad Saifuddin
2509,1,5,6,Sylhet Strikers,Rangpur Riders,Zakir Hasan,Rony Talukdar,Mohammad Saifuddin
2509,1,6,1,Sylhet Strikers,Rangpur Riders,Zakir Hasan,Rony Talukdar,Khushdil Shah
2509,1,6,2,Sylhet Strikers,Rangpur Riders,Rony Talukdar,Zakir Hasan,Khushdil Shah
2509,1,6,3,Sylhet Strikers,Rangpur Riders,Zakir Hasan,Rony Talukdar,Khushdil Shah
2509,1,6,4,Sylhet Strikers,Rangpur Riders,Zakir Hasan,Rony Talukdar,Khushdil Shah
2509,1,6,5,Sylhet Strikers,Rangpur Riders,Zakir Hasan,Rony Talukdar,Khushdil Shah
2509,1,6,6,Sylhet Strikers,Rangpur Riders,Rony Talukdar,Zakir Hasan,Khushdil Shah
2509,1,7,1,Sylhet Strikers,Rangpur Riders,Rony Talukdar,Zakir Hasan,Nahid Rana
2509,1,7,2,Sylhet Strikers,Rangpur Riders,Rony Talukdar,Zakir Hasan,Nahid Rana
2509,1,7,3,Sylhet Strikers,Rangpur Riders,Rony Talukdar,Zakir Hasan,Nahid Rana
2509,1,7,4,Sylhet Strikers,Rangpur Riders,Zakir Hasan,Rony Talukdar,Nahid Rana
2509,1,7,5,Sylhet Strikers,Rangpur Riders,Rony Talukdar,Zakir Hasan,Nahid Rana
2509,1,7,6,Sylhet Strikers,Rangpur Riders,Rony Talukdar,Zakir Hasan,Nahid Rana
2509,1,8,1,Sylhet Strikers,Rangpur Riders,Zakir Hasan,Rony Talukdar,Mahedi Hasan
2509,1,8,2,Sylhet Strikers,Rangpur Riders,Zakir Hasan,Rony Talukdar,Mahedi Hasan
2509,1,8,3,Sylhet Strikers,Rangpur Riders,Rony Talukdar,Zakir Hasan,Mahedi Hasan
2509,1,8,4,Sylhet Strikers,Rangpur Riders,Rony Talukdar,Zakir Hasan,Mahedi Hasan
2509,1,8,5,Sylhet Strikers,Rangpur Riders,Rony Talukdar,Zakir Hasan,Mahedi Hasan
2509,1,8,6,Sylhet Strikers,Rangpur Riders,PR Stirling,Zakir Hasan,Mahedi Hasan
2509,1,9,1,Sylhet Strikers,Rangpur Riders,Zakir Hasan,PR Stirling,Iftikhar Ahmed
2509,1,9,2,Sylhet Strikers,Rangpur Riders,PR Stirling,Zakir Hasan,Iftikhar Ahmed
2509,1,9,3,Sylhet Strikers,Rangpur Riders,PR Stirling,Zakir Hasan,Iftikhar Ahmed
2509,1,9,4,Sylhet Strikers,Rangpur Riders,PR Stirling,Zakir Hasan,Iftikhar Ahmed
2509,1,9,5,Sylhet Strikers,Rangpur Riders,PR Stirling,Zakir Hasan,Iftikhar Ahmed
2509,1,9,6,Sylhet Strikers,Rangpur Riders,Zakir Hasan,PR Stirling,Iftikhar Ahmed
2509,1,10,1,Sylhet Strikers,Rangpur Riders,PR Stirling,Zakir Hasan,Rakibul Hasan
2509,1,10,2,Sylhet Strikers,Rangpur Riders,PR Stirling,Zakir Hasan,Rakibul Hasan
2509,1,10,3,Sylhet Strikers,Rangpur Riders,Zakir Hasan,PR Stirling,Rakibul Hasan
2509,1,10,4,Sylhet Strikers,Rangpur Riders,Zakir Hasan,PR Stirling,Rakibul Hasan
2509,1,10,5,Sylhet Strikers,Rangpur Riders,PR Stirling,Zakir Hasan,Rakibul Hasan
2509,1,10,6,Sylhet Strikers,Rangpur Riders,Zakir Hasan,PR Stirling,Rakibul Hasan
2509,1,11,1,Sylhet Strikers,Rangpur Riders,PR Stirling,Zakir Hasan,Nahid Rana
2509,1,11,2,Sylhet Strikers,Rangpur Riders,Zakir Hasan,PR Stirling,Nahid Rana
2509,1,11,3,Sylhet Strikers,Rangpur Riders,PR Stirling,Zakir Hasan,Nahid Rana
2509,1,11,4,Sylhet Strikers,Rangpur Riders,PR Stirling,Zakir Hasan,Nahid Rana
2509,1,11,5,Sylhet Strikers,Rangpur Riders,Zakir Hasan,PR Stirling,Nahid Rana
2509,1,11,6,Sylhet Strikers,Rangpur Riders,Zakir Hasan,PR Stirling,Nahid Rana
2509,1,11,7,Sylhet Strikers,Rangpur Riders,PR Stirling,Zakir Hasan,Nahid Rana
2509,1,12,1,Sylhet Strikers,Rangpur Riders,Zakir Hasan,PR Stirling,Mahedi Hasan
2509,1,12,2,Sylhet Strikers,Rangpur Riders,Zakir Hasan,PR Stirling,Mahedi Hasan
2509,1,12,3,Sylhet Strikers,Rangpur Riders,Zakir Hasan,PR Stirling,Mahedi Hasan
2509,1,12,4,Sylhet Strikers,Rangpur Riders,Zakir Hasan,PR Stirling,Mahedi Hasan
2509,1,12,5,Sylhet Strikers,Rangpur Riders,PR Stirling,Zakir Hasan,Mahedi Hasan
2509,1,12,6,Sylhet Strikers,Rangpur Riders,PR Stirling,Zakir Hasan,Mahedi Hasan
2509,1,13,1,Sylhet Strikers,Rangpur Riders,Zakir Hasan,PR Stirling,Mohammad Saifuddin
2509,1,13,2,Sylhet Strikers,Rangpur Riders,Zakir Hasan,PR Stirling,Mohammad Saifuddin
2509,1,13,3,Sylhet Strikers,Rangpur Riders,PR Stirling,Zakir Hasan,Mohammad Saifuddin
2509,1,13,4,Sylhet Strikers,Rangpur Riders,PR Stirling,Zakir Hasan,Mohammad Saifuddin
2509,1,13,5,Sylhet Strikers,Rangpur Riders,Zakir Hasan,PR Stirling,Mohammad Saifuddin
2509,1,13,6,Sylhet Strikers,Rangpur Riders,PR Stirling,Zakir Hasan,Mohammad Saifuddin
2509,1,14,1,Sylhet Strikers,Rangpur Riders,Zakir Hasan,Aaron Jones,Mahedi Hasan
2509,1,14,2,Sylhet Strikers,Rangpur Riders,Aaron Jones,Zakir Hasan,Mahedi Hasan
2509,1,14,3,Sylhet Strikers,Rangpur Riders,Zakir Hasan,Aaron Jones,Mahedi Hasan
2509,1,14,4,Sylhet Strikers,Rangpur Riders,Aaron Jones,Zakir Hasan,Mahedi Hasan
2509,1,14,5,Sylhet Strikers,Rangpur Riders,Aaron Jones,Zakir Hasan,Mahedi Hasan
2509,1,14,6,Sylhet Strikers,Rangpur Riders,Zakir Hasan,Aaron Jones,Mahedi Hasan
2509,1,14,7,Sylhet Strikers,Rangpur Riders,Zakir Hasan,Aaron Jones,Mahedi Hasan
2509,1,15,1,Sylhet Strikers,Rangpur Riders,Aaron Jones,Zakir Hasan,Khushdil Shah
2509,1,15,2,Sylhet Strikers,Rangpur Riders,Zakir Hasan,Aaron Jones,Khushdil Shah
2509,1,15,3,Sylhet Strikers,Rangpur Riders,Aaron Jones,Zakir Hasan,Khushdil Shah
2509,1,15,4,Sylhet Strikers,Rangpur Riders,Zakir Hasan,Aaron Jones,Khushdil Shah
2509,1,15,5,Sylhet Strikers,Rangpur Riders,Zakir Hasan,Aaron Jones,Khushdil Shah
2509,1,15,6,Sylhet Strikers,Rangpur Riders,Zakir Hasan,Aaron Jones,Khushdil Shah
2509,1,16,1,Sylhet Strikers,Rangpur Riders,Aaron Jones,Zakir Hasan,Akif Javed
2509,1,16,2,Sylhet Strikers,Rangpur Riders,Zakir Hasan,Aaron Jones,Akif Javed
2509,1,16,3,Sylhet Strikers,Rangpur Riders,Aaron Jones,Zakir Hasan,Akif Javed
2509,1,16,4,Sylhet Strikers,Rangpur Riders,Aaron Jones,Zakir Hasan,Akif Javed
2509,1,16,5,Sylhet Strikers,Rangpur Riders,Aaron Jones,Zakir Hasan,Akif Javed
2509,1,16,6,Sylhet Strikers,Rangpur Riders,Zakir Hasan,Aaron Jones,Akif Javed
2509,1,16,7,Sylhet Strikers,Rangpur Riders,Aaron Jones,Zakir Hasan,Akif Javed
2509,1,17,1,Sylhet Strikers,Rangpur Riders,Zakir Hasan,Aaron Jones,Nahid Rana
2509,1,17,2,Sylhet Strikers,Rangpur Riders,Aaron Jones,Zakir Hasan,Nahid Rana
2509,1,17,3,Sylhet Strikers,Rangpur Riders,Zakir Hasan,Aaron Jones,Nahid Rana
2509,1,17,4,Sylhet Strikers,Rangpur Riders,Aaron Jones,Zakir Hasan,Nahid Rana
2509,1,17,5,Sylhet Strikers,Rangpur Riders,Aaron Jones,Zakir Hasan,Nahid Rana
2509,1,17,6,Sylhet Strikers,Rangpur Riders,Aaron Jones,Zakir Hasan,Nahid Rana
2509,1,18,1,Sylhet Strikers,Rangpur Riders,Aaron Jones,Zakir Hasan,Mohammad Saifuddin
2509,1,18,2,Sylhet Strikers,Rangpur Riders,Zakir Hasan,Aaron Jones,Mohammad Saifuddin
2509,1,18,3,Sylhet Strikers,Rangpur Riders,Zakir Hasan,Aaron Jones,Mohammad Saifuddin
2509,1,18,4,Sylhet Strikers,Rangpur Riders,Zakir Hasan,Aaron Jones,Mohammad Saifuddin
2509,1,18,5,Sylhet Strikers,Rangpur Riders,Jaker Ali,Aaron Jones,Mohammad Saifuddin
2509,1,18,6,Sylhet Strikers,Rangpur Riders,Aaron Jones,Jaker Ali,Mohammad Saifuddin
2509,1,18,7,Sylhet Strikers,Rangpur Riders,Aaron Jones,Jaker Ali,Mohammad Saifuddin
2509,1,19,1,Sylhet Strikers,Rangpur Riders,Jaker Ali,Aaron Jones,Akif Javed
2509,1,19,2,Sylhet Strikers,Rangpur Riders,Jaker Ali,Aaron Jones,Akif Javed
2509,1,19,3,Sylhet Strikers,Rangpur Riders,Jaker Ali,Aaron Jones,Akif Javed
2509,1,19,4,Sylhet Strikers,Rangpur Riders,Aaron Jones,Jaker Ali,Akif Javed
2509,1,19,5,Sylhet Strikers,Rangpur Riders,Aaron Jones,Jaker Ali,Akif Javed
2509,1,19,6,Sylhet Strikers,Rangpur Riders,Aaron Jones,Jaker Ali,Akif Javed
2509,1,19,7,Sylhet Strikers,Rangpur Riders,Jaker Ali,Aaron Jones,Akif Javed
2509,2,0,1,Rangpur Riders,Sylhet Strikers,AD Hales,Azizul Hakim,Tanzim Hasan Sakib
2509,2,0,2,Rangpur Riders,Sylhet Strikers,Azizul Hakim,AD Hales,Tanzim Hasan Sakib
2509,2,0,3,Rangpur Riders,Sylhet Strikers,Azizul Hakim,AD Hales,Tanzim Hasan Sakib
2509,2,0,4,Rangpur Riders,Sylhet Strikers,Azizul Hakim,AD Hales,Tanzim Hasan Sakib
2509,2,0,5,Rangpur Riders,Sylhet Strikers,Azizul Hakim,AD Hales,Tanzim Hasan Sakib
2509,2,0,6,Rangpur Riders,Sylhet Strikers,Azizul Hakim,AD Hales,Tanzim Hasan Sakib
2509,2,0,7,Rangpur Riders,Sylhet Strikers,Azizul Hakim,AD Hales,Tanzim Hasan Sakib
2509,2,1,1,Rangpur Riders,Sylhet Strikers,AD Hales,Saif Hassan,RJW Topley
2509,2,1,2,Rangpur Riders,Sylhet Strikers,AD Hales,Saif Hassan,RJW Topley
2509,2,1,3,Rangpur Riders,Sylhet Strikers,Saif Hassan,AD Hales,RJW Topley
2509,2,1,4,Rangpur Riders,Sylhet Strikers,Saif Hassan,AD Hales,RJW Topley
2509,2,1,5,Rangpur Riders,Sylhet Strikers,Saif Hassan,AD Hales,RJW Topley
2509,2,1,6,Rangpur Riders,Sylhet Strikers,Saif Hassan,AD Hales,RJW Topley
2509,2,2,1,Rangpur Riders,Sylhet Strikers,AD Hales,Saif Hassan,Tanzim Hasan Sakib
2509,2,2,2,Rangpur Riders,Sylhet Strikers,AD Hales,Saif Hassan,Tanzim Hasan Sakib
2509,2,2,3,Rangpur Riders,Sylhet Strikers,AD Hales,Saif Hassan,Tanzim Hasan Sakib
2509,2,2,4,Rangpur Riders,Sylhet Strikers,AD Hales,Saif Hassan,Tanzim Hasan Sakib
2509,2,2,5,Rangpur Riders,Sylhet Strikers,Saif Hassan,AD Hales,Tanzim Hasan Sakib
2509,2,2,6,Rangpur Riders,Sylhet Strikers,Saif Hassan,AD Hales,Tanzim Hasan Sakib
2509,2,2,7,Rangpur Riders,Sylhet Strikers,AD Hales,Saif Hassan,Tanzim Hasan Sakib
2509,2,3,1,Rangpur Riders,Sylhet Strikers,Saif Hassan,AD Hales,Al-Amin Hossain
2509,2,3,2,Rangpur Riders,Sylhet Strikers,Saif Hassan,AD Hales,Al-Amin Hossain
2509,2,3,3,Rangpur Riders,Sylhet Strikers,Saif Hassan,AD Hales,Al-Amin Hossain
2509,2,3,4,Rangpur Riders,Sylhet Strikers,AD Hales,Saif Hassan,Al-Amin Hossain
2509,2,3,5,Rangpur Riders,Sylhet Strikers,Saif Hassan,AD Hales,Al-Amin Hossain
2509,2,3,6,Rangpur Riders,Sylhet Strikers,Saif Hassan,AD Hales,Al-Amin Hossain
2509,2,4,1,Rangpur Riders,Sylhet Strikers,AD Hales,Saif Hassan,Nihaduzzaman
2509,2,4,2,Rangpur Riders,Sylhet Strikers,AD Hales,Saif Hassan,Nihaduzzaman
2509,2,4,3,Rangpur Riders,Sylhet Strikers,AD Hales,Saif Hassan,Nihaduzzaman
2509,2,4,4,Rangpur Riders,Sylhet Strikers,Saif Hassan,AD Hales,Nihaduzzaman
2509,2,4,5,Rangpur Riders,Sylhet Strikers,Saif Hassan,AD Hales,Nihaduzzaman
2509,2,4,6,Rangpur Riders,Sylhet Strikers,Saif Hassan,AD Hales,Nihaduzzaman
2509,2,4,7,Rangpur Riders,Sylhet Strikers,Saif Hassan,AD Hales,Nihaduzzaman
2509,2,5,1,Rangpur Riders,Sylhet Strikers,Saif Hassan,AD Hales,Al-Amin Hossain
2509,2,5,2,Rangpur Riders,Sylhet Strikers,Saif Hassan,AD Hales,Al-Amin Hossain
2509,2,5,3,Rangpur Riders,Sylhet Strikers,AD Hales,Saif Hassan,Al-Amin Hossain
2509,2,5,4,Rangpur Riders,Sylhet Strikers,AD Hales,Saif Hassan,Al-Amin Hossain
2509,2,5,5,Rangpur Riders,Sylhet Strikers,AD Hales,Saif Hassan,Al-Amin Hossain
2509,2,5,6,Rangpur Riders,Sylhet Strikers,AD Hales,Saif Hassan,Al-Amin Hossain
2509,2,6,1,Rangpur Riders,Sylhet Strikers,Saif Hassan,AD Hales,Nihaduzzaman
2509,2,6,2,Rangpur Riders,Sylhet Strikers,Saif Hassan,AD Hales,Nihaduzzaman
2509,2,6,3,Rangpur Riders,Sylhet Strikers,Saif Hassan,AD Hales,Nihaduzzaman
2509,2,6,4,Rangpur Riders,Sylhet Strikers,Saif Hassan,AD Hales,Nihaduzzaman
2509,2,6,5,Rangpur Riders,Sylhet Strikers,Saif Hassan,AD Hales,Nihaduzzaman
2509,2,6,6,Rangpur Riders,Sylhet Strikers,AD Hales,Saif Hassan,Nihaduzzaman
2509,2,6,7,Rangpur Riders,Sylhet Strikers,AD Hales,Saif Hassan,Nihaduzzaman
2509,2,6,8,Rangpur Riders,Sylhet Strikers,Saif Hassan,AD Hales,Nihaduzzaman
2509,2,7,1,Rangpur Riders,Sylhet Strikers,AD Hales,Saif Hassan,RJW Topley
2509,2,7,2,Rangpur Riders,Sylhet Strikers,Saif Hassan,AD Hales,RJW Topley
2509,2,7,3,Rangpur Riders,Sylhet Strikers,Saif Hassan,AD Hales,RJW Topley
2509,2,7,4,Rangpur Riders,Sylhet Strikers,Saif Hassan,AD Hales,RJW Topley
2509,2,7,5,Rangpur Riders,Sylhet Strikers,AD Hales,Saif Hassan,RJW Topley
2509,2,7,6,Rangpur Riders,Sylhet Strikers,Saif Hassan,AD Hales,RJW Topley
2509,2,8,1,Rangpur Riders,Sylhet Strikers,Saif Hassan,AD Hales,Nihaduzzaman
2509,2,8,2,Rangpur Riders,Sylhet Strikers,AD Hales,Saif Hassan,Nihaduzzaman
2509,2,8,3,Rangpur Riders,Sylhet Strikers,Saif Hassan,AD Hales,Nihaduzzaman
2509,2,8,4,Rangpur Riders,Sylhet Strikers,Saif Hassan,AD Hales,Nihaduzzaman
2509,2,8,5,Rangpur Riders,Sylhet Strikers,AD Hales,Saif Hassan,Nihaduzzaman
2509,2,8,6,Rangpur Riders,Sylhet Strikers,AD Hales,Saif Hassan,Nihaduzzaman
2509,2,9,1,Rangpur Riders,Sylhet Strikers,AD Hales,Saif Hassan,Ariful Haque
2509,2,9,2,Rangpur Riders,Sylhet Strikers,AD Hales,Saif Hassan,Ariful Haque
2509,2,9,3,Rangpur Riders,Sylhet Strikers,AD Hales,Saif Hassan,Ariful Haque
2509,2,9,4,Rangpur Riders,Sylhet Strikers,Saif Hassan,AD Hales,Ariful Haque
2509,2,9,5,Rangpur Riders,Sylhet Strikers,Saif Hassan,AD Hales,Ariful Haque
2509,2,9,6,Rangpur Riders,Sylhet Strikers,Saif Hassan,AD Hales,Ariful Haque
2509,2,10,1,Rangpur Riders,Sylhet Strikers,Saif Hassan,AD Hales,Nihaduzzaman
2509,2,10,2,Rangpur Riders,Sylhet Strikers,Saif Hassan,AD Hales,Nihaduzzaman
2509,2,10,3,Rangpur Riders,Sylhet Strikers,Saif Hassan,AD Hales,Nihaduzzaman
2509,2,10,4,Rangpur Riders,Sylhet Strikers,AD Hales,Saif Hassan,Nihaduzzaman
2509,2,10,5,Rangpur Riders,Sylhet Strikers,Saif Hassan,AD Hales,Nihaduzzaman
2509,2,10,6,Rangpur Riders,Sylhet Strikers,Saif Hassan,AD Hales,Nihaduzzaman
2509,2,10,7,Rangpur Riders,Sylhet Strikers,Saif Hassan,AD Hales,Nihaduzzaman
2509,2,11,1,Rangpur Riders,Sylhet Strikers,Saif Hassan,AD Hales,Ariful Haque
2509,2,11,2,Rangpur Riders,Sylhet Strikers,Saif Hassan,AD Hales,Ariful Haque
2509,2,11,3,Rangpur Riders,Sylhet Strikers,AD Hales,Saif Hassan,Ariful Haque
2509,2,11,4,Rangpur Riders,Sylhet Strikers,Saif Hassan,AD Hales,Ariful Haque
2509,2,11,5,Rangpur Riders,Sylhet Strikers,Saif Hassan,AD Hales,Ariful Haque
2509,2,11,6,Rangpur Riders,Sylhet Strikers,Saif Hassan,AD Hales,Ariful Haque
2509,2,12,1,Rangpur Riders,Sylhet Strikers,AD Hales,Saif Hassan,Al-Amin Hossain
2509,2,12,2,Rangpur Riders,Sylhet Strikers,AD Hales,Saif Hassan,Al-Amin Hossain
2509,2,12,3,Rangpur Riders,Sylhet Strikers,AD Hales,Saif Hassan,Al-Amin Hossain
2509,2,12,4,Rangpur Riders,Sylhet Strikers,AD Hales,Saif Hassan,Al-Amin Hossain
2509,2,12,5,Rangpur Riders,Sylhet Strikers,AD Hales,Saif Hassan,Al-Amin Hossain
2509,2,12,6,Rangpur Riders,Sylhet Strikers,AD Hales,Saif Hassan,Al-Amin Hossain
2509,2,13,1,Rangpur Riders,Sylhet Strikers,AD Hales,Saif Hassan,RJW Topley
2509,2,13,2,Rangpur Riders,Sylhet Strikers,AD Hales,Saif Hassan,RJW Topley
2509,2,13,3,Rangpur Riders,Sylhet Strikers,AD Hales,Saif Hassan,RJW Topley
2509,2,13,4,Rangpur Riders,Sylhet Strikers,AD Hales,Saif Hassan,RJW Topley
2509,2,13,5,Rangpur Riders,Sylhet Strikers,AD Hales,Saif Hassan,RJW Topley
2509,2,13,6,Rangpur Riders,Sylhet Strikers,Saif Hassan,AD Hales,RJW Topley
2509,2,14,1,Rangpur Riders,Sylhet Strikers,Saif Hassan,AD Hales,Tanzim Hasan Sakib
2509,2,14,2,Rangpur Riders,Sylhet Strikers,AD Hales,Saif Hassan,Tanzim Hasan Sakib
2509,2,14,3,Rangpur Riders,Sylhet Strikers,AD Hales,Saif Hassan,Tanzim Hasan Sakib
2509,2,14,4,Rangpur Riders,Sylhet Strikers,Saif Hassan,AD Hales,Tanzim Hasan Sakib
2509,2,14,5,Rangpur Riders,Sylhet Strikers,AD Hales,Saif Hassan,Tanzim Hasan Sakib
2509,2,14,6,Rangpur Riders,Sylhet Strikers,Saif Hassan,AD Hales,Tanzim Hasan Sakib
2509,2,15,1,Rangpur Riders,Sylhet Strikers,AD Hales,Saif Hassan,Ariful Haque
2509,2,15,2,Rangpur Riders,Sylhet Strikers,AD Hales,Saif Hassan,Ariful Haque
2509,2,15,3,Rangpur Riders,Sylhet Strikers,AD Hales,Saif Hassan,Ariful Haque
2509,2,15,4,Rangpur Riders,Sylhet Strikers,AD Hales,Saif Hassan,Ariful Haque
2509,2,15,5,Rangpur Riders,Sylhet Strikers,AD Hales,Saif Hassan,Ariful Haque
2509,2,15,6,Rangpur Riders,Sylhet Strikers,AD Hales,Saif Hassan,Ariful Haque
2509,2,16,1,Rangpur Riders,Sylhet Strikers,AD Hales,Saif Hassan,RJW Topley
2509,2,16,2,Rangpur Riders,Sylhet Strikers,Saif Hassan,AD Hales,RJW Topley
2509,2,16,3,Rangpur Riders,Sylhet Strikers,AD Hales,Saif Hassan,RJW Topley
2509,2,16,4,Rangpur Riders,Sylhet Strikers,Saif Hassan,AD Hales,RJW Topley
2509,2,16,5,Rangpur Riders,Sylhet Strikers,Saif Hassan,AD Hales,RJW Topley
2509,2,16,6,Rangpur Riders,Sylhet Strikers,AD Hales,Saif Hassan,RJW Topley
2509,2,17,1,Rangpur Riders,Sylhet Strikers,Saif Hassan,AD Hales,Tanzim Hasan Sakib
2509,2,17,2,Rangpur Riders,Sylhet Strikers,Saif Hassan,AD Hales,Tanzim Hasan Sakib
2509,2,17,3,Rangpur Riders,Sylhet Strikers,AD Hales,Saif Hassan,Tanzim Hasan Sakib
2509,2,17,4,Rangpur Riders,Sylhet Strikers,AD Hales,Saif Hassan,Tanzim Hasan Sakib
2509,2,17,5,Rangpur Riders,Sylhet Strikers,Saif Hassan,AD Hales,Tanzim Hasan Sakib
2509,2,17,6,Rangpur Riders,Sylhet Strikers,Iftikhar Ahmed,AD Hales,Tanzim Hasan Sakib
2509,2,18,1,Rangpur Riders,Sylhet Strikers,Iftikhar Ahmed,AD Hales,Al-Amin Hossain
2509,2,18,2,Rangpur Riders,Sylhet Strikers,Iftikhar Ahmed,AD Hales,Al-Amin Hossain
2509,2,18,3,Rangpur Riders,Sylhet Strikers,Iftikhar Ahmed,AD Hales,Al-Amin Hossain
2509,2,18,4,Rangpur Riders,Sylhet Strikers,AD Hales,Iftikhar Ahmed,Al-Amin Hossain
2509,2,18,5,Rangpur Riders,Sylhet Strikers,AD Hales,Iftikhar Ahmed,Al-Amin Hossain
2509,2,18,6,Rangpur Riders,Sylhet Strikers,AD Hales,Iftikhar Ahmed,Al-Amin Hossain
