MATCHID,INNINGSNO,OVERNO,BALL_NO,TEAMBATTING,TEAM_BOWLING,STRIKER,NON_STRIKER,BOWLER
2503,1,0,1,Khulna Tigers,Chittagong Kings,Mohammad Naim,WG Bosisto,Shoriful Islam
2503,1,0,2,Khulna Tigers,Chittagong Kings,Mohammad Naim,WG Bosisto,Shoriful Islam
2503,1,0,3,Khulna Tigers,Chittagong Kings,Mohammad Naim,WG Bosisto,Shoriful Islam
2503,1,0,4,Khulna Tigers,Chittagong Kings,Mohammad Naim,WG Bosisto,Shoriful Islam
2503,1,0,5,Khulna Tigers,Chittagong Kings,WG Bosisto,Mohammad Naim,Shoriful Islam
2503,1,0,6,Khulna Tigers,Chittagong Kings,Mohammad Naim,WG Bosisto,Shoriful Islam
2503,1,1,1,Khulna Tigers,Chittagong Kings,WG Bosisto,Mohammad Naim,Al Islam
2503,1,1,2,Khulna Tigers,Chittagong Kings,WG Bosisto,Mohammad Naim,Al Islam
2503,1,1,3,Khulna Tigers,Chittagong Kings,WG Bosisto,Mohammad Naim,Al Islam
2503,1,1,4,Khulna Tigers,Chittagong Kings,WG Bosisto,Mohammad Naim,Al Islam
2503,1,1,5,Khulna Tigers,Chittagong Kings,WG Bosisto,Mohammad Naim,Al Islam
2503,1,1,6,Khulna Tigers,Chittagong Kings,WG Bosisto,Mohammad Naim,Al Islam
2503,1,2,1,Khulna Tigers,Chittagong Kings,Mohammad Naim,WG Bosisto,Shoriful Islam
2503,1,2,2,Khulna Tigers,Chittagong Kings,Mohammad Naim,WG Bosisto,Shoriful Islam
2503,1,2,3,Khulna Tigers,Chittagong Kings,WG Bosisto,Mohammad Naim,Shoriful Islam
2503,1,2,4,Khulna Tigers,Chittagong Kings,Mohammad Naim,WG Bosisto,Shoriful Islam
2503,1,2,5,Khulna Tigers,Chittagong Kings,Mohammad Naim,WG Bosisto,Shoriful Islam
2503,1,2,6,Khulna Tigers,Chittagong Kings,WG Bosisto,Mohammad Naim,Shoriful Islam
2503,1,2,7,Khulna Tigers,Chittagong Kings,WG Bosisto,Mohammad Naim,Shoriful Islam
2503,1,3,1,Khulna Tigers,Chittagong Kings,Mohammad Naim,WG Bosisto,Khaled Ahmed
2503,1,3,2,Khulna Tigers,Chittagong Kings,Mohammad Naim,WG Bosisto,Khaled Ahmed
2503,1,3,3,Khulna Tigers,Chittagong Kings,Mohammad Naim,WG Bosisto,Khaled Ahmed
2503,1,3,4,Khulna Tigers,Chittagong Kings,Mohammad Naim,WG Bosisto,Khaled Ahmed
2503,1,3,5,Khulna Tigers,Chittagong Kings,Mohammad Naim,WG Bosisto,Khaled Ahmed
2503,1,3,6,Khulna Tigers,Chittagong Kings,Mohammad Naim,WG Bosisto,Khaled Ahmed
2503,1,4,1,Khulna Tigers,Chittagong Kings,Mohammad Naim,WG Bosisto,Al Islam
2503,1,4,2,Khulna Tigers,Chittagong Kings,Mohammad Naim,WG Bosisto,Al Islam
2503,1,4,3,Khulna Tigers,Chittagong Kings,Mohammad Naim,WG Bosisto,Al Islam
2503,1,4,4,Khulna Tigers,Chittagong Kings,Mehedi Hasan Miraz,WG Bosisto,Al Islam
2503,1,4,5,Khulna Tigers,Chittagong Kings,Mehedi Hasan Miraz,WG Bosisto,Al Islam
2503,1,4,6,Khulna Tigers,Chittagong Kings,Mehedi Hasan Miraz,WG Bosisto,Al Islam
2503,1,5,1,Khulna Tigers,Chittagong Kings,Mehedi Hasan Miraz,WG Bosisto,Mohammad Wasim
2503,1,5,2,Khulna Tigers,Chittagong Kings,Mehedi Hasan Miraz,WG Bosisto,Mohammad Wasim
2503,1,5,3,Khulna Tigers,Chittagong Kings,Mehedi Hasan Miraz,WG Bosisto,Mohammad Wasim
2503,1,5,4,Khulna Tigers,Chittagong Kings,Mehedi Hasan Miraz,WG Bosisto,Mohammad Wasim
2503,1,5,5,Khulna Tigers,Chittagong Kings,WG Bosisto,Mehedi Hasan Miraz,Mohammad Wasim
2503,1,5,6,Khulna Tigers,Chittagong Kings,WG Bosisto,Mehedi Hasan Miraz,Mohammad Wasim
2503,1,6,1,Khulna Tigers,Chittagong Kings,Mehedi Hasan Miraz,WG Bosisto,Khaled Ahmed
2503,1,6,2,Khulna Tigers,Chittagong Kings,WG Bosisto,Mehedi Hasan Miraz,Khaled Ahmed
2503,1,6,3,Khulna Tigers,Chittagong Kings,WG Bosisto,Mehedi Hasan Miraz,Khaled Ahmed
2503,1,6,4,Khulna Tigers,Chittagong Kings,WG Bosisto,Mehedi Hasan Miraz,Khaled Ahmed
2503,1,6,5,Khulna Tigers,Chittagong Kings,Mehedi Hasan Miraz,WG Bosisto,Khaled Ahmed
2503,1,6,6,Khulna Tigers,Chittagong Kings,Mehedi Hasan Miraz,WG Bosisto,Khaled Ahmed
2503,1,7,1,Khulna Tigers,Chittagong Kings,WG Bosisto,Mehedi Hasan Miraz,TL O'Connell
2503,1,7,2,Khulna Tigers,Chittagong Kings,Mehedi Hasan Miraz,WG Bosisto,TL O'Connell
2503,1,7,3,Khulna Tigers,Chittagong Kings,Mehedi Hasan Miraz,WG Bosisto,TL O'Connell
2503,1,7,4,Khulna Tigers,Chittagong Kings,WG Bosisto,Mehedi Hasan Miraz,TL O'Connell
2503,1,7,5,Khulna Tigers,Chittagong Kings,WG Bosisto,Mehedi Hasan Miraz,TL O'Connell
2503,1,7,6,Khulna Tigers,Chittagong Kings,WG Bosisto,Mehedi Hasan Miraz,TL O'Connell
2503,1,8,1,Khulna Tigers,Chittagong Kings,WG Bosisto,Mehedi Hasan Miraz,Mohammad Wasim
2503,1,8,2,Khulna Tigers,Chittagong Kings,WG Bosisto,Mehedi Hasan Miraz,Mohammad Wasim
2503,1,8,3,Khulna Tigers,Chittagong Kings,WG Bosisto,Mehedi Hasan Miraz,Mohammad Wasim
2503,1,8,4,Khulna Tigers,Chittagong Kings,Mehedi Hasan Miraz,WG Bosisto,Mohammad Wasim
2503,1,8,5,Khulna Tigers,Chittagong Kings,Mehedi Hasan Miraz,WG Bosisto,Mohammad Wasim
2503,1,8,6,Khulna Tigers,Chittagong Kings,Mehedi Hasan Miraz,WG Bosisto,Mohammad Wasim
2503,1,8,7,Khulna Tigers,Chittagong Kings,Mehedi Hasan Miraz,WG Bosisto,Mohammad Wasim
2503,1,9,1,Khulna Tigers,Chittagong Kings,Mehedi Hasan Miraz,WG Bosisto,Al Islam
2503,1,9,2,Khulna Tigers,Chittagong Kings,WG Bosisto,Mehedi Hasan Miraz,Al Islam
2503,1,9,3,Khulna Tigers,Chittagong Kings,WG Bosisto,Mehedi Hasan Miraz,Al Islam
2503,1,9,4,Khulna Tigers,Chittagong Kings,WG Bosisto,Mehedi Hasan Miraz,Al Islam
2503,1,9,5,Khulna Tigers,Chittagong Kings,WG Bosisto,Mehedi Hasan Miraz,Al Islam
2503,1,9,6,Khulna Tigers,Chittagong Kings,Mehedi Hasan Miraz,WG Bosisto,Al Islam
2503,1,10,1,Khulna Tigers,Chittagong Kings,WG Bosisto,Mehedi Hasan Miraz,Khaled Ahmed
2503,1,10,2,Khulna Tigers,Chittagong Kings,WG Bosisto,Mehedi Hasan Miraz,Khaled Ahmed
2503,1,10,3,Khulna Tigers,Chittagong Kings,WG Bosisto,Mehedi Hasan Miraz,Khaled Ahmed
2503,1,10,4,Khulna Tigers,Chittagong Kings,Mehedi Hasan Miraz,WG Bosisto,Khaled Ahmed
2503,1,10,5,Khulna Tigers,Chittagong Kings,Ibrahim Zadran,WG Bosisto,Khaled Ahmed
2503,1,10,6,Khulna Tigers,Chittagong Kings,WG Bosisto,Ibrahim Zadran,Khaled Ahmed
2503,1,11,1,Khulna Tigers,Chittagong Kings,WG Bosisto,Ibrahim Zadran,TL O'Connell
2503,1,11,2,Khulna Tigers,Chittagong Kings,Ibrahim Zadran,WG Bosisto,TL O'Connell
2503,1,11,3,Khulna Tigers,Chittagong Kings,WG Bosisto,Ibrahim Zadran,TL O'Connell
2503,1,11,4,Khulna Tigers,Chittagong Kings,Ibrahim Zadran,WG Bosisto,TL O'Connell
2503,1,11,5,Khulna Tigers,Chittagong Kings,WG Bosisto,Ibrahim Zadran,TL O'Connell
2503,1,11,6,Khulna Tigers,Chittagong Kings,WG Bosisto,Ibrahim Zadran,TL O'Connell
2503,1,12,1,Khulna Tigers,Chittagong Kings,Ibrahim Zadran,WG Bosisto,Khaled Ahmed
2503,1,12,2,Khulna Tigers,Chittagong Kings,WG Bosisto,Ibrahim Zadran,Khaled Ahmed
2503,1,12,3,Khulna Tigers,Chittagong Kings,Ibrahim Zadran,WG Bosisto,Khaled Ahmed
2503,1,12,4,Khulna Tigers,Chittagong Kings,Ibrahim Zadran,WG Bosisto,Khaled Ahmed
2503,1,12,5,Khulna Tigers,Chittagong Kings,Ibrahim Zadran,WG Bosisto,Khaled Ahmed
2503,1,12,6,Khulna Tigers,Chittagong Kings,Afif Hossain,WG Bosisto,Khaled Ahmed
2503,1,12,7,Khulna Tigers,Chittagong Kings,Afif Hossain,WG Bosisto,Khaled Ahmed
2503,1,13,1,Khulna Tigers,Chittagong Kings,Afif Hossain,WG Bosisto,Shamim Hossain
2503,1,13,2,Khulna Tigers,Chittagong Kings,WG Bosisto,Afif Hossain,Shamim Hossain
2503,1,13,3,Khulna Tigers,Chittagong Kings,Afif Hossain,WG Bosisto,Shamim Hossain
2503,1,13,4,Khulna Tigers,Chittagong Kings,Afif Hossain,WG Bosisto,Shamim Hossain
2503,1,13,5,Khulna Tigers,Chittagong Kings,WG Bosisto,Afif Hossain,Shamim Hossain
2503,1,13,6,Khulna Tigers,Chittagong Kings,Afif Hossain,WG Bosisto,Shamim Hossain
2503,1,14,1,Khulna Tigers,Chittagong Kings,Afif Hossain,WG Bosisto,Al Islam
2503,1,14,2,Khulna Tigers,Chittagong Kings,Afif Hossain,WG Bosisto,Al Islam
2503,1,14,3,Khulna Tigers,Chittagong Kings,Mahidul Islam Ankon,WG Bosisto,Al Islam
2503,1,14,4,Khulna Tigers,Chittagong Kings,Mahidul Islam Ankon,WG Bosisto,Al Islam
2503,1,14,5,Khulna Tigers,Chittagong Kings,WG Bosisto,Mahidul Islam Ankon,Al Islam
2503,1,14,6,Khulna Tigers,Chittagong Kings,Mahidul Islam Ankon,WG Bosisto,Al Islam
2503,1,15,1,Khulna Tigers,Chittagong Kings,WG Bosisto,Mahidul Islam Ankon,Shamim Hossain
2503,1,15,2,Khulna Tigers,Chittagong Kings,WG Bosisto,Mahidul Islam Ankon,Shamim Hossain
2503,1,15,3,Khulna Tigers,Chittagong Kings,Mahidul Islam Ankon,WG Bosisto,Shamim Hossain
2503,1,15,4,Khulna Tigers,Chittagong Kings,Mahidul Islam Ankon,WG Bosisto,Shamim Hossain
2503,1,15,5,Khulna Tigers,Chittagong Kings,Mahidul Islam Ankon,WG Bosisto,Shamim Hossain
2503,1,15,6,Khulna Tigers,Chittagong Kings,Mahidul Islam Ankon,WG Bosisto,Shamim Hossain
2503,1,16,1,Khulna Tigers,Chittagong Kings,Mahidul Islam Ankon,WG Bosisto,Shoriful Islam
2503,1,16,2,Khulna Tigers,Chittagong Kings,Mahidul Islam Ankon,WG Bosisto,Shoriful Islam
2503,1,16,3,Khulna Tigers,Chittagong Kings,Mahidul Islam Ankon,WG Bosisto,Shoriful Islam
2503,1,16,4,Khulna Tigers,Chittagong Kings,WG Bosisto,Mahidul Islam Ankon,Shoriful Islam
2503,1,16,5,Khulna Tigers,Chittagong Kings,Mahidul Islam Ankon,WG Bosisto,Shoriful Islam
2503,1,16,6,Khulna Tigers,Chittagong Kings,Mahidul Islam Ankon,WG Bosisto,Shoriful Islam
2503,1,17,1,Khulna Tigers,Chittagong Kings,WG Bosisto,Mahidul Islam Ankon,Mohammad Wasim
2503,1,17,2,Khulna Tigers,Chittagong Kings,WG Bosisto,Mahidul Islam Ankon,Mohammad Wasim
2503,1,17,3,Khulna Tigers,Chittagong Kings,Mahidul Islam Ankon,WG Bosisto,Mohammad Wasim
2503,1,17,4,Khulna Tigers,Chittagong Kings,WG Bosisto,Mahidul Islam Ankon,Mohammad Wasim
2503,1,17,5,Khulna Tigers,Chittagong Kings,Mahidul Islam Ankon,WG Bosisto,Mohammad Wasim
2503,1,17,6,Khulna Tigers,Chittagong Kings,Mahidul Islam Ankon,WG Bosisto,Mohammad Wasim
2503,1,18,1,Khulna Tigers,Chittagong Kings,Mahidul Islam Ankon,WG Bosisto,Shoriful Islam
2503,1,18,2,Khulna Tigers,Chittagong Kings,Mahidul Islam Ankon,WG Bosisto,Shoriful Islam
2503,1,18,3,Khulna Tigers,Chittagong Kings,Mahidul Islam Ankon,WG Bosisto,Shoriful Islam
2503,1,18,4,Khulna Tigers,Chittagong Kings,WG Bosisto,Mahidul Islam Ankon,Shoriful Islam
2503,1,18,5,Khulna Tigers,Chittagong Kings,WG Bosisto,Mahidul Islam Ankon,Shoriful Islam
2503,1,18,6,Khulna Tigers,Chittagong Kings,Mahidul Islam Ankon,WG Bosisto,Shoriful Islam
2503,1,19,1,Khulna Tigers,Chittagong Kings,WG Bosisto,Mahidul Islam Ankon,Mohammad Wasim
2503,1,19,2,Khulna Tigers,Chittagong Kings,WG Bosisto,Mahidul Islam Ankon,Mohammad Wasim
2503,1,19,3,Khulna Tigers,Chittagong Kings,WG Bosisto,Mahidul Islam Ankon,Mohammad Wasim
2503,1,19,4,Khulna Tigers,Chittagong Kings,Mahidul Islam Ankon,WG Bosisto,Mohammad Wasim
2503,1,19,5,Khulna Tigers,Chittagong Kings,Mahidul Islam Ankon,WG Bosisto,Mohammad Wasim
2503,1,19,6,Khulna Tigers,Chittagong Kings,Mahidul Islam Ankon,WG Bosisto,Mohammad Wasim
2503,1,19,7,Khulna Tigers,Chittagong Kings,WG Bosisto,Mahidul Islam Ankon,Mohammad Wasim
2503,2,0,1,Chittagong Kings,Khulna Tigers,Naeem Islam,Parvez Hossain Emon,O Thomas
2503,2,0,2,Chittagong Kings,Khulna Tigers,Naeem Islam,Parvez Hossain Emon,O Thomas
2503,2,0,3,Chittagong Kings,Khulna Tigers,Naeem Islam,Parvez Hossain Emon,O Thomas
2503,2,0,4,Chittagong Kings,Khulna Tigers,Naeem Islam,Parvez Hossain Emon,O Thomas
2503,2,0,5,Chittagong Kings,Khulna Tigers,Naeem Islam,Parvez Hossain Emon,O Thomas
2503,2,0,6,Chittagong Kings,Khulna Tigers,Naeem Islam,Parvez Hossain Emon,O Thomas
2503,2,0,7,Chittagong Kings,Khulna Tigers,Naeem Islam,Parvez Hossain Emon,O Thomas
2503,2,0,8,Chittagong Kings,Khulna Tigers,Naeem Islam,Parvez Hossain Emon,O Thomas
2503,2,0,9,Chittagong Kings,Khulna Tigers,Naeem Islam,Parvez Hossain Emon,O Thomas
2503,2,0,10,Chittagong Kings,Khulna Tigers,Naeem Islam,Parvez Hossain Emon,O Thomas
2503,2,0,11,Chittagong Kings,Khulna Tigers,Naeem Islam,Parvez Hossain Emon,O Thomas
2503,2,0,12,Chittagong Kings,Khulna Tigers,Usman Khan,Parvez Hossain Emon,O Thomas
2503,2,1,1,Chittagong Kings,Khulna Tigers,Parvez Hossain Emon,Usman Khan,Hasan Mahmud
2503,2,1,2,Chittagong Kings,Khulna Tigers,Parvez Hossain Emon,Usman Khan,Hasan Mahmud
2503,2,1,3,Chittagong Kings,Khulna Tigers,Parvez Hossain Emon,Usman Khan,Hasan Mahmud
2503,2,1,4,Chittagong Kings,Khulna Tigers,Parvez Hossain Emon,Usman Khan,Hasan Mahmud
2503,2,1,5,Chittagong Kings,Khulna Tigers,Usman Khan,Parvez Hossain Emon,Hasan Mahmud
2503,2,1,6,Chittagong Kings,Khulna Tigers,Usman Khan,Parvez Hossain Emon,Hasan Mahmud
2503,2,2,1,Chittagong Kings,Khulna Tigers,Parvez Hossain Emon,Usman Khan,Abu Hider
2503,2,2,2,Chittagong Kings,Khulna Tigers,Parvez Hossain Emon,Usman Khan,Abu Hider
2503,2,2,3,Chittagong Kings,Khulna Tigers,Parvez Hossain Emon,Usman Khan,Abu Hider
2503,2,2,4,Chittagong Kings,Khulna Tigers,Parvez Hossain Emon,Usman Khan,Abu Hider
2503,2,2,5,Chittagong Kings,Khulna Tigers,Mohammad Mithun,Usman Khan,Abu Hider
2503,2,2,6,Chittagong Kings,Khulna Tigers,Mohammad Mithun,Usman Khan,Abu Hider
2503,2,3,1,Chittagong Kings,Khulna Tigers,Usman Khan,Mohammad Mithun,Nasum Ahmed
2503,2,3,2,Chittagong Kings,Khulna Tigers,Usman Khan,Mohammad Mithun,Nasum Ahmed
2503,2,3,3,Chittagong Kings,Khulna Tigers,Usman Khan,Mohammad Mithun,Nasum Ahmed
2503,2,3,4,Chittagong Kings,Khulna Tigers,Usman Khan,Mohammad Mithun,Nasum Ahmed
2503,2,3,5,Chittagong Kings,Khulna Tigers,Usman Khan,Mohammad Mithun,Nasum Ahmed
2503,2,3,6,Chittagong Kings,Khulna Tigers,Mohammad Mithun,Usman Khan,Nasum Ahmed
2503,2,3,7,Chittagong Kings,Khulna Tigers,Mohammad Mithun,Usman Khan,Nasum Ahmed
2503,2,4,1,Chittagong Kings,Khulna Tigers,Usman Khan,Mohammad Mithun,Abu Hider
2503,2,4,2,Chittagong Kings,Khulna Tigers,Usman Khan,Mohammad Mithun,Abu Hider
2503,2,4,3,Chittagong Kings,Khulna Tigers,Mohammad Mithun,Usman Khan,Abu Hider
2503,2,4,4,Chittagong Kings,Khulna Tigers,Mohammad Mithun,Usman Khan,Abu Hider
2503,2,4,5,Chittagong Kings,Khulna Tigers,Mohammad Mithun,Usman Khan,Abu Hider
2503,2,4,6,Chittagong Kings,Khulna Tigers,Haider Ali,Usman Khan,Abu Hider
2503,2,5,1,Chittagong Kings,Khulna Tigers,Usman Khan,Haider Ali,Hasan Mahmud
2503,2,5,2,Chittagong Kings,Khulna Tigers,Usman Khan,Haider Ali,Hasan Mahmud
2503,2,5,3,Chittagong Kings,Khulna Tigers,Usman Khan,Haider Ali,Hasan Mahmud
2503,2,5,4,Chittagong Kings,Khulna Tigers,Usman Khan,Haider Ali,Hasan Mahmud
2503,2,5,5,Chittagong Kings,Khulna Tigers,Usman Khan,Haider Ali,Hasan Mahmud
2503,2,5,6,Chittagong Kings,Khulna Tigers,Usman Khan,Haider Ali,Hasan Mahmud
2503,2,6,1,Chittagong Kings,Khulna Tigers,Haider Ali,Shamim Hossain,Mohammad Nawaz
2503,2,6,2,Chittagong Kings,Khulna Tigers,TL O'Connell,Shamim Hossain,Mohammad Nawaz
2503,2,6,3,Chittagong Kings,Khulna Tigers,Mohammad Wasim,Shamim Hossain,Mohammad Nawaz
2503,2,6,4,Chittagong Kings,Khulna Tigers,Mohammad Wasim,Shamim Hossain,Mohammad Nawaz
2503,2,6,5,Chittagong Kings,Khulna Tigers,Mohammad Wasim,Shamim Hossain,Mohammad Nawaz
2503,2,6,6,Chittagong Kings,Khulna Tigers,Mohammad Wasim,Shamim Hossain,Mohammad Nawaz
2503,2,7,1,Chittagong Kings,Khulna Tigers,Mohammad Wasim,Shamim Hossain,Mehedi Hasan Miraz
2503,2,7,2,Chittagong Kings,Khulna Tigers,Shamim Hossain,Mohammad Wasim,Mehedi Hasan Miraz
2503,2,7,3,Chittagong Kings,Khulna Tigers,Mohammad Wasim,Shamim Hossain,Mehedi Hasan Miraz
2503,2,7,4,Chittagong Kings,Khulna Tigers,Mohammad Wasim,Shamim Hossain,Mehedi Hasan Miraz
2503,2,7,5,Chittagong Kings,Khulna Tigers,Mohammad Wasim,Shamim Hossain,Mehedi Hasan Miraz
2503,2,7,6,Chittagong Kings,Khulna Tigers,Shamim Hossain,Mohammad Wasim,Mehedi Hasan Miraz
2503,2,8,1,Chittagong Kings,Khulna Tigers,Shamim Hossain,Mohammad Wasim,Mohammad Nawaz
2503,2,8,2,Chittagong Kings,Khulna Tigers,Shamim Hossain,Mohammad Wasim,Mohammad Nawaz
2503,2,8,3,Chittagong Kings,Khulna Tigers,Shamim Hossain,Mohammad Wasim,Mohammad Nawaz
2503,2,8,4,Chittagong Kings,Khulna Tigers,Mohammad Wasim,Shamim Hossain,Mohammad Nawaz
2503,2,8,5,Chittagong Kings,Khulna Tigers,Mohammad Wasim,Shamim Hossain,Mohammad Nawaz
2503,2,8,6,Chittagong Kings,Khulna Tigers,Mohammad Wasim,Shamim Hossain,Mohammad Nawaz
2503,2,9,1,Chittagong Kings,Khulna Tigers,Mohammad Wasim,Shamim Hossain,Mehedi Hasan Miraz
2503,2,9,2,Chittagong Kings,Khulna Tigers,Shoriful Islam,Shamim Hossain,Mehedi Hasan Miraz
2503,2,9,3,Chittagong Kings,Khulna Tigers,Shoriful Islam,Shamim Hossain,Mehedi Hasan Miraz
2503,2,9,4,Chittagong Kings,Khulna Tigers,Shamim Hossain,Shoriful Islam,Mehedi Hasan Miraz
2503,2,9,5,Chittagong Kings,Khulna Tigers,Shamim Hossain,Shoriful Islam,Mehedi Hasan Miraz
2503,2,9,6,Chittagong Kings,Khulna Tigers,Shamim Hossain,Shoriful Islam,Mehedi Hasan Miraz
2503,2,10,1,Chittagong Kings,Khulna Tigers,Shamim Hossain,Shoriful Islam,Nasum Ahmed
2503,2,10,2,Chittagong Kings,Khulna Tigers,Shamim Hossain,Shoriful Islam,Nasum Ahmed
2503,2,10,3,Chittagong Kings,Khulna Tigers,Shoriful Islam,Shamim Hossain,Nasum Ahmed
2503,2,10,4,Chittagong Kings,Khulna Tigers,Al Islam,Shamim Hossain,Nasum Ahmed
2503,2,10,5,Chittagong Kings,Khulna Tigers,Al Islam,Shamim Hossain,Nasum Ahmed
2503,2,10,6,Chittagong Kings,Khulna Tigers,Shamim Hossain,Al Islam,Nasum Ahmed
2503,2,10,7,Chittagong Kings,Khulna Tigers,Shamim Hossain,Al Islam,Nasum Ahmed
2503,2,11,1,Chittagong Kings,Khulna Tigers,Shamim Hossain,Al Islam,Mehedi Hasan Miraz
2503,2,11,2,Chittagong Kings,Khulna Tigers,Shamim Hossain,Al Islam,Mehedi Hasan Miraz
2503,2,11,3,Chittagong Kings,Khulna Tigers,Shamim Hossain,Al Islam,Mehedi Hasan Miraz
2503,2,11,4,Chittagong Kings,Khulna Tigers,Shamim Hossain,Al Islam,Mehedi Hasan Miraz
2503,2,11,5,Chittagong Kings,Khulna Tigers,Al Islam,Shamim Hossain,Mehedi Hasan Miraz
2503,2,11,6,Chittagong Kings,Khulna Tigers,Al Islam,Shamim Hossain,Mehedi Hasan Miraz
2503,2,12,1,Chittagong Kings,Khulna Tigers,Shamim Hossain,Al Islam,Nasum Ahmed
2503,2,12,2,Chittagong Kings,Khulna Tigers,Shamim Hossain,Al Islam,Nasum Ahmed
2503,2,12,3,Chittagong Kings,Khulna Tigers,Shamim Hossain,Al Islam,Nasum Ahmed
2503,2,12,4,Chittagong Kings,Khulna Tigers,Shamim Hossain,Al Islam,Nasum Ahmed
2503,2,12,5,Chittagong Kings,Khulna Tigers,Shamim Hossain,Al Islam,Nasum Ahmed
2503,2,12,6,Chittagong Kings,Khulna Tigers,Al Islam,Shamim Hossain,Nasum Ahmed
2503,2,13,1,Chittagong Kings,Khulna Tigers,Shamim Hossain,Al Islam,Hasan Mahmud
2503,2,13,2,Chittagong Kings,Khulna Tigers,Al Islam,Shamim Hossain,Hasan Mahmud
2503,2,13,3,Chittagong Kings,Khulna Tigers,Al Islam,Shamim Hossain,Hasan Mahmud
2503,2,13,4,Chittagong Kings,Khulna Tigers,Al Islam,Shamim Hossain,Hasan Mahmud
2503,2,13,5,Chittagong Kings,Khulna Tigers,Al Islam,Shamim Hossain,Hasan Mahmud
2503,2,13,6,Chittagong Kings,Khulna Tigers,Shamim Hossain,Al Islam,Hasan Mahmud
2503,2,14,1,Chittagong Kings,Khulna Tigers,Shamim Hossain,Al Islam,Abu Hider
2503,2,14,2,Chittagong Kings,Khulna Tigers,Shamim Hossain,Al Islam,Abu Hider
2503,2,14,3,Chittagong Kings,Khulna Tigers,Al Islam,Shamim Hossain,Abu Hider
2503,2,14,4,Chittagong Kings,Khulna Tigers,Al Islam,Shamim Hossain,Abu Hider
2503,2,14,5,Chittagong Kings,Khulna Tigers,Shamim Hossain,Al Islam,Abu Hider
2503,2,14,6,Chittagong Kings,Khulna Tigers,Shamim Hossain,Al Islam,Abu Hider
2503,2,15,1,Chittagong Kings,Khulna Tigers,Al Islam,Shamim Hossain,Mohammad Nawaz
2503,2,15,2,Chittagong Kings,Khulna Tigers,Shamim Hossain,Al Islam,Mohammad Nawaz
2503,2,15,3,Chittagong Kings,Khulna Tigers,Shamim Hossain,Al Islam,Mohammad Nawaz
2503,2,15,4,Chittagong Kings,Khulna Tigers,Shamim Hossain,Al Islam,Mohammad Nawaz
2503,2,15,5,Chittagong Kings,Khulna Tigers,Shamim Hossain,Al Islam,Mohammad Nawaz
2503,2,15,6,Chittagong Kings,Khulna Tigers,Al Islam,Shamim Hossain,Mohammad Nawaz
2503,2,16,1,Chittagong Kings,Khulna Tigers,Shamim Hossain,Al Islam,Mehedi Hasan Miraz
2503,2,16,2,Chittagong Kings,Khulna Tigers,Shamim Hossain,Al Islam,Mehedi Hasan Miraz
2503,2,16,3,Chittagong Kings,Khulna Tigers,Al Islam,Shamim Hossain,Mehedi Hasan Miraz
2503,2,16,4,Chittagong Kings,Khulna Tigers,Al Islam,Shamim Hossain,Mehedi Hasan Miraz
2503,2,16,5,Chittagong Kings,Khulna Tigers,Shamim Hossain,Al Islam,Mehedi Hasan Miraz
2503,2,16,6,Chittagong Kings,Khulna Tigers,Al Islam,Shamim Hossain,Mehedi Hasan Miraz
2503,2,17,1,Chittagong Kings,Khulna Tigers,Shamim Hossain,Al Islam,Hasan Mahmud
2503,2,17,2,Chittagong Kings,Khulna Tigers,Shamim Hossain,Al Islam,Hasan Mahmud
2503,2,17,3,Chittagong Kings,Khulna Tigers,Shamim Hossain,Al Islam,Hasan Mahmud
2503,2,17,4,Chittagong Kings,Khulna Tigers,Al Islam,Shamim Hossain,Hasan Mahmud
2503,2,17,5,Chittagong Kings,Khulna Tigers,Shamim Hossain,Al Islam,Hasan Mahmud
2503,2,17,6,Chittagong Kings,Khulna Tigers,Al Islam,Shamim Hossain,Hasan Mahmud
2503,2,17,7,Chittagong Kings,Khulna Tigers,Al Islam,Shamim Hossain,Hasan Mahmud
2503,2,18,1,Chittagong Kings,Khulna Tigers,Shamim Hossain,Al Islam,Abu Hider
2503,2,18,2,Chittagong Kings,Khulna Tigers,Shamim Hossain,Al Islam,Abu Hider
2503,2,18,3,Chittagong Kings,Khulna Tigers,Khaled Ahmed,Al Islam,Abu Hider
2503,2,18,4,Chittagong Kings,Khulna Tigers,Khaled Ahmed,Al Islam,Abu Hider
2503,2,18,5,Chittagong Kings,Khulna Tigers,Khaled Ahmed,Al Islam,Abu Hider
2503,2,18,6,Chittagong Kings,Khulna Tigers,Khaled Ahmed,Al Islam,Abu Hider
