MATCHID,INNINGSNO,OVERNO,BALL_NO,TEAMBATTING,TEAM_BOWLING,STRIKER,NON_STRIKER,BOWLER
2501,1,0,1,Durbar Rajshahi,Fortune Barishal,Mohammad Haris,Jishan Alam,Shaheen Shah Afridi
2501,1,0,2,Durbar Rajshahi,Fortune Barishal,Mohammad Haris,Jishan Alam,Shaheen Shah Afridi
2501,1,0,3,Durbar Rajshahi,Fortune Barishal,Mohammad Haris,Jishan Alam,Shaheen Shah Afridi
2501,1,0,4,Durbar Rajshahi,Fortune Barishal,Mohammad Haris,Jishan Alam,Shaheen Shah Afridi
2501,1,0,5,Durbar Rajshahi,Fortune Barishal,Mohammad Haris,Jishan Alam,Shaheen Shah Afridi
2501,1,0,6,Durbar Rajshahi,Fortune Barishal,Mohammad Haris,Jishan Alam,Shaheen Shah Afridi
2501,1,1,1,Durbar Rajshahi,Fortune Barishal,Mohammad Haris,Jishan Alam,KR Mayers
2501,1,1,2,Durbar Rajshahi,Fortune Barishal,Jishan Alam,Mohammad Haris,KR Mayers
2501,1,1,3,Durbar Rajshahi,Fortune Barishal,Jishan Alam,Mohammad Haris,KR Mayers
2501,1,1,4,Durbar Rajshahi,Fortune Barishal,Jishan Alam,Mohammad Haris,KR Mayers
2501,1,1,5,Durbar Rajshahi,Fortune Barishal,Anamul Haque,Mohammad Haris,KR Mayers
2501,1,1,6,Durbar Rajshahi,Fortune Barishal,Anamul Haque,Mohammad Haris,KR Mayers
2501,1,1,7,Durbar Rajshahi,Fortune Barishal,Mohammad Haris,Anamul Haque,KR Mayers
2501,1,2,1,Durbar Rajshahi,Fortune Barishal,Mohammad Haris,Anamul Haque,Shaheen Shah Afridi
2501,1,2,2,Durbar Rajshahi,Fortune Barishal,Mohammad Haris,Anamul Haque,Shaheen Shah Afridi
2501,1,2,3,Durbar Rajshahi,Fortune Barishal,Mohammad Haris,Anamul Haque,Shaheen Shah Afridi
2501,1,2,4,Durbar Rajshahi,Fortune Barishal,Anamul Haque,Mohammad Haris,Shaheen Shah Afridi
2501,1,2,5,Durbar Rajshahi,Fortune Barishal,Anamul Haque,Mohammad Haris,Shaheen Shah Afridi
2501,1,2,6,Durbar Rajshahi,Fortune Barishal,Anamul Haque,Mohammad Haris,Shaheen Shah Afridi
2501,1,2,7,Durbar Rajshahi,Fortune Barishal,Mohammad Haris,Anamul Haque,Shaheen Shah Afridi
2501,1,3,1,Durbar Rajshahi,Fortune Barishal,Mohammad Haris,Anamul Haque,KR Mayers
2501,1,3,2,Durbar Rajshahi,Fortune Barishal,Yasir Ali Chowdhury,Anamul Haque,KR Mayers
2501,1,3,3,Durbar Rajshahi,Fortune Barishal,Yasir Ali Chowdhury,Anamul Haque,KR Mayers
2501,1,3,4,Durbar Rajshahi,Fortune Barishal,Yasir Ali Chowdhury,Anamul Haque,KR Mayers
2501,1,3,5,Durbar Rajshahi,Fortune Barishal,Yasir Ali Chowdhury,Anamul Haque,KR Mayers
2501,1,3,6,Durbar Rajshahi,Fortune Barishal,Yasir Ali Chowdhury,Anamul Haque,KR Mayers
2501,1,3,7,Durbar Rajshahi,Fortune Barishal,Anamul Haque,Yasir Ali Chowdhury,KR Mayers
2501,1,4,1,Durbar Rajshahi,Fortune Barishal,Anamul Haque,Yasir Ali Chowdhury,Faheem Ashraf
2501,1,4,2,Durbar Rajshahi,Fortune Barishal,Anamul Haque,Yasir Ali Chowdhury,Faheem Ashraf
2501,1,4,3,Durbar Rajshahi,Fortune Barishal,Anamul Haque,Yasir Ali Chowdhury,Faheem Ashraf
2501,1,4,4,Durbar Rajshahi,Fortune Barishal,Anamul Haque,Yasir Ali Chowdhury,Faheem Ashraf
2501,1,4,5,Durbar Rajshahi,Fortune Barishal,Anamul Haque,Yasir Ali Chowdhury,Faheem Ashraf
2501,1,4,6,Durbar Rajshahi,Fortune Barishal,Yasir Ali Chowdhury,Anamul Haque,Faheem Ashraf
2501,1,4,7,Durbar Rajshahi,Fortune Barishal,Yasir Ali Chowdhury,Anamul Haque,Faheem Ashraf
2501,1,5,1,Durbar Rajshahi,Fortune Barishal,Anamul Haque,Yasir Ali Chowdhury,KR Mayers
2501,1,5,2,Durbar Rajshahi,Fortune Barishal,Anamul Haque,Yasir Ali Chowdhury,KR Mayers
2501,1,5,3,Durbar Rajshahi,Fortune Barishal,Anamul Haque,Yasir Ali Chowdhury,KR Mayers
2501,1,5,4,Durbar Rajshahi,Fortune Barishal,Anamul Haque,Yasir Ali Chowdhury,KR Mayers
2501,1,5,5,Durbar Rajshahi,Fortune Barishal,Anamul Haque,Yasir Ali Chowdhury,KR Mayers
2501,1,5,6,Durbar Rajshahi,Fortune Barishal,Anamul Haque,Yasir Ali Chowdhury,KR Mayers
2501,1,6,1,Durbar Rajshahi,Fortune Barishal,Yasir Ali Chowdhury,Anamul Haque,R Mondol
2501,1,6,2,Durbar Rajshahi,Fortune Barishal,Yasir Ali Chowdhury,Anamul Haque,R Mondol
2501,1,6,3,Durbar Rajshahi,Fortune Barishal,Yasir Ali Chowdhury,Anamul Haque,R Mondol
2501,1,6,4,Durbar Rajshahi,Fortune Barishal,Anamul Haque,Yasir Ali Chowdhury,R Mondol
2501,1,6,5,Durbar Rajshahi,Fortune Barishal,Anamul Haque,Yasir Ali Chowdhury,R Mondol
2501,1,6,6,Durbar Rajshahi,Fortune Barishal,Anamul Haque,Yasir Ali Chowdhury,R Mondol
2501,1,7,1,Durbar Rajshahi,Fortune Barishal,Yasir Ali Chowdhury,Anamul Haque,Tanvir Islam
2501,1,7,2,Durbar Rajshahi,Fortune Barishal,Yasir Ali Chowdhury,Anamul Haque,Tanvir Islam
2501,1,7,3,Durbar Rajshahi,Fortune Barishal,Yasir Ali Chowdhury,Anamul Haque,Tanvir Islam
2501,1,7,4,Durbar Rajshahi,Fortune Barishal,Yasir Ali Chowdhury,Anamul Haque,Tanvir Islam
2501,1,7,5,Durbar Rajshahi,Fortune Barishal,Anamul Haque,Yasir Ali Chowdhury,Tanvir Islam
2501,1,7,6,Durbar Rajshahi,Fortune Barishal,Yasir Ali Chowdhury,Anamul Haque,Tanvir Islam
2501,1,8,1,Durbar Rajshahi,Fortune Barishal,Anamul Haque,Yasir Ali Chowdhury,R Mondol
2501,1,8,2,Durbar Rajshahi,Fortune Barishal,Anamul Haque,Yasir Ali Chowdhury,R Mondol
2501,1,8,3,Durbar Rajshahi,Fortune Barishal,Anamul Haque,Yasir Ali Chowdhury,R Mondol
2501,1,8,4,Durbar Rajshahi,Fortune Barishal,Anamul Haque,Yasir Ali Chowdhury,R Mondol
2501,1,8,5,Durbar Rajshahi,Fortune Barishal,Anamul Haque,Yasir Ali Chowdhury,R Mondol
2501,1,8,6,Durbar Rajshahi,Fortune Barishal,Anamul Haque,Yasir Ali Chowdhury,R Mondol
2501,1,9,1,Durbar Rajshahi,Fortune Barishal,Anamul Haque,Yasir Ali Chowdhury,Mohammad Nabi
2501,1,9,2,Durbar Rajshahi,Fortune Barishal,Anamul Haque,Yasir Ali Chowdhury,Mohammad Nabi
2501,1,9,3,Durbar Rajshahi,Fortune Barishal,Anamul Haque,Yasir Ali Chowdhury,Mohammad Nabi
2501,1,9,4,Durbar Rajshahi,Fortune Barishal,Yasir Ali Chowdhury,Anamul Haque,Mohammad Nabi
2501,1,9,5,Durbar Rajshahi,Fortune Barishal,Yasir Ali Chowdhury,Anamul Haque,Mohammad Nabi
2501,1,9,6,Durbar Rajshahi,Fortune Barishal,Anamul Haque,Yasir Ali Chowdhury,Mohammad Nabi
2501,1,10,1,Durbar Rajshahi,Fortune Barishal,Anamul Haque,Yasir Ali Chowdhury,Faheem Ashraf
2501,1,10,2,Durbar Rajshahi,Fortune Barishal,Yasir Ali Chowdhury,Anamul Haque,Faheem Ashraf
2501,1,10,3,Durbar Rajshahi,Fortune Barishal,Anamul Haque,Yasir Ali Chowdhury,Faheem Ashraf
2501,1,10,4,Durbar Rajshahi,Fortune Barishal,Yasir Ali Chowdhury,Anamul Haque,Faheem Ashraf
2501,1,10,5,Durbar Rajshahi,Fortune Barishal,Anamul Haque,Yasir Ali Chowdhury,Faheem Ashraf
2501,1,10,6,Durbar Rajshahi,Fortune Barishal,Anamul Haque,Yasir Ali Chowdhury,Faheem Ashraf
2501,1,11,1,Durbar Rajshahi,Fortune Barishal,Anamul Haque,Yasir Ali Chowdhury,Tanvir Islam
2501,1,11,2,Durbar Rajshahi,Fortune Barishal,Anamul Haque,Yasir Ali Chowdhury,Tanvir Islam
2501,1,11,3,Durbar Rajshahi,Fortune Barishal,Anamul Haque,Yasir Ali Chowdhury,Tanvir Islam
2501,1,11,4,Durbar Rajshahi,Fortune Barishal,Yasir Ali Chowdhury,Anamul Haque,Tanvir Islam
2501,1,11,5,Durbar Rajshahi,Fortune Barishal,Anamul Haque,Yasir Ali Chowdhury,Tanvir Islam
2501,1,11,6,Durbar Rajshahi,Fortune Barishal,Yasir Ali Chowdhury,Anamul Haque,Tanvir Islam
2501,1,12,1,Durbar Rajshahi,Fortune Barishal,Yasir Ali Chowdhury,Anamul Haque,Shaheen Shah Afridi
2501,1,12,2,Durbar Rajshahi,Fortune Barishal,Yasir Ali Chowdhury,Anamul Haque,Shaheen Shah Afridi
2501,1,12,3,Durbar Rajshahi,Fortune Barishal,Yasir Ali Chowdhury,Anamul Haque,Shaheen Shah Afridi
2501,1,12,4,Durbar Rajshahi,Fortune Barishal,Yasir Ali Chowdhury,Anamul Haque,Shaheen Shah Afridi
2501,1,12,5,Durbar Rajshahi,Fortune Barishal,Yasir Ali Chowdhury,Anamul Haque,Shaheen Shah Afridi
2501,1,12,6,Durbar Rajshahi,Fortune Barishal,Anamul Haque,Yasir Ali Chowdhury,Shaheen Shah Afridi
2501,1,13,1,Durbar Rajshahi,Fortune Barishal,Yasir Ali Chowdhury,Anamul Haque,Tanvir Islam
2501,1,13,2,Durbar Rajshahi,Fortune Barishal,Yasir Ali Chowdhury,Anamul Haque,Tanvir Islam
2501,1,13,3,Durbar Rajshahi,Fortune Barishal,Anamul Haque,Yasir Ali Chowdhury,Tanvir Islam
2501,1,13,4,Durbar Rajshahi,Fortune Barishal,Anamul Haque,Yasir Ali Chowdhury,Tanvir Islam
2501,1,13,5,Durbar Rajshahi,Fortune Barishal,Yasir Ali Chowdhury,Anamul Haque,Tanvir Islam
2501,1,13,6,Durbar Rajshahi,Fortune Barishal,Yasir Ali Chowdhury,Anamul Haque,Tanvir Islam
2501,1,14,1,Durbar Rajshahi,Fortune Barishal,Anamul Haque,Yasir Ali Chowdhury,Faheem Ashraf
2501,1,14,2,Durbar Rajshahi,Fortune Barishal,Anamul Haque,Yasir Ali Chowdhury,Faheem Ashraf
2501,1,14,3,Durbar Rajshahi,Fortune Barishal,Yasir Ali Chowdhury,Anamul Haque,Faheem Ashraf
2501,1,14,4,Durbar Rajshahi,Fortune Barishal,Yasir Ali Chowdhury,Anamul Haque,Faheem Ashraf
2501,1,14,5,Durbar Rajshahi,Fortune Barishal,Yasir Ali Chowdhury,Anamul Haque,Faheem Ashraf
2501,1,14,6,Durbar Rajshahi,Fortune Barishal,Anamul Haque,Yasir Ali Chowdhury,Faheem Ashraf
2501,1,15,1,Durbar Rajshahi,Fortune Barishal,Anamul Haque,Yasir Ali Chowdhury,Tanvir Islam
2501,1,15,2,Durbar Rajshahi,Fortune Barishal,Yasir Ali Chowdhury,Anamul Haque,Tanvir Islam
2501,1,15,3,Durbar Rajshahi,Fortune Barishal,Yasir Ali Chowdhury,Anamul Haque,Tanvir Islam
2501,1,15,4,Durbar Rajshahi,Fortune Barishal,Anamul Haque,Yasir Ali Chowdhury,Tanvir Islam
2501,1,15,5,Durbar Rajshahi,Fortune Barishal,Yasir Ali Chowdhury,Anamul Haque,Tanvir Islam
2501,1,15,6,Durbar Rajshahi,Fortune Barishal,Yasir Ali Chowdhury,Anamul Haque,Tanvir Islam
2501,1,15,7,Durbar Rajshahi,Fortune Barishal,Yasir Ali Chowdhury,Anamul Haque,Tanvir Islam
2501,1,16,1,Durbar Rajshahi,Fortune Barishal,Anamul Haque,Yasir Ali Chowdhury,R Mondol
2501,1,16,2,Durbar Rajshahi,Fortune Barishal,Yasir Ali Chowdhury,Anamul Haque,R Mondol
2501,1,16,3,Durbar Rajshahi,Fortune Barishal,Yasir Ali Chowdhury,Anamul Haque,R Mondol
2501,1,16,4,Durbar Rajshahi,Fortune Barishal,Yasir Ali Chowdhury,Anamul Haque,R Mondol
2501,1,16,5,Durbar Rajshahi,Fortune Barishal,Yasir Ali Chowdhury,Anamul Haque,R Mondol
2501,1,16,6,Durbar Rajshahi,Fortune Barishal,Anamul Haque,Yasir Ali Chowdhury,R Mondol
2501,1,17,1,Durbar Rajshahi,Fortune Barishal,Yasir Ali Chowdhury,Anamul Haque,Faheem Ashraf
2501,1,17,2,Durbar Rajshahi,Fortune Barishal,Anamul Haque,Yasir Ali Chowdhury,Faheem Ashraf
2501,1,17,3,Durbar Rajshahi,Fortune Barishal,Anamul Haque,Yasir Ali Chowdhury,Faheem Ashraf
2501,1,17,4,Durbar Rajshahi,Fortune Barishal,Anamul Haque,Yasir Ali Chowdhury,Faheem Ashraf
2501,1,17,5,Durbar Rajshahi,Fortune Barishal,RP Burl,Yasir Ali Chowdhury,Faheem Ashraf
2501,1,17,6,Durbar Rajshahi,Fortune Barishal,RP Burl,Yasir Ali Chowdhury,Faheem Ashraf
2501,1,17,7,Durbar Rajshahi,Fortune Barishal,RP Burl,Yasir Ali Chowdhury,Faheem Ashraf
2501,1,17,8,Durbar Rajshahi,Fortune Barishal,RP Burl,Yasir Ali Chowdhury,Faheem Ashraf
2501,1,18,1,Durbar Rajshahi,Fortune Barishal,RP Burl,Yasir Ali Chowdhury,Shaheen Shah Afridi
2501,1,18,2,Durbar Rajshahi,Fortune Barishal,RP Burl,Yasir Ali Chowdhury,Shaheen Shah Afridi
2501,1,18,3,Durbar Rajshahi,Fortune Barishal,RP Burl,Yasir Ali Chowdhury,Shaheen Shah Afridi
2501,1,18,4,Durbar Rajshahi,Fortune Barishal,Yasir Ali Chowdhury,RP Burl,Shaheen Shah Afridi
2501,1,18,5,Durbar Rajshahi,Fortune Barishal,RP Burl,Yasir Ali Chowdhury,Shaheen Shah Afridi
2501,1,18,6,Durbar Rajshahi,Fortune Barishal,RP Burl,Yasir Ali Chowdhury,Shaheen Shah Afridi
2501,1,19,1,Durbar Rajshahi,Fortune Barishal,Yasir Ali Chowdhury,RP Burl,R Mondol
2501,1,19,2,Durbar Rajshahi,Fortune Barishal,Yasir Ali Chowdhury,RP Burl,R Mondol
2501,1,19,3,Durbar Rajshahi,Fortune Barishal,Yasir Ali Chowdhury,RP Burl,R Mondol
2501,1,19,4,Durbar Rajshahi,Fortune Barishal,Yasir Ali Chowdhury,RP Burl,R Mondol
2501,1,19,5,Durbar Rajshahi,Fortune Barishal,Yasir Ali Chowdhury,RP Burl,R Mondol
2501,1,19,6,Durbar Rajshahi,Fortune Barishal,Yasir Ali Chowdhury,RP Burl,R Mondol
2501,1,19,7,Durbar Rajshahi,Fortune Barishal,RP Burl,Yasir Ali Chowdhury,R Mondol
2501,2,0,1,Fortune Barishal,Durbar Rajshahi,Nazmul Hossain Shanto,Tamim Iqbal,Jishan Alam
2501,2,0,2,Fortune Barishal,Durbar Rajshahi,Towhid Hridoy,Tamim Iqbal,Jishan Alam
2501,2,0,3,Fortune Barishal,Durbar Rajshahi,Towhid Hridoy,Tamim Iqbal,Jishan Alam
2501,2,0,4,Fortune Barishal,Durbar Rajshahi,Tamim Iqbal,Towhid Hridoy,Jishan Alam
2501,2,0,5,Fortune Barishal,Durbar Rajshahi,Tamim Iqbal,Towhid Hridoy,Jishan Alam
2501,2,0,6,Fortune Barishal,Durbar Rajshahi,Towhid Hridoy,Tamim Iqbal,Jishan Alam
2501,2,1,1,Fortune Barishal,Durbar Rajshahi,Tamim Iqbal,Towhid Hridoy,Taskin Ahmed
2501,2,1,2,Fortune Barishal,Durbar Rajshahi,Tamim Iqbal,Towhid Hridoy,Taskin Ahmed
2501,2,1,3,Fortune Barishal,Durbar Rajshahi,Tamim Iqbal,Towhid Hridoy,Taskin Ahmed
2501,2,1,4,Fortune Barishal,Durbar Rajshahi,KR Mayers,Towhid Hridoy,Taskin Ahmed
2501,2,1,5,Fortune Barishal,Durbar Rajshahi,KR Mayers,Towhid Hridoy,Taskin Ahmed
2501,2,1,6,Fortune Barishal,Durbar Rajshahi,Towhid Hridoy,KR Mayers,Taskin Ahmed
2501,2,2,1,Fortune Barishal,Durbar Rajshahi,Towhid Hridoy,KR Mayers,Mrittunjoy Chowdhury
2501,2,2,2,Fortune Barishal,Durbar Rajshahi,Towhid Hridoy,KR Mayers,Mrittunjoy Chowdhury
2501,2,2,3,Fortune Barishal,Durbar Rajshahi,Towhid Hridoy,KR Mayers,Mrittunjoy Chowdhury
2501,2,2,4,Fortune Barishal,Durbar Rajshahi,Towhid Hridoy,KR Mayers,Mrittunjoy Chowdhury
2501,2,2,5,Fortune Barishal,Durbar Rajshahi,Towhid Hridoy,KR Mayers,Mrittunjoy Chowdhury
2501,2,2,6,Fortune Barishal,Durbar Rajshahi,Towhid Hridoy,KR Mayers,Mrittunjoy Chowdhury
2501,2,3,1,Fortune Barishal,Durbar Rajshahi,KR Mayers,Towhid Hridoy,Taskin Ahmed
2501,2,3,2,Fortune Barishal,Durbar Rajshahi,Towhid Hridoy,KR Mayers,Taskin Ahmed
2501,2,3,3,Fortune Barishal,Durbar Rajshahi,KR Mayers,Towhid Hridoy,Taskin Ahmed
2501,2,3,4,Fortune Barishal,Durbar Rajshahi,KR Mayers,Towhid Hridoy,Taskin Ahmed
2501,2,3,5,Fortune Barishal,Durbar Rajshahi,Mushfiqur Rahim,Towhid Hridoy,Taskin Ahmed
2501,2,3,6,Fortune Barishal,Durbar Rajshahi,Mushfiqur Rahim,Towhid Hridoy,Taskin Ahmed
2501,2,4,1,Fortune Barishal,Durbar Rajshahi,Towhid Hridoy,Mushfiqur Rahim,Hasan Murad
2501,2,4,2,Fortune Barishal,Durbar Rajshahi,Mushfiqur Rahim,Towhid Hridoy,Hasan Murad
2501,2,4,3,Fortune Barishal,Durbar Rajshahi,Mushfiqur Rahim,Towhid Hridoy,Hasan Murad
2501,2,4,4,Fortune Barishal,Durbar Rajshahi,Mushfiqur Rahim,Towhid Hridoy,Hasan Murad
2501,2,4,5,Fortune Barishal,Durbar Rajshahi,Mushfiqur Rahim,Towhid Hridoy,Hasan Murad
2501,2,4,6,Fortune Barishal,Durbar Rajshahi,Mushfiqur Rahim,Towhid Hridoy,Hasan Murad
2501,2,5,1,Fortune Barishal,Durbar Rajshahi,Towhid Hridoy,Mushfiqur Rahim,Mrittunjoy Chowdhury
2501,2,5,2,Fortune Barishal,Durbar Rajshahi,Towhid Hridoy,Mushfiqur Rahim,Mrittunjoy Chowdhury
2501,2,5,3,Fortune Barishal,Durbar Rajshahi,Towhid Hridoy,Mushfiqur Rahim,Mrittunjoy Chowdhury
2501,2,5,4,Fortune Barishal,Durbar Rajshahi,Mushfiqur Rahim,Towhid Hridoy,Mrittunjoy Chowdhury
2501,2,5,5,Fortune Barishal,Durbar Rajshahi,Towhid Hridoy,Mushfiqur Rahim,Mrittunjoy Chowdhury
2501,2,5,6,Fortune Barishal,Durbar Rajshahi,Mushfiqur Rahim,Towhid Hridoy,Mrittunjoy Chowdhury
2501,2,6,1,Fortune Barishal,Durbar Rajshahi,Mushfiqur Rahim,Towhid Hridoy,Hasan Murad
2501,2,6,2,Fortune Barishal,Durbar Rajshahi,Towhid Hridoy,Mushfiqur Rahim,Hasan Murad
2501,2,6,3,Fortune Barishal,Durbar Rajshahi,Mushfiqur Rahim,Towhid Hridoy,Hasan Murad
2501,2,6,4,Fortune Barishal,Durbar Rajshahi,Mahmudullah,Towhid Hridoy,Hasan Murad
2501,2,6,5,Fortune Barishal,Durbar Rajshahi,Mahmudullah,Towhid Hridoy,Hasan Murad
2501,2,6,6,Fortune Barishal,Durbar Rajshahi,Mahmudullah,Towhid Hridoy,Hasan Murad
2501,2,6,7,Fortune Barishal,Durbar Rajshahi,Towhid Hridoy,Mahmudullah,Hasan Murad
2501,2,7,1,Fortune Barishal,Durbar Rajshahi,Towhid Hridoy,Mahmudullah,SMLD Samarakoon
2501,2,7,2,Fortune Barishal,Durbar Rajshahi,Mahmudullah,Towhid Hridoy,SMLD Samarakoon
2501,2,7,3,Fortune Barishal,Durbar Rajshahi,Towhid Hridoy,Mahmudullah,SMLD Samarakoon
2501,2,7,4,Fortune Barishal,Durbar Rajshahi,Towhid Hridoy,Mahmudullah,SMLD Samarakoon
2501,2,7,5,Fortune Barishal,Durbar Rajshahi,Towhid Hridoy,Mahmudullah,SMLD Samarakoon
2501,2,7,6,Fortune Barishal,Durbar Rajshahi,Mahmudullah,Towhid Hridoy,SMLD Samarakoon
2501,2,8,1,Fortune Barishal,Durbar Rajshahi,Towhid Hridoy,Mahmudullah,Hasan Murad
2501,2,8,2,Fortune Barishal,Durbar Rajshahi,Shaheen Shah Afridi,Mahmudullah,Hasan Murad
2501,2,8,3,Fortune Barishal,Durbar Rajshahi,Shaheen Shah Afridi,Mahmudullah,Hasan Murad
2501,2,8,4,Fortune Barishal,Durbar Rajshahi,Shaheen Shah Afridi,Mahmudullah,Hasan Murad
2501,2,8,5,Fortune Barishal,Durbar Rajshahi,Mahmudullah,Shaheen Shah Afridi,Hasan Murad
2501,2,8,6,Fortune Barishal,Durbar Rajshahi,Shaheen Shah Afridi,Mahmudullah,Hasan Murad
2501,2,9,1,Fortune Barishal,Durbar Rajshahi,Mahmudullah,Shaheen Shah Afridi,SMLD Samarakoon
2501,2,9,2,Fortune Barishal,Durbar Rajshahi,Shaheen Shah Afridi,Mahmudullah,SMLD Samarakoon
2501,2,9,3,Fortune Barishal,Durbar Rajshahi,Mahmudullah,Shaheen Shah Afridi,SMLD Samarakoon
2501,2,9,4,Fortune Barishal,Durbar Rajshahi,Mahmudullah,Shaheen Shah Afridi,SMLD Samarakoon
2501,2,9,5,Fortune Barishal,Durbar Rajshahi,Mahmudullah,Shaheen Shah Afridi,SMLD Samarakoon
2501,2,9,6,Fortune Barishal,Durbar Rajshahi,Mahmudullah,Shaheen Shah Afridi,SMLD Samarakoon
2501,2,10,1,Fortune Barishal,Durbar Rajshahi,Shaheen Shah Afridi,Mahmudullah,RP Burl
2501,2,10,2,Fortune Barishal,Durbar Rajshahi,Shaheen Shah Afridi,Mahmudullah,RP Burl
2501,2,10,3,Fortune Barishal,Durbar Rajshahi,Shaheen Shah Afridi,Mahmudullah,RP Burl
2501,2,10,4,Fortune Barishal,Durbar Rajshahi,Shaheen Shah Afridi,Mahmudullah,RP Burl
2501,2,10,5,Fortune Barishal,Durbar Rajshahi,Shaheen Shah Afridi,Mahmudullah,RP Burl
2501,2,10,6,Fortune Barishal,Durbar Rajshahi,Shaheen Shah Afridi,Mahmudullah,RP Burl
2501,2,11,1,Fortune Barishal,Durbar Rajshahi,Shaheen Shah Afridi,Mahmudullah,SMLD Samarakoon
2501,2,11,2,Fortune Barishal,Durbar Rajshahi,Shaheen Shah Afridi,Mahmudullah,SMLD Samarakoon
2501,2,11,3,Fortune Barishal,Durbar Rajshahi,Mahmudullah,Shaheen Shah Afridi,SMLD Samarakoon
2501,2,11,4,Fortune Barishal,Durbar Rajshahi,Mahmudullah,Shaheen Shah Afridi,SMLD Samarakoon
2501,2,11,5,Fortune Barishal,Durbar Rajshahi,Shaheen Shah Afridi,Mahmudullah,SMLD Samarakoon
2501,2,11,6,Fortune Barishal,Durbar Rajshahi,Shaheen Shah Afridi,Mahmudullah,SMLD Samarakoon
2501,2,11,7,Fortune Barishal,Durbar Rajshahi,Shaheen Shah Afridi,Mahmudullah,SMLD Samarakoon
2501,2,12,1,Fortune Barishal,Durbar Rajshahi,Shaheen Shah Afridi,Mahmudullah,Taskin Ahmed
2501,2,12,2,Fortune Barishal,Durbar Rajshahi,Shaheen Shah Afridi,Mahmudullah,Taskin Ahmed
2501,2,12,3,Fortune Barishal,Durbar Rajshahi,Faheem Ashraf,Mahmudullah,Taskin Ahmed
2501,2,12,4,Fortune Barishal,Durbar Rajshahi,Faheem Ashraf,Mahmudullah,Taskin Ahmed
2501,2,12,5,Fortune Barishal,Durbar Rajshahi,Faheem Ashraf,Mahmudullah,Taskin Ahmed
2501,2,12,6,Fortune Barishal,Durbar Rajshahi,Mahmudullah,Faheem Ashraf,Taskin Ahmed
2501,2,13,1,Fortune Barishal,Durbar Rajshahi,Faheem Ashraf,Mahmudullah,RP Burl
2501,2,13,2,Fortune Barishal,Durbar Rajshahi,Faheem Ashraf,Mahmudullah,RP Burl
2501,2,13,3,Fortune Barishal,Durbar Rajshahi,Faheem Ashraf,Mahmudullah,RP Burl
2501,2,13,4,Fortune Barishal,Durbar Rajshahi,Faheem Ashraf,Mahmudullah,RP Burl
2501,2,13,5,Fortune Barishal,Durbar Rajshahi,Faheem Ashraf,Mahmudullah,RP Burl
2501,2,13,6,Fortune Barishal,Durbar Rajshahi,Mahmudullah,Faheem Ashraf,RP Burl
2501,2,14,1,Fortune Barishal,Durbar Rajshahi,Faheem Ashraf,Mahmudullah,Hasan Murad
2501,2,14,2,Fortune Barishal,Durbar Rajshahi,Mahmudullah,Faheem Ashraf,Hasan Murad
2501,2,14,3,Fortune Barishal,Durbar Rajshahi,Mahmudullah,Faheem Ashraf,Hasan Murad
2501,2,14,4,Fortune Barishal,Durbar Rajshahi,Faheem Ashraf,Mahmudullah,Hasan Murad
2501,2,14,5,Fortune Barishal,Durbar Rajshahi,Faheem Ashraf,Mahmudullah,Hasan Murad
2501,2,14,6,Fortune Barishal,Durbar Rajshahi,Faheem Ashraf,Mahmudullah,Hasan Murad
2501,2,15,1,Fortune Barishal,Durbar Rajshahi,Mahmudullah,Faheem Ashraf,Mrittunjoy Chowdhury
2501,2,15,2,Fortune Barishal,Durbar Rajshahi,Mahmudullah,Faheem Ashraf,Mrittunjoy Chowdhury
2501,2,15,3,Fortune Barishal,Durbar Rajshahi,Mahmudullah,Faheem Ashraf,Mrittunjoy Chowdhury
2501,2,15,4,Fortune Barishal,Durbar Rajshahi,Mahmudullah,Faheem Ashraf,Mrittunjoy Chowdhury
2501,2,15,5,Fortune Barishal,Durbar Rajshahi,Mahmudullah,Faheem Ashraf,Mrittunjoy Chowdhury
2501,2,15,6,Fortune Barishal,Durbar Rajshahi,Faheem Ashraf,Mahmudullah,Mrittunjoy Chowdhury
2501,2,15,7,Fortune Barishal,Durbar Rajshahi,Mahmudullah,Faheem Ashraf,Mrittunjoy Chowdhury
2501,2,15,8,Fortune Barishal,Durbar Rajshahi,Mahmudullah,Faheem Ashraf,Mrittunjoy Chowdhury
2501,2,16,1,Fortune Barishal,Durbar Rajshahi,Mahmudullah,Faheem Ashraf,SMLD Samarakoon
2501,2,16,2,Fortune Barishal,Durbar Rajshahi,Faheem Ashraf,Mahmudullah,SMLD Samarakoon
2501,2,16,3,Fortune Barishal,Durbar Rajshahi,Faheem Ashraf,Mahmudullah,SMLD Samarakoon
2501,2,16,4,Fortune Barishal,Durbar Rajshahi,Faheem Ashraf,Mahmudullah,SMLD Samarakoon
2501,2,16,5,Fortune Barishal,Durbar Rajshahi,Faheem Ashraf,Mahmudullah,SMLD Samarakoon
2501,2,16,6,Fortune Barishal,Durbar Rajshahi,Faheem Ashraf,Mahmudullah,SMLD Samarakoon
2501,2,17,1,Fortune Barishal,Durbar Rajshahi,Mahmudullah,Faheem Ashraf,Taskin Ahmed
2501,2,17,2,Fortune Barishal,Durbar Rajshahi,Mahmudullah,Faheem Ashraf,Taskin Ahmed
2501,2,17,3,Fortune Barishal,Durbar Rajshahi,Faheem Ashraf,Mahmudullah,Taskin Ahmed
2501,2,17,4,Fortune Barishal,Durbar Rajshahi,Faheem Ashraf,Mahmudullah,Taskin Ahmed
2501,2,17,5,Fortune Barishal,Durbar Rajshahi,Mahmudullah,Faheem Ashraf,Taskin Ahmed
2501,2,17,6,Fortune Barishal,Durbar Rajshahi,Mahmudullah,Faheem Ashraf,Taskin Ahmed
2501,2,18,1,Fortune Barishal,Durbar Rajshahi,Faheem Ashraf,Mahmudullah,Mrittunjoy Chowdhury
