MATCHID,INNINGSNO,OVERNO,BALL_NO,TEAMBATTING,TEAM_BOWLING,STRIKER,NON_STRIKER,BOWLER
2524,1,0,1,Rangpur Riders,Chittagong Kings,Towfiq Khan,SR Taylor,B Fernando
2524,1,0,2,Rangpur Riders,Chittagong Kings,Towfiq Khan,SR Taylor,B Fernando
2524,1,0,3,Rangpur Riders,Chittagong Kings,Towfiq Khan,SR Taylor,B Fernando
2524,1,0,4,Rangpur Riders,Chittagong Kings,SR Taylor,Towfiq Khan,B Fernando
2524,1,0,5,Rangpur Riders,Chittagong Kings,SR Taylor,Towfiq Khan,B Fernando
2524,1,0,6,Rangpur Riders,Chittagong Kings,SR Taylor,Towfiq Khan,B Fernando
2524,1,1,1,Rangpur Riders,Chittagong Kings,Towfiq Khan,SR Taylor,Maruf Mridha
2524,1,1,2,Rangpur Riders,Chittagong Kings,Towfiq Khan,SR Taylor,Maruf Mridha
2524,1,1,3,Rangpur Riders,Chittagong Kings,Towfiq Khan,SR Taylor,Maruf Mridha
2524,1,1,4,Rangpur Riders,Chittagong Kings,SR Taylor,Towfiq Khan,Maruf Mridha
2524,1,1,5,Rangpur Riders,Chittagong Kings,SR Taylor,Towfiq Khan,Maruf Mridha
2524,1,1,6,Rangpur Riders,Chittagong Kings,SR Taylor,Towfiq Khan,Maruf Mridha
2524,1,1,7,Rangpur Riders,Chittagong Kings,Towfiq Khan,SR Taylor,Maruf Mridha
2524,1,2,1,Rangpur Riders,Chittagong Kings,SR Taylor,Towfiq Khan,Al Islam
2524,1,2,2,Rangpur Riders,Chittagong Kings,Towfiq Khan,SR Taylor,Al Islam
2524,1,2,3,Rangpur Riders,Chittagong Kings,Towfiq Khan,SR Taylor,Al Islam
2524,1,2,4,Rangpur Riders,Chittagong Kings,Towfiq Khan,SR Taylor,Al Islam
2524,1,2,5,Rangpur Riders,Chittagong Kings,Saif Hassan,SR Taylor,Al Islam
2524,1,2,6,Rangpur Riders,Chittagong Kings,Saif Hassan,SR Taylor,Al Islam
2524,1,3,1,Rangpur Riders,Chittagong Kings,SR Taylor,Saif Hassan,B Fernando
2524,1,3,2,Rangpur Riders,Chittagong Kings,SR Taylor,Saif Hassan,B Fernando
2524,1,3,3,Rangpur Riders,Chittagong Kings,SR Taylor,Saif Hassan,B Fernando
2524,1,3,4,Rangpur Riders,Chittagong Kings,Saif Hassan,SR Taylor,B Fernando
2524,1,3,5,Rangpur Riders,Chittagong Kings,Saif Hassan,SR Taylor,B Fernando
2524,1,3,6,Rangpur Riders,Chittagong Kings,Saif Hassan,SR Taylor,B Fernando
2524,1,4,1,Rangpur Riders,Chittagong Kings,SR Taylor,Saif Hassan,Al Islam
2524,1,4,2,Rangpur Riders,Chittagong Kings,SR Taylor,Saif Hassan,Al Islam
2524,1,4,3,Rangpur Riders,Chittagong Kings,SR Taylor,Saif Hassan,Al Islam
2524,1,4,4,Rangpur Riders,Chittagong Kings,SR Taylor,Saif Hassan,Al Islam
2524,1,4,5,Rangpur Riders,Chittagong Kings,Saif Hassan,SR Taylor,Al Islam
2524,1,4,6,Rangpur Riders,Chittagong Kings,SR Taylor,Saif Hassan,Al Islam
2524,1,5,1,Rangpur Riders,Chittagong Kings,Saif Hassan,SR Taylor,Mohammad Wasim
2524,1,5,2,Rangpur Riders,Chittagong Kings,SR Taylor,Saif Hassan,Mohammad Wasim
2524,1,5,3,Rangpur Riders,Chittagong Kings,Saif Hassan,SR Taylor,Mohammad Wasim
2524,1,5,4,Rangpur Riders,Chittagong Kings,Saif Hassan,SR Taylor,Mohammad Wasim
2524,1,5,5,Rangpur Riders,Chittagong Kings,SR Taylor,Saif Hassan,Mohammad Wasim
2524,1,5,6,Rangpur Riders,Chittagong Kings,SR Taylor,Saif Hassan,Mohammad Wasim
2524,1,6,1,Rangpur Riders,Chittagong Kings,Saif Hassan,SR Taylor,Maruf Mridha
2524,1,6,2,Rangpur Riders,Chittagong Kings,Saif Hassan,SR Taylor,Maruf Mridha
2524,1,6,3,Rangpur Riders,Chittagong Kings,Saif Hassan,SR Taylor,Maruf Mridha
2524,1,6,4,Rangpur Riders,Chittagong Kings,SR Taylor,Saif Hassan,Maruf Mridha
2524,1,6,5,Rangpur Riders,Chittagong Kings,Saif Hassan,SR Taylor,Maruf Mridha
2524,1,6,6,Rangpur Riders,Chittagong Kings,SR Taylor,Saif Hassan,Maruf Mridha
2524,1,7,1,Rangpur Riders,Chittagong Kings,SR Taylor,Saif Hassan,Arafat Sunny
2524,1,7,2,Rangpur Riders,Chittagong Kings,Saif Hassan,SR Taylor,Arafat Sunny
2524,1,7,3,Rangpur Riders,Chittagong Kings,SR Taylor,Saif Hassan,Arafat Sunny
2524,1,7,4,Rangpur Riders,Chittagong Kings,SR Taylor,Saif Hassan,Arafat Sunny
2524,1,7,5,Rangpur Riders,Chittagong Kings,SR Taylor,Saif Hassan,Arafat Sunny
2524,1,7,6,Rangpur Riders,Chittagong Kings,SR Taylor,Saif Hassan,Arafat Sunny
2524,1,8,1,Rangpur Riders,Chittagong Kings,SR Taylor,Saif Hassan,Maruf Mridha
2524,1,8,2,Rangpur Riders,Chittagong Kings,Saif Hassan,SR Taylor,Maruf Mridha
2524,1,8,3,Rangpur Riders,Chittagong Kings,SR Taylor,Saif Hassan,Maruf Mridha
2524,1,8,4,Rangpur Riders,Chittagong Kings,Saif Hassan,SR Taylor,Maruf Mridha
2524,1,8,5,Rangpur Riders,Chittagong Kings,Saif Hassan,SR Taylor,Maruf Mridha
2524,1,8,6,Rangpur Riders,Chittagong Kings,SR Taylor,Saif Hassan,Maruf Mridha
2524,1,9,1,Rangpur Riders,Chittagong Kings,SR Taylor,Saif Hassan,Al Islam
2524,1,9,2,Rangpur Riders,Chittagong Kings,SR Taylor,Saif Hassan,Al Islam
2524,1,9,3,Rangpur Riders,Chittagong Kings,Saif Hassan,SR Taylor,Al Islam
2524,1,9,4,Rangpur Riders,Chittagong Kings,Saif Hassan,SR Taylor,Al Islam
2524,1,9,5,Rangpur Riders,Chittagong Kings,Iftikhar Ahmed,SR Taylor,Al Islam
2524,1,9,6,Rangpur Riders,Chittagong Kings,SR Taylor,Iftikhar Ahmed,Al Islam
2524,1,9,7,Rangpur Riders,Chittagong Kings,Iftikhar Ahmed,SR Taylor,Al Islam
2524,1,10,1,Rangpur Riders,Chittagong Kings,SR Taylor,Iftikhar Ahmed,Naeem Islam
2524,1,10,2,Rangpur Riders,Chittagong Kings,Iftikhar Ahmed,SR Taylor,Naeem Islam
2524,1,10,3,Rangpur Riders,Chittagong Kings,SR Taylor,Iftikhar Ahmed,Naeem Islam
2524,1,10,4,Rangpur Riders,Chittagong Kings,Khushdil Shah,Iftikhar Ahmed,Naeem Islam
2524,1,10,5,Rangpur Riders,Chittagong Kings,Iftikhar Ahmed,Khushdil Shah,Naeem Islam
2524,1,10,6,Rangpur Riders,Chittagong Kings,Khushdil Shah,Iftikhar Ahmed,Naeem Islam
2524,1,11,1,Rangpur Riders,Chittagong Kings,Iftikhar Ahmed,Khushdil Shah,Arafat Sunny
2524,1,11,2,Rangpur Riders,Chittagong Kings,Nurul Hasan,Khushdil Shah,Arafat Sunny
2524,1,11,3,Rangpur Riders,Chittagong Kings,Khushdil Shah,Nurul Hasan,Arafat Sunny
2524,1,11,4,Rangpur Riders,Chittagong Kings,Khushdil Shah,Nurul Hasan,Arafat Sunny
2524,1,11,5,Rangpur Riders,Chittagong Kings,Khushdil Shah,Nurul Hasan,Arafat Sunny
2524,1,11,6,Rangpur Riders,Chittagong Kings,Khushdil Shah,Nurul Hasan,Arafat Sunny
2524,1,12,1,Rangpur Riders,Chittagong Kings,Nurul Hasan,Khushdil Shah,Mohammad Wasim
2524,1,12,2,Rangpur Riders,Chittagong Kings,Nurul Hasan,Khushdil Shah,Mohammad Wasim
2524,1,12,3,Rangpur Riders,Chittagong Kings,Nurul Hasan,Khushdil Shah,Mohammad Wasim
2524,1,12,4,Rangpur Riders,Chittagong Kings,Nurul Hasan,Khushdil Shah,Mohammad Wasim
2524,1,12,5,Rangpur Riders,Chittagong Kings,Khushdil Shah,Nurul Hasan,Mohammad Wasim
2524,1,12,6,Rangpur Riders,Chittagong Kings,Khushdil Shah,Nurul Hasan,Mohammad Wasim
2524,1,13,1,Rangpur Riders,Chittagong Kings,Nurul Hasan,Khushdil Shah,Al Islam
2524,1,13,2,Rangpur Riders,Chittagong Kings,Nurul Hasan,Khushdil Shah,Al Islam
2524,1,13,3,Rangpur Riders,Chittagong Kings,Khushdil Shah,Nurul Hasan,Al Islam
2524,1,13,4,Rangpur Riders,Chittagong Kings,Khushdil Shah,Nurul Hasan,Al Islam
2524,1,13,5,Rangpur Riders,Chittagong Kings,Khushdil Shah,Nurul Hasan,Al Islam
2524,1,13,6,Rangpur Riders,Chittagong Kings,Khushdil Shah,Nurul Hasan,Al Islam
2524,1,14,1,Rangpur Riders,Chittagong Kings,Khushdil Shah,Nurul Hasan,Maruf Mridha
2524,1,14,2,Rangpur Riders,Chittagong Kings,Khushdil Shah,Nurul Hasan,Maruf Mridha
2524,1,14,3,Rangpur Riders,Chittagong Kings,Khushdil Shah,Nurul Hasan,Maruf Mridha
2524,1,14,4,Rangpur Riders,Chittagong Kings,Khushdil Shah,Nurul Hasan,Maruf Mridha
2524,1,14,5,Rangpur Riders,Chittagong Kings,Khushdil Shah,Nurul Hasan,Maruf Mridha
2524,1,14,6,Rangpur Riders,Chittagong Kings,Nurul Hasan,Khushdil Shah,Maruf Mridha
2524,1,15,1,Rangpur Riders,Chittagong Kings,Khushdil Shah,Nurul Hasan,Mohammad Wasim
2524,1,15,2,Rangpur Riders,Chittagong Kings,Khushdil Shah,Nurul Hasan,Mohammad Wasim
2524,1,15,3,Rangpur Riders,Chittagong Kings,Khushdil Shah,Nurul Hasan,Mohammad Wasim
2524,1,15,4,Rangpur Riders,Chittagong Kings,Nurul Hasan,Khushdil Shah,Mohammad Wasim
2524,1,15,5,Rangpur Riders,Chittagong Kings,Nurul Hasan,Khushdil Shah,Mohammad Wasim
2524,1,15,6,Rangpur Riders,Chittagong Kings,Nurul Hasan,Khushdil Shah,Mohammad Wasim
2524,1,15,7,Rangpur Riders,Chittagong Kings,Mahedi Hasan,Khushdil Shah,Mohammad Wasim
2524,1,16,1,Rangpur Riders,Chittagong Kings,Khushdil Shah,Mahedi Hasan,B Fernando
2524,1,16,2,Rangpur Riders,Chittagong Kings,Khushdil Shah,Mahedi Hasan,B Fernando
2524,1,16,3,Rangpur Riders,Chittagong Kings,Mahedi Hasan,Khushdil Shah,B Fernando
2524,1,16,4,Rangpur Riders,Chittagong Kings,Mahedi Hasan,Khushdil Shah,B Fernando
2524,1,16,5,Rangpur Riders,Chittagong Kings,Mahedi Hasan,Khushdil Shah,B Fernando
2524,1,16,6,Rangpur Riders,Chittagong Kings,Mahedi Hasan,Khushdil Shah,B Fernando
2524,1,17,1,Rangpur Riders,Chittagong Kings,Khushdil Shah,Mahedi Hasan,Mohammad Wasim
2524,1,17,2,Rangpur Riders,Chittagong Kings,Khushdil Shah,Mahedi Hasan,Mohammad Wasim
2524,1,17,3,Rangpur Riders,Chittagong Kings,Khushdil Shah,Mahedi Hasan,Mohammad Wasim
2524,1,17,4,Rangpur Riders,Chittagong Kings,Khushdil Shah,Mahedi Hasan,Mohammad Wasim
2524,1,17,5,Rangpur Riders,Chittagong Kings,Khushdil Shah,Mahedi Hasan,Mohammad Wasim
2524,1,17,6,Rangpur Riders,Chittagong Kings,Khushdil Shah,Mahedi Hasan,Mohammad Wasim
2524,1,17,7,Rangpur Riders,Chittagong Kings,Khushdil Shah,Mahedi Hasan,Mohammad Wasim
2524,1,18,1,Rangpur Riders,Chittagong Kings,Mahedi Hasan,Mohammad Saifuddin,Arafat Sunny
2524,1,18,2,Rangpur Riders,Chittagong Kings,Mahedi Hasan,Mohammad Saifuddin,Arafat Sunny
2524,1,18,3,Rangpur Riders,Chittagong Kings,Mohammad Saifuddin,Mahedi Hasan,Arafat Sunny
2524,1,18,4,Rangpur Riders,Chittagong Kings,Mahedi Hasan,Mohammad Saifuddin,Arafat Sunny
2524,1,18,5,Rangpur Riders,Chittagong Kings,Mahedi Hasan,Mohammad Saifuddin,Arafat Sunny
2524,1,18,6,Rangpur Riders,Chittagong Kings,Mahedi Hasan,Mohammad Saifuddin,Arafat Sunny
2524,1,19,1,Rangpur Riders,Chittagong Kings,Mohammad Saifuddin,Mahedi Hasan,B Fernando
2524,1,19,2,Rangpur Riders,Chittagong Kings,Mahedi Hasan,Mohammad Saifuddin,B Fernando
2524,1,19,3,Rangpur Riders,Chittagong Kings,Mahedi Hasan,Mohammad Saifuddin,B Fernando
2524,1,19,4,Rangpur Riders,Chittagong Kings,Kamrul Islam Rabbi,Mohammad Saifuddin,B Fernando
2524,1,19,5,Rangpur Riders,Chittagong Kings,Mohammad Saifuddin,Kamrul Islam Rabbi,B Fernando
2524,1,19,6,Rangpur Riders,Chittagong Kings,Mohammad Saifuddin,Kamrul Islam Rabbi,B Fernando
2524,2,0,1,Chittagong Kings,Rangpur Riders,Usman Khan,Parvez Hossain Emon,Rakibul Hasan
2524,2,0,2,Chittagong Kings,Rangpur Riders,G Clark,Parvez Hossain Emon,Rakibul Hasan
2524,2,0,3,Chittagong Kings,Rangpur Riders,Parvez Hossain Emon,G Clark,Rakibul Hasan
2524,2,0,4,Chittagong Kings,Rangpur Riders,G Clark,Parvez Hossain Emon,Rakibul Hasan
2524,2,0,5,Chittagong Kings,Rangpur Riders,G Clark,Parvez Hossain Emon,Rakibul Hasan
2524,2,0,6,Chittagong Kings,Rangpur Riders,G Clark,Parvez Hossain Emon,Rakibul Hasan
2524,2,1,1,Chittagong Kings,Rangpur Riders,G Clark,Parvez Hossain Emon,Mahedi Hasan
2524,2,1,2,Chittagong Kings,Rangpur Riders,Parvez Hossain Emon,G Clark,Mahedi Hasan
2524,2,1,3,Chittagong Kings,Rangpur Riders,G Clark,Parvez Hossain Emon,Mahedi Hasan
2524,2,1,4,Chittagong Kings,Rangpur Riders,G Clark,Parvez Hossain Emon,Mahedi Hasan
2524,2,1,5,Chittagong Kings,Rangpur Riders,G Clark,Parvez Hossain Emon,Mahedi Hasan
2524,2,1,6,Chittagong Kings,Rangpur Riders,Parvez Hossain Emon,G Clark,Mahedi Hasan
2524,2,2,1,Chittagong Kings,Rangpur Riders,Parvez Hossain Emon,G Clark,Rakibul Hasan
2524,2,2,2,Chittagong Kings,Rangpur Riders,G Clark,Parvez Hossain Emon,Rakibul Hasan
2524,2,2,3,Chittagong Kings,Rangpur Riders,G Clark,Parvez Hossain Emon,Rakibul Hasan
2524,2,2,4,Chittagong Kings,Rangpur Riders,G Clark,Parvez Hossain Emon,Rakibul Hasan
2524,2,2,5,Chittagong Kings,Rangpur Riders,G Clark,Parvez Hossain Emon,Rakibul Hasan
2524,2,2,6,Chittagong Kings,Rangpur Riders,G Clark,Parvez Hossain Emon,Rakibul Hasan
2524,2,3,1,Chittagong Kings,Rangpur Riders,Parvez Hossain Emon,G Clark,Mahedi Hasan
2524,2,3,2,Chittagong Kings,Rangpur Riders,G Clark,Parvez Hossain Emon,Mahedi Hasan
2524,2,3,3,Chittagong Kings,Rangpur Riders,Parvez Hossain Emon,G Clark,Mahedi Hasan
2524,2,3,4,Chittagong Kings,Rangpur Riders,Parvez Hossain Emon,G Clark,Mahedi Hasan
2524,2,3,5,Chittagong Kings,Rangpur Riders,Parvez Hossain Emon,G Clark,Mahedi Hasan
2524,2,3,6,Chittagong Kings,Rangpur Riders,G Clark,Parvez Hossain Emon,Mahedi Hasan
2524,2,4,1,Chittagong Kings,Rangpur Riders,Parvez Hossain Emon,G Clark,Akif Javed
2524,2,4,2,Chittagong Kings,Rangpur Riders,Parvez Hossain Emon,G Clark,Akif Javed
2524,2,4,3,Chittagong Kings,Rangpur Riders,Parvez Hossain Emon,G Clark,Akif Javed
2524,2,4,4,Chittagong Kings,Rangpur Riders,Parvez Hossain Emon,G Clark,Akif Javed
2524,2,4,5,Chittagong Kings,Rangpur Riders,Parvez Hossain Emon,G Clark,Akif Javed
2524,2,4,6,Chittagong Kings,Rangpur Riders,Parvez Hossain Emon,G Clark,Akif Javed
2524,2,5,1,Chittagong Kings,Rangpur Riders,G Clark,Mohammad Mithun,Rakibul Hasan
2524,2,5,2,Chittagong Kings,Rangpur Riders,G Clark,Mohammad Mithun,Rakibul Hasan
2524,2,5,3,Chittagong Kings,Rangpur Riders,Mohammad Mithun,G Clark,Rakibul Hasan
2524,2,5,4,Chittagong Kings,Rangpur Riders,Mohammad Mithun,G Clark,Rakibul Hasan
2524,2,5,5,Chittagong Kings,Rangpur Riders,G Clark,Mohammad Mithun,Rakibul Hasan
2524,2,5,6,Chittagong Kings,Rangpur Riders,Mohammad Mithun,G Clark,Rakibul Hasan
2524,2,5,7,Chittagong Kings,Rangpur Riders,Mohammad Mithun,G Clark,Rakibul Hasan
2524,2,6,1,Chittagong Kings,Rangpur Riders,Mohammad Mithun,G Clark,Akif Javed
2524,2,6,2,Chittagong Kings,Rangpur Riders,Mohammad Mithun,G Clark,Akif Javed
2524,2,6,3,Chittagong Kings,Rangpur Riders,Naeem Islam,G Clark,Akif Javed
2524,2,6,4,Chittagong Kings,Rangpur Riders,G Clark,Naeem Islam,Akif Javed
2524,2,6,5,Chittagong Kings,Rangpur Riders,G Clark,Naeem Islam,Akif Javed
2524,2,6,6,Chittagong Kings,Rangpur Riders,Shamim Hossain,Naeem Islam,Akif Javed
2524,2,7,1,Chittagong Kings,Rangpur Riders,Naeem Islam,Shamim Hossain,Mahedi Hasan
2524,2,7,2,Chittagong Kings,Rangpur Riders,Shamim Hossain,Naeem Islam,Mahedi Hasan
2524,2,7,3,Chittagong Kings,Rangpur Riders,Shamim Hossain,Naeem Islam,Mahedi Hasan
2524,2,7,4,Chittagong Kings,Rangpur Riders,Shamim Hossain,Naeem Islam,Mahedi Hasan
2524,2,7,5,Chittagong Kings,Rangpur Riders,Naeem Islam,Shamim Hossain,Mahedi Hasan
2524,2,7,6,Chittagong Kings,Rangpur Riders,Naeem Islam,Shamim Hossain,Mahedi Hasan
2524,2,8,1,Chittagong Kings,Rangpur Riders,Shamim Hossain,Naeem Islam,Mohammad Saifuddin
2524,2,8,2,Chittagong Kings,Rangpur Riders,Shamim Hossain,Naeem Islam,Mohammad Saifuddin
2524,2,8,3,Chittagong Kings,Rangpur Riders,Naeem Islam,Shamim Hossain,Mohammad Saifuddin
2524,2,8,4,Chittagong Kings,Rangpur Riders,Shamim Hossain,Naeem Islam,Mohammad Saifuddin
2524,2,8,5,Chittagong Kings,Rangpur Riders,Shamim Hossain,Naeem Islam,Mohammad Saifuddin
2524,2,8,6,Chittagong Kings,Rangpur Riders,Shamim Hossain,Naeem Islam,Mohammad Saifuddin
2524,2,9,1,Chittagong Kings,Rangpur Riders,Naeem Islam,Shamim Hossain,Iftikhar Ahmed
2524,2,9,2,Chittagong Kings,Rangpur Riders,Naeem Islam,Shamim Hossain,Iftikhar Ahmed
2524,2,9,3,Chittagong Kings,Rangpur Riders,Shamim Hossain,Naeem Islam,Iftikhar Ahmed
2524,2,9,4,Chittagong Kings,Rangpur Riders,Naeem Islam,Shamim Hossain,Iftikhar Ahmed
2524,2,9,5,Chittagong Kings,Rangpur Riders,Naeem Islam,Shamim Hossain,Iftikhar Ahmed
2524,2,9,6,Chittagong Kings,Rangpur Riders,Shamim Hossain,Naeem Islam,Iftikhar Ahmed
2524,2,10,1,Chittagong Kings,Rangpur Riders,Shamim Hossain,Naeem Islam,Khushdil Shah
2524,2,10,2,Chittagong Kings,Rangpur Riders,Naeem Islam,Shamim Hossain,Khushdil Shah
2524,2,10,3,Chittagong Kings,Rangpur Riders,Shamim Hossain,Naeem Islam,Khushdil Shah
2524,2,10,4,Chittagong Kings,Rangpur Riders,Naeem Islam,Shamim Hossain,Khushdil Shah
2524,2,10,5,Chittagong Kings,Rangpur Riders,Shamim Hossain,Naeem Islam,Khushdil Shah
2524,2,10,6,Chittagong Kings,Rangpur Riders,Naeem Islam,Shamim Hossain,Khushdil Shah
2524,2,11,1,Chittagong Kings,Rangpur Riders,Shamim Hossain,Naeem Islam,Iftikhar Ahmed
2524,2,11,2,Chittagong Kings,Rangpur Riders,Shamim Hossain,Naeem Islam,Iftikhar Ahmed
2524,2,11,3,Chittagong Kings,Rangpur Riders,Shamim Hossain,Naeem Islam,Iftikhar Ahmed
2524,2,11,4,Chittagong Kings,Rangpur Riders,Naeem Islam,Shamim Hossain,Iftikhar Ahmed
2524,2,11,5,Chittagong Kings,Rangpur Riders,Shamim Hossain,Naeem Islam,Iftikhar Ahmed
2524,2,11,6,Chittagong Kings,Rangpur Riders,Shamim Hossain,Naeem Islam,Iftikhar Ahmed
2524,2,12,1,Chittagong Kings,Rangpur Riders,Shamim Hossain,Naeem Islam,Khushdil Shah
2524,2,12,2,Chittagong Kings,Rangpur Riders,Naeem Islam,Shamim Hossain,Khushdil Shah
2524,2,12,3,Chittagong Kings,Rangpur Riders,Naeem Islam,Shamim Hossain,Khushdil Shah
2524,2,12,4,Chittagong Kings,Rangpur Riders,Naeem Islam,Shamim Hossain,Khushdil Shah
2524,2,12,5,Chittagong Kings,Rangpur Riders,Naeem Islam,Shamim Hossain,Khushdil Shah
2524,2,12,6,Chittagong Kings,Rangpur Riders,Naeem Islam,Shamim Hossain,Khushdil Shah
2524,2,13,1,Chittagong Kings,Rangpur Riders,Naeem Islam,Shamim Hossain,Iftikhar Ahmed
2524,2,13,2,Chittagong Kings,Rangpur Riders,Shamim Hossain,Naeem Islam,Iftikhar Ahmed
2524,2,13,3,Chittagong Kings,Rangpur Riders,Naeem Islam,Shamim Hossain,Iftikhar Ahmed
2524,2,13,4,Chittagong Kings,Rangpur Riders,Shamim Hossain,Naeem Islam,Iftikhar Ahmed
2524,2,13,5,Chittagong Kings,Rangpur Riders,Naeem Islam,Shamim Hossain,Iftikhar Ahmed
2524,2,13,6,Chittagong Kings,Rangpur Riders,Shamim Hossain,Naeem Islam,Iftikhar Ahmed
2524,2,14,1,Chittagong Kings,Rangpur Riders,Naeem Islam,Shamim Hossain,Khushdil Shah
2524,2,14,2,Chittagong Kings,Rangpur Riders,Shamim Hossain,Naeem Islam,Khushdil Shah
2524,2,14,3,Chittagong Kings,Rangpur Riders,Naeem Islam,Shamim Hossain,Khushdil Shah
2524,2,14,4,Chittagong Kings,Rangpur Riders,Naeem Islam,Shamim Hossain,Khushdil Shah
2524,2,14,5,Chittagong Kings,Rangpur Riders,Mohammad Wasim,Shamim Hossain,Khushdil Shah
2524,2,14,6,Chittagong Kings,Rangpur Riders,Mohammad Wasim,Shamim Hossain,Khushdil Shah
2524,2,15,1,Chittagong Kings,Rangpur Riders,Mohammad Wasim,Shamim Hossain,Mahedi Hasan
2524,2,15,2,Chittagong Kings,Rangpur Riders,Shamim Hossain,Mohammad Wasim,Mahedi Hasan
2524,2,15,3,Chittagong Kings,Rangpur Riders,Shamim Hossain,Mohammad Wasim,Mahedi Hasan
2524,2,15,4,Chittagong Kings,Rangpur Riders,Shamim Hossain,Mohammad Wasim,Mahedi Hasan
2524,2,15,5,Chittagong Kings,Rangpur Riders,Mohammad Wasim,Shamim Hossain,Mahedi Hasan
2524,2,15,6,Chittagong Kings,Rangpur Riders,Shamim Hossain,Mohammad Wasim,Mahedi Hasan
2524,2,16,1,Chittagong Kings,Rangpur Riders,Shamim Hossain,Mohammad Wasim,Akif Javed
2524,2,16,2,Chittagong Kings,Rangpur Riders,Mohammad Wasim,Shamim Hossain,Akif Javed
2524,2,16,3,Chittagong Kings,Rangpur Riders,Mohammad Wasim,Shamim Hossain,Akif Javed
2524,2,16,4,Chittagong Kings,Rangpur Riders,Al Islam,Shamim Hossain,Akif Javed
2524,2,16,5,Chittagong Kings,Rangpur Riders,Al Islam,Shamim Hossain,Akif Javed
2524,2,16,6,Chittagong Kings,Rangpur Riders,Al Islam,Shamim Hossain,Akif Javed
2524,2,17,1,Chittagong Kings,Rangpur Riders,Shamim Hossain,Al Islam,Iftikhar Ahmed
2524,2,17,2,Chittagong Kings,Rangpur Riders,Shamim Hossain,Al Islam,Iftikhar Ahmed
2524,2,17,3,Chittagong Kings,Rangpur Riders,Arafat Sunny,Al Islam,Iftikhar Ahmed
2524,2,17,4,Chittagong Kings,Rangpur Riders,Al Islam,Arafat Sunny,Iftikhar Ahmed
2524,2,17,5,Chittagong Kings,Rangpur Riders,Arafat Sunny,Al Islam,Iftikhar Ahmed
2524,2,17,6,Chittagong Kings,Rangpur Riders,Al Islam,Arafat Sunny,Iftikhar Ahmed
2524,2,18,1,Chittagong Kings,Rangpur Riders,Al Islam,Arafat Sunny,Akif Javed
2524,2,18,2,Chittagong Kings,Rangpur Riders,Arafat Sunny,Al Islam,Akif Javed
2524,2,18,3,Chittagong Kings,Rangpur Riders,Arafat Sunny,Al Islam,Akif Javed
2524,2,18,4,Chittagong Kings,Rangpur Riders,Al Islam,Arafat Sunny,Akif Javed
2524,2,18,5,Chittagong Kings,Rangpur Riders,Al Islam,Arafat Sunny,Akif Javed
2524,2,18,6,Chittagong Kings,Rangpur Riders,Al Islam,Arafat Sunny,Akif Javed
2524,2,19,1,Chittagong Kings,Rangpur Riders,Al Islam,Arafat Sunny,Khushdil Shah
2524,2,19,2,Chittagong Kings,Rangpur Riders,Maruf Mridha,Arafat Sunny,Khushdil Shah
2524,2,19,3,Chittagong Kings,Rangpur Riders,Arafat Sunny,Maruf Mridha,Khushdil Shah
2524,2,19,4,Chittagong Kings,Rangpur Riders,Arafat Sunny,Maruf Mridha,Khushdil Shah
2524,2,19,5,Chittagong Kings,Rangpur Riders,Maruf Mridha,Arafat Sunny,Khushdil Shah
2524,2,19,6,Chittagong Kings,Rangpur Riders,Arafat Sunny,Maruf Mridha,Khushdil Shah
