MATCHID,INNINGSNO,OVERNO,BALL_NO,TEAMBATTING,TEAM_BOWLING,STRIKER,NON_STRIKER,BOWLER
2520,1,0,1,Rangpur Riders,Khulna Tigers,Towfiq Khan,SR Taylor,Abu Hider
2520,1,0,2,Rangpur Riders,Khulna Tigers,SR Taylor,Towfiq Khan,Abu Hider
2520,1,0,3,Rangpur Riders,Khulna Tigers,SR Taylor,Towfiq Khan,Abu Hider
2520,1,0,4,Rangpur Riders,Khulna Tigers,SR Taylor,Towfiq Khan,Abu Hider
2520,1,0,5,Rangpur Riders,Khulna Tigers,Towfiq Khan,SR Taylor,Abu Hider
2520,1,0,6,Rangpur Riders,Khulna Tigers,Towfiq Khan,SR Taylor,Abu Hider
2520,1,1,1,Rangpur Riders,Khulna Tigers,SR Taylor,Towfiq Khan,Nasum Ahmed
2520,1,1,2,Rangpur Riders,Khulna Tigers,SR Taylor,Towfiq Khan,Nasum Ahmed
2520,1,1,3,Rangpur Riders,Khulna Tigers,Towfiq Khan,SR Taylor,Nasum Ahmed
2520,1,1,4,Rangpur Riders,Khulna Tigers,Towfiq Khan,SR Taylor,Nasum Ahmed
2520,1,1,5,Rangpur Riders,Khulna Tigers,Towfiq Khan,SR Taylor,Nasum Ahmed
2520,1,1,6,Rangpur Riders,Khulna Tigers,SR Taylor,Towfiq Khan,Nasum Ahmed
2520,1,2,1,Rangpur Riders,Khulna Tigers,SR Taylor,Towfiq Khan,Abu Hider
2520,1,2,2,Rangpur Riders,Khulna Tigers,SR Taylor,Towfiq Khan,Abu Hider
2520,1,2,3,Rangpur Riders,Khulna Tigers,Saif Hassan,Towfiq Khan,Abu Hider
2520,1,2,4,Rangpur Riders,Khulna Tigers,Towfiq Khan,Saif Hassan,Abu Hider
2520,1,2,5,Rangpur Riders,Khulna Tigers,Towfiq Khan,Saif Hassan,Abu Hider
2520,1,2,6,Rangpur Riders,Khulna Tigers,Towfiq Khan,Saif Hassan,Abu Hider
2520,1,3,1,Rangpur Riders,Khulna Tigers,Towfiq Khan,Saif Hassan,Nasum Ahmed
2520,1,3,2,Rangpur Riders,Khulna Tigers,Towfiq Khan,Saif Hassan,Nasum Ahmed
2520,1,3,3,Rangpur Riders,Khulna Tigers,Towfiq Khan,Saif Hassan,Nasum Ahmed
2520,1,3,4,Rangpur Riders,Khulna Tigers,Saif Hassan,Towfiq Khan,Nasum Ahmed
2520,1,3,5,Rangpur Riders,Khulna Tigers,Saif Hassan,Towfiq Khan,Nasum Ahmed
2520,1,3,6,Rangpur Riders,Khulna Tigers,Towfiq Khan,Saif Hassan,Nasum Ahmed
2520,1,4,1,Rangpur Riders,Khulna Tigers,Saif Hassan,Towfiq Khan,Mohammad Nawaz
2520,1,4,2,Rangpur Riders,Khulna Tigers,Saif Hassan,Towfiq Khan,Mohammad Nawaz
2520,1,4,3,Rangpur Riders,Khulna Tigers,Saif Hassan,Towfiq Khan,Mohammad Nawaz
2520,1,4,4,Rangpur Riders,Khulna Tigers,Saif Hassan,Towfiq Khan,Mohammad Nawaz
2520,1,4,5,Rangpur Riders,Khulna Tigers,Saif Hassan,Towfiq Khan,Mohammad Nawaz
2520,1,4,6,Rangpur Riders,Khulna Tigers,Towfiq Khan,Saif Hassan,Mohammad Nawaz
2520,1,5,1,Rangpur Riders,Khulna Tigers,Saif Hassan,Towfiq Khan,Hasan Mahmud
2520,1,5,2,Rangpur Riders,Khulna Tigers,Saif Hassan,Towfiq Khan,Hasan Mahmud
2520,1,5,3,Rangpur Riders,Khulna Tigers,Saif Hassan,Towfiq Khan,Hasan Mahmud
2520,1,5,4,Rangpur Riders,Khulna Tigers,Iftikhar Ahmed,Towfiq Khan,Hasan Mahmud
2520,1,5,5,Rangpur Riders,Khulna Tigers,Towfiq Khan,Iftikhar Ahmed,Hasan Mahmud
2520,1,5,6,Rangpur Riders,Khulna Tigers,Towfiq Khan,Iftikhar Ahmed,Hasan Mahmud
2520,1,6,1,Rangpur Riders,Khulna Tigers,Iftikhar Ahmed,Towfiq Khan,Mohammad Nawaz
2520,1,6,2,Rangpur Riders,Khulna Tigers,Iftikhar Ahmed,Towfiq Khan,Mohammad Nawaz
2520,1,6,3,Rangpur Riders,Khulna Tigers,Towfiq Khan,Iftikhar Ahmed,Mohammad Nawaz
2520,1,6,4,Rangpur Riders,Khulna Tigers,Iftikhar Ahmed,Towfiq Khan,Mohammad Nawaz
2520,1,6,5,Rangpur Riders,Khulna Tigers,Iftikhar Ahmed,Towfiq Khan,Mohammad Nawaz
2520,1,6,6,Rangpur Riders,Khulna Tigers,Iftikhar Ahmed,Towfiq Khan,Mohammad Nawaz
2520,1,7,1,Rangpur Riders,Khulna Tigers,Towfiq Khan,Iftikhar Ahmed,Salman Irshad
2520,1,7,2,Rangpur Riders,Khulna Tigers,Iftikhar Ahmed,Towfiq Khan,Salman Irshad
2520,1,7,3,Rangpur Riders,Khulna Tigers,Towfiq Khan,Iftikhar Ahmed,Salman Irshad
2520,1,7,4,Rangpur Riders,Khulna Tigers,Towfiq Khan,Iftikhar Ahmed,Salman Irshad
2520,1,7,5,Rangpur Riders,Khulna Tigers,Towfiq Khan,Iftikhar Ahmed,Salman Irshad
2520,1,7,6,Rangpur Riders,Khulna Tigers,Towfiq Khan,Iftikhar Ahmed,Salman Irshad
2520,1,8,1,Rangpur Riders,Khulna Tigers,Iftikhar Ahmed,Towfiq Khan,Nasum Ahmed
2520,1,8,2,Rangpur Riders,Khulna Tigers,Towfiq Khan,Iftikhar Ahmed,Nasum Ahmed
2520,1,8,3,Rangpur Riders,Khulna Tigers,Towfiq Khan,Iftikhar Ahmed,Nasum Ahmed
2520,1,8,4,Rangpur Riders,Khulna Tigers,Towfiq Khan,Iftikhar Ahmed,Nasum Ahmed
2520,1,8,5,Rangpur Riders,Khulna Tigers,Iftikhar Ahmed,Towfiq Khan,Nasum Ahmed
2520,1,8,6,Rangpur Riders,Khulna Tigers,Iftikhar Ahmed,Towfiq Khan,Nasum Ahmed
2520,1,9,1,Rangpur Riders,Khulna Tigers,Iftikhar Ahmed,Towfiq Khan,Mohammad Nawaz
2520,1,9,2,Rangpur Riders,Khulna Tigers,Towfiq Khan,Iftikhar Ahmed,Mohammad Nawaz
2520,1,9,3,Rangpur Riders,Khulna Tigers,Towfiq Khan,Iftikhar Ahmed,Mohammad Nawaz
2520,1,9,4,Rangpur Riders,Khulna Tigers,Iftikhar Ahmed,Towfiq Khan,Mohammad Nawaz
2520,1,9,5,Rangpur Riders,Khulna Tigers,Towfiq Khan,Iftikhar Ahmed,Mohammad Nawaz
2520,1,9,6,Rangpur Riders,Khulna Tigers,Iftikhar Ahmed,Towfiq Khan,Mohammad Nawaz
2520,1,10,1,Rangpur Riders,Khulna Tigers,Towfiq Khan,Iftikhar Ahmed,Abu Hider
2520,1,10,2,Rangpur Riders,Khulna Tigers,Iftikhar Ahmed,Towfiq Khan,Abu Hider
2520,1,10,3,Rangpur Riders,Khulna Tigers,Towfiq Khan,Iftikhar Ahmed,Abu Hider
2520,1,10,4,Rangpur Riders,Khulna Tigers,Khushdil Shah,Iftikhar Ahmed,Abu Hider
2520,1,10,5,Rangpur Riders,Khulna Tigers,Khushdil Shah,Iftikhar Ahmed,Abu Hider
2520,1,10,6,Rangpur Riders,Khulna Tigers,Khushdil Shah,Iftikhar Ahmed,Abu Hider
2520,1,11,1,Rangpur Riders,Khulna Tigers,Khushdil Shah,Iftikhar Ahmed,Hasan Mahmud
2520,1,11,2,Rangpur Riders,Khulna Tigers,Khushdil Shah,Iftikhar Ahmed,Hasan Mahmud
2520,1,11,3,Rangpur Riders,Khulna Tigers,Iftikhar Ahmed,Khushdil Shah,Hasan Mahmud
2520,1,11,4,Rangpur Riders,Khulna Tigers,Iftikhar Ahmed,Khushdil Shah,Hasan Mahmud
2520,1,11,5,Rangpur Riders,Khulna Tigers,Khushdil Shah,Iftikhar Ahmed,Hasan Mahmud
2520,1,11,6,Rangpur Riders,Khulna Tigers,Khushdil Shah,Iftikhar Ahmed,Hasan Mahmud
2520,1,12,1,Rangpur Riders,Khulna Tigers,Khushdil Shah,Iftikhar Ahmed,Mehedi Hasan Miraz
2520,1,12,2,Rangpur Riders,Khulna Tigers,Iftikhar Ahmed,Khushdil Shah,Mehedi Hasan Miraz
2520,1,12,3,Rangpur Riders,Khulna Tigers,Iftikhar Ahmed,Khushdil Shah,Mehedi Hasan Miraz
2520,1,12,4,Rangpur Riders,Khulna Tigers,Iftikhar Ahmed,Khushdil Shah,Mehedi Hasan Miraz
2520,1,12,5,Rangpur Riders,Khulna Tigers,Iftikhar Ahmed,Khushdil Shah,Mehedi Hasan Miraz
2520,1,12,6,Rangpur Riders,Khulna Tigers,Khushdil Shah,Iftikhar Ahmed,Mehedi Hasan Miraz
2520,1,12,7,Rangpur Riders,Khulna Tigers,Iftikhar Ahmed,Khushdil Shah,Mehedi Hasan Miraz
2520,1,13,1,Rangpur Riders,Khulna Tigers,Iftikhar Ahmed,Khushdil Shah,Salman Irshad
2520,1,13,2,Rangpur Riders,Khulna Tigers,Iftikhar Ahmed,Khushdil Shah,Salman Irshad
2520,1,13,3,Rangpur Riders,Khulna Tigers,Khushdil Shah,Iftikhar Ahmed,Salman Irshad
2520,1,13,4,Rangpur Riders,Khulna Tigers,Khushdil Shah,Iftikhar Ahmed,Salman Irshad
2520,1,13,5,Rangpur Riders,Khulna Tigers,Iftikhar Ahmed,Khushdil Shah,Salman Irshad
2520,1,13,6,Rangpur Riders,Khulna Tigers,Khushdil Shah,Iftikhar Ahmed,Salman Irshad
2520,1,13,7,Rangpur Riders,Khulna Tigers,Khushdil Shah,Iftikhar Ahmed,Salman Irshad
2520,1,13,8,Rangpur Riders,Khulna Tigers,Khushdil Shah,Iftikhar Ahmed,Salman Irshad
2520,1,14,1,Rangpur Riders,Khulna Tigers,Khushdil Shah,Iftikhar Ahmed,Nasum Ahmed
2520,1,14,2,Rangpur Riders,Khulna Tigers,Khushdil Shah,Iftikhar Ahmed,Nasum Ahmed
2520,1,14,3,Rangpur Riders,Khulna Tigers,Khushdil Shah,Iftikhar Ahmed,Nasum Ahmed
2520,1,14,4,Rangpur Riders,Khulna Tigers,Khushdil Shah,Iftikhar Ahmed,Nasum Ahmed
2520,1,14,5,Rangpur Riders,Khulna Tigers,Khushdil Shah,Iftikhar Ahmed,Nasum Ahmed
2520,1,14,6,Rangpur Riders,Khulna Tigers,Iftikhar Ahmed,Khushdil Shah,Nasum Ahmed
2520,1,15,1,Rangpur Riders,Khulna Tigers,Iftikhar Ahmed,Khushdil Shah,Abu Hider
2520,1,15,2,Rangpur Riders,Khulna Tigers,Khushdil Shah,Iftikhar Ahmed,Abu Hider
2520,1,15,3,Rangpur Riders,Khulna Tigers,Khushdil Shah,Iftikhar Ahmed,Abu Hider
2520,1,15,4,Rangpur Riders,Khulna Tigers,Khushdil Shah,Iftikhar Ahmed,Abu Hider
2520,1,15,5,Rangpur Riders,Khulna Tigers,Iftikhar Ahmed,Khushdil Shah,Abu Hider
2520,1,15,6,Rangpur Riders,Khulna Tigers,Khushdil Shah,Iftikhar Ahmed,Abu Hider
2520,1,15,7,Rangpur Riders,Khulna Tigers,Khushdil Shah,Iftikhar Ahmed,Abu Hider
2520,1,16,1,Rangpur Riders,Khulna Tigers,Iftikhar Ahmed,Khushdil Shah,Salman Irshad
2520,1,16,2,Rangpur Riders,Khulna Tigers,Khushdil Shah,Iftikhar Ahmed,Salman Irshad
2520,1,16,3,Rangpur Riders,Khulna Tigers,Iftikhar Ahmed,Khushdil Shah,Salman Irshad
2520,1,16,4,Rangpur Riders,Khulna Tigers,Khushdil Shah,Iftikhar Ahmed,Salman Irshad
2520,1,16,5,Rangpur Riders,Khulna Tigers,Iftikhar Ahmed,Khushdil Shah,Salman Irshad
2520,1,16,6,Rangpur Riders,Khulna Tigers,Khushdil Shah,Iftikhar Ahmed,Salman Irshad
2520,1,17,1,Rangpur Riders,Khulna Tigers,Khushdil Shah,Iftikhar Ahmed,Hasan Mahmud
2520,1,17,2,Rangpur Riders,Khulna Tigers,Iftikhar Ahmed,Khushdil Shah,Hasan Mahmud
2520,1,17,3,Rangpur Riders,Khulna Tigers,Iftikhar Ahmed,Khushdil Shah,Hasan Mahmud
2520,1,17,4,Rangpur Riders,Khulna Tigers,Khushdil Shah,Iftikhar Ahmed,Hasan Mahmud
2520,1,17,5,Rangpur Riders,Khulna Tigers,Khushdil Shah,Iftikhar Ahmed,Hasan Mahmud
2520,1,17,6,Rangpur Riders,Khulna Tigers,Iftikhar Ahmed,Khushdil Shah,Hasan Mahmud
2520,1,17,7,Rangpur Riders,Khulna Tigers,Iftikhar Ahmed,Khushdil Shah,Hasan Mahmud
2520,1,17,8,Rangpur Riders,Khulna Tigers,Khushdil Shah,Iftikhar Ahmed,Hasan Mahmud
2520,1,18,1,Rangpur Riders,Khulna Tigers,Khushdil Shah,Iftikhar Ahmed,Salman Irshad
2520,1,18,2,Rangpur Riders,Khulna Tigers,Khushdil Shah,Iftikhar Ahmed,Salman Irshad
2520,1,18,3,Rangpur Riders,Khulna Tigers,Khushdil Shah,Iftikhar Ahmed,Salman Irshad
2520,1,18,4,Rangpur Riders,Khulna Tigers,Iftikhar Ahmed,Khushdil Shah,Salman Irshad
2520,1,18,5,Rangpur Riders,Khulna Tigers,Khushdil Shah,Iftikhar Ahmed,Salman Irshad
2520,1,18,6,Rangpur Riders,Khulna Tigers,Iftikhar Ahmed,Khushdil Shah,Salman Irshad
2520,1,19,1,Rangpur Riders,Khulna Tigers,Khushdil Shah,Iftikhar Ahmed,Hasan Mahmud
2520,1,19,2,Rangpur Riders,Khulna Tigers,Iftikhar Ahmed,Khushdil Shah,Hasan Mahmud
2520,1,19,3,Rangpur Riders,Khulna Tigers,Khushdil Shah,Iftikhar Ahmed,Hasan Mahmud
2520,1,19,4,Rangpur Riders,Khulna Tigers,Khushdil Shah,Iftikhar Ahmed,Hasan Mahmud
2520,1,19,5,Rangpur Riders,Khulna Tigers,Khushdil Shah,Iftikhar Ahmed,Hasan Mahmud
2520,1,19,6,Rangpur Riders,Khulna Tigers,Iftikhar Ahmed,Khushdil Shah,Hasan Mahmud
2520,1,19,7,Rangpur Riders,Khulna Tigers,Nurul Hasan,Khushdil Shah,Hasan Mahmud
2520,2,0,1,Khulna Tigers,Rangpur Riders,Darwish Rasooli,Mohammad Naim,Mahedi Hasan
2520,2,0,2,Khulna Tigers,Rangpur Riders,Mohammad Naim,Darwish Rasooli,Mahedi Hasan
2520,2,0,3,Khulna Tigers,Rangpur Riders,Mohammad Naim,Darwish Rasooli,Mahedi Hasan
2520,2,0,4,Khulna Tigers,Rangpur Riders,Mohammad Naim,Darwish Rasooli,Mahedi Hasan
2520,2,0,5,Khulna Tigers,Rangpur Riders,Darwish Rasooli,Mohammad Naim,Mahedi Hasan
2520,2,0,6,Khulna Tigers,Rangpur Riders,Darwish Rasooli,Mohammad Naim,Mahedi Hasan
2520,2,1,1,Khulna Tigers,Rangpur Riders,Darwish Rasooli,Mohammad Naim,Mohammad Saifuddin
2520,2,1,2,Khulna Tigers,Rangpur Riders,Darwish Rasooli,Mohammad Naim,Mohammad Saifuddin
2520,2,1,3,Khulna Tigers,Rangpur Riders,Darwish Rasooli,Mohammad Naim,Mohammad Saifuddin
2520,2,1,4,Khulna Tigers,Rangpur Riders,Darwish Rasooli,Mohammad Naim,Mohammad Saifuddin
2520,2,1,5,Khulna Tigers,Rangpur Riders,Mohammad Naim,Darwish Rasooli,Mohammad Saifuddin
2520,2,1,6,Khulna Tigers,Rangpur Riders,Darwish Rasooli,Mohammad Naim,Mohammad Saifuddin
2520,2,2,1,Khulna Tigers,Rangpur Riders,Mohammad Naim,Darwish Rasooli,Mahedi Hasan
2520,2,2,2,Khulna Tigers,Rangpur Riders,Mohammad Naim,Darwish Rasooli,Mahedi Hasan
2520,2,2,3,Khulna Tigers,Rangpur Riders,Mohammad Naim,Darwish Rasooli,Mahedi Hasan
2520,2,2,4,Khulna Tigers,Rangpur Riders,Darwish Rasooli,Mohammad Naim,Mahedi Hasan
2520,2,2,5,Khulna Tigers,Rangpur Riders,Darwish Rasooli,Mohammad Naim,Mahedi Hasan
2520,2,2,6,Khulna Tigers,Rangpur Riders,Mohammad Naim,Darwish Rasooli,Mahedi Hasan
2520,2,3,1,Khulna Tigers,Rangpur Riders,Darwish Rasooli,Mohammad Naim,Akif Javed
2520,2,3,2,Khulna Tigers,Rangpur Riders,Darwish Rasooli,Mohammad Naim,Akif Javed
2520,2,3,3,Khulna Tigers,Rangpur Riders,Darwish Rasooli,Mohammad Naim,Akif Javed
2520,2,3,4,Khulna Tigers,Rangpur Riders,Mohammad Naim,Darwish Rasooli,Akif Javed
2520,2,3,5,Khulna Tigers,Rangpur Riders,Darwish Rasooli,Mohammad Naim,Akif Javed
2520,2,3,6,Khulna Tigers,Rangpur Riders,Darwish Rasooli,Mohammad Naim,Akif Javed
2520,2,4,1,Khulna Tigers,Rangpur Riders,Mohammad Naim,Mehedi Hasan Miraz,Rejaur Rahman
2520,2,4,2,Khulna Tigers,Rangpur Riders,Mehedi Hasan Miraz,Mohammad Naim,Rejaur Rahman
2520,2,4,3,Khulna Tigers,Rangpur Riders,Mehedi Hasan Miraz,Mohammad Naim,Rejaur Rahman
2520,2,4,4,Khulna Tigers,Rangpur Riders,Mehedi Hasan Miraz,Mohammad Naim,Rejaur Rahman
2520,2,4,5,Khulna Tigers,Rangpur Riders,Mehedi Hasan Miraz,Mohammad Naim,Rejaur Rahman
2520,2,4,6,Khulna Tigers,Rangpur Riders,Mohammad Naim,Mehedi Hasan Miraz,Rejaur Rahman
2520,2,5,1,Khulna Tigers,Rangpur Riders,Mehedi Hasan Miraz,Mohammad Naim,Nahid Rana
2520,2,5,2,Khulna Tigers,Rangpur Riders,Mehedi Hasan Miraz,Mohammad Naim,Nahid Rana
2520,2,5,3,Khulna Tigers,Rangpur Riders,Mehedi Hasan Miraz,Mohammad Naim,Nahid Rana
2520,2,5,4,Khulna Tigers,Rangpur Riders,Mehedi Hasan Miraz,Mohammad Naim,Nahid Rana
2520,2,5,5,Khulna Tigers,Rangpur Riders,Mehedi Hasan Miraz,Mohammad Naim,Nahid Rana
2520,2,5,6,Khulna Tigers,Rangpur Riders,Mehedi Hasan Miraz,Mohammad Naim,Nahid Rana
2520,2,6,1,Khulna Tigers,Rangpur Riders,Mohammad Naim,Mehedi Hasan Miraz,Akif Javed
2520,2,6,2,Khulna Tigers,Rangpur Riders,Mohammad Naim,Mehedi Hasan Miraz,Akif Javed
2520,2,6,3,Khulna Tigers,Rangpur Riders,Mehedi Hasan Miraz,Mohammad Naim,Akif Javed
2520,2,6,4,Khulna Tigers,Rangpur Riders,Mohammad Naim,Mehedi Hasan Miraz,Akif Javed
2520,2,6,5,Khulna Tigers,Rangpur Riders,Mohammad Naim,Mehedi Hasan Miraz,Akif Javed
2520,2,6,6,Khulna Tigers,Rangpur Riders,Mohammad Naim,Mehedi Hasan Miraz,Akif Javed
2520,2,6,7,Khulna Tigers,Rangpur Riders,Mohammad Naim,Mehedi Hasan Miraz,Akif Javed
2520,2,7,1,Khulna Tigers,Rangpur Riders,Mohammad Naim,Mehedi Hasan Miraz,Khushdil Shah
2520,2,7,2,Khulna Tigers,Rangpur Riders,Mehedi Hasan Miraz,Mohammad Naim,Khushdil Shah
2520,2,7,3,Khulna Tigers,Rangpur Riders,Mohammad Naim,Mehedi Hasan Miraz,Khushdil Shah
2520,2,7,4,Khulna Tigers,Rangpur Riders,Mohammad Naim,Mehedi Hasan Miraz,Khushdil Shah
2520,2,7,5,Khulna Tigers,Rangpur Riders,Mohammad Naim,Mehedi Hasan Miraz,Khushdil Shah
2520,2,7,6,Khulna Tigers,Rangpur Riders,Mehedi Hasan Miraz,Mohammad Naim,Khushdil Shah
2520,2,8,1,Khulna Tigers,Rangpur Riders,Mehedi Hasan Miraz,Mohammad Naim,Nahid Rana
2520,2,8,2,Khulna Tigers,Rangpur Riders,Mehedi Hasan Miraz,Mohammad Naim,Nahid Rana
2520,2,8,3,Khulna Tigers,Rangpur Riders,Mehedi Hasan Miraz,Mohammad Naim,Nahid Rana
2520,2,8,4,Khulna Tigers,Rangpur Riders,Mohammad Naim,Mehedi Hasan Miraz,Nahid Rana
2520,2,8,5,Khulna Tigers,Rangpur Riders,Mehedi Hasan Miraz,Mohammad Naim,Nahid Rana
2520,2,8,6,Khulna Tigers,Rangpur Riders,Mohammad Naim,Mehedi Hasan Miraz,Nahid Rana
2520,2,9,1,Khulna Tigers,Rangpur Riders,Mehedi Hasan Miraz,Mohammad Naim,Khushdil Shah
2520,2,9,2,Khulna Tigers,Rangpur Riders,Mehedi Hasan Miraz,Mohammad Naim,Khushdil Shah
2520,2,9,3,Khulna Tigers,Rangpur Riders,Mehedi Hasan Miraz,Mohammad Naim,Khushdil Shah
2520,2,9,4,Khulna Tigers,Rangpur Riders,Mohammad Naim,Mehedi Hasan Miraz,Khushdil Shah
2520,2,9,5,Khulna Tigers,Rangpur Riders,Mohammad Naim,Mehedi Hasan Miraz,Khushdil Shah
2520,2,9,6,Khulna Tigers,Rangpur Riders,Mehedi Hasan Miraz,Mohammad Naim,Khushdil Shah
2520,2,10,1,Khulna Tigers,Rangpur Riders,Mohammad Naim,Mehedi Hasan Miraz,Iftikhar Ahmed
2520,2,10,2,Khulna Tigers,Rangpur Riders,Mohammad Naim,Mehedi Hasan Miraz,Iftikhar Ahmed
2520,2,10,3,Khulna Tigers,Rangpur Riders,Mehedi Hasan Miraz,Mohammad Naim,Iftikhar Ahmed
2520,2,10,4,Khulna Tigers,Rangpur Riders,Mohammad Naim,Mehedi Hasan Miraz,Iftikhar Ahmed
2520,2,10,5,Khulna Tigers,Rangpur Riders,Mohammad Naim,Mehedi Hasan Miraz,Iftikhar Ahmed
2520,2,10,6,Khulna Tigers,Rangpur Riders,Mehedi Hasan Miraz,Mohammad Naim,Iftikhar Ahmed
2520,2,11,1,Khulna Tigers,Rangpur Riders,Mehedi Hasan Miraz,Mohammad Naim,Mohammad Saifuddin
2520,2,11,2,Khulna Tigers,Rangpur Riders,Afif Hossain,Mohammad Naim,Mohammad Saifuddin
2520,2,11,3,Khulna Tigers,Rangpur Riders,Mohammad Naim,Afif Hossain,Mohammad Saifuddin
2520,2,11,4,Khulna Tigers,Rangpur Riders,Mohammad Naim,Afif Hossain,Mohammad Saifuddin
2520,2,11,5,Khulna Tigers,Rangpur Riders,Afif Hossain,Mohammad Naim,Mohammad Saifuddin
2520,2,11,6,Khulna Tigers,Rangpur Riders,Mohammad Naim,Afif Hossain,Mohammad Saifuddin
2520,2,12,1,Khulna Tigers,Rangpur Riders,Afif Hossain,Mohammad Naim,Iftikhar Ahmed
2520,2,12,2,Khulna Tigers,Rangpur Riders,Afif Hossain,Mohammad Naim,Iftikhar Ahmed
2520,2,12,3,Khulna Tigers,Rangpur Riders,Mohammad Naim,Afif Hossain,Iftikhar Ahmed
2520,2,12,4,Khulna Tigers,Rangpur Riders,Mohammad Naim,Afif Hossain,Iftikhar Ahmed
2520,2,12,5,Khulna Tigers,Rangpur Riders,Mohammad Naim,Afif Hossain,Iftikhar Ahmed
2520,2,12,6,Khulna Tigers,Rangpur Riders,Afif Hossain,Mohammad Naim,Iftikhar Ahmed
2520,2,13,1,Khulna Tigers,Rangpur Riders,Mohammad Naim,Afif Hossain,Nahid Rana
2520,2,13,2,Khulna Tigers,Rangpur Riders,Afif Hossain,Mohammad Naim,Nahid Rana
2520,2,13,3,Khulna Tigers,Rangpur Riders,Afif Hossain,Mohammad Naim,Nahid Rana
2520,2,13,4,Khulna Tigers,Rangpur Riders,Mohammad Naim,Afif Hossain,Nahid Rana
2520,2,13,5,Khulna Tigers,Rangpur Riders,Mohammad Naim,Afif Hossain,Nahid Rana
2520,2,13,6,Khulna Tigers,Rangpur Riders,Mohammad Naim,Afif Hossain,Nahid Rana
2520,2,13,7,Khulna Tigers,Rangpur Riders,Mohammad Naim,Afif Hossain,Nahid Rana
2520,2,14,1,Khulna Tigers,Rangpur Riders,Mohammad Naim,Afif Hossain,Mahedi Hasan
2520,2,14,2,Khulna Tigers,Rangpur Riders,Mohammad Naim,Afif Hossain,Mahedi Hasan
2520,2,14,3,Khulna Tigers,Rangpur Riders,Afif Hossain,Mohammad Naim,Mahedi Hasan
2520,2,14,4,Khulna Tigers,Rangpur Riders,Afif Hossain,Mohammad Naim,Mahedi Hasan
2520,2,14,5,Khulna Tigers,Rangpur Riders,Mohammad Naim,Afif Hossain,Mahedi Hasan
2520,2,14,6,Khulna Tigers,Rangpur Riders,Mahidul Islam Ankon,Afif Hossain,Mahedi Hasan
2520,2,15,1,Khulna Tigers,Rangpur Riders,Mahidul Islam Ankon,Afif Hossain,Rejaur Rahman
2520,2,15,2,Khulna Tigers,Rangpur Riders,Afif Hossain,Mahidul Islam Ankon,Rejaur Rahman
2520,2,15,3,Khulna Tigers,Rangpur Riders,Afif Hossain,Mahidul Islam Ankon,Rejaur Rahman
2520,2,15,4,Khulna Tigers,Rangpur Riders,Afif Hossain,Mahidul Islam Ankon,Rejaur Rahman
2520,2,15,5,Khulna Tigers,Rangpur Riders,Afif Hossain,Mahidul Islam Ankon,Rejaur Rahman
2520,2,15,6,Khulna Tigers,Rangpur Riders,Afif Hossain,Mahidul Islam Ankon,Rejaur Rahman
2520,2,15,7,Khulna Tigers,Rangpur Riders,Afif Hossain,Mahidul Islam Ankon,Rejaur Rahman
2520,2,16,1,Khulna Tigers,Rangpur Riders,Mahidul Islam Ankon,Afif Hossain,Akif Javed
2520,2,16,2,Khulna Tigers,Rangpur Riders,Mahidul Islam Ankon,Afif Hossain,Akif Javed
2520,2,16,3,Khulna Tigers,Rangpur Riders,Mahidul Islam Ankon,Afif Hossain,Akif Javed
2520,2,16,4,Khulna Tigers,Rangpur Riders,Mahidul Islam Ankon,Afif Hossain,Akif Javed
2520,2,16,5,Khulna Tigers,Rangpur Riders,Mahidul Islam Ankon,Afif Hossain,Akif Javed
2520,2,16,6,Khulna Tigers,Rangpur Riders,Mahidul Islam Ankon,Afif Hossain,Akif Javed
2520,2,16,7,Khulna Tigers,Rangpur Riders,Mahidul Islam Ankon,Afif Hossain,Akif Javed
2520,2,17,1,Khulna Tigers,Rangpur Riders,Afif Hossain,Mahidul Islam Ankon,Mahedi Hasan
2520,2,17,2,Khulna Tigers,Rangpur Riders,Mohammad Nawaz,Mahidul Islam Ankon,Mahedi Hasan
2520,2,17,3,Khulna Tigers,Rangpur Riders,Mohammad Nawaz,Mahidul Islam Ankon,Mahedi Hasan
2520,2,17,4,Khulna Tigers,Rangpur Riders,Mahidul Islam Ankon,Mohammad Nawaz,Mahedi Hasan
2520,2,17,5,Khulna Tigers,Rangpur Riders,Mohammad Nawaz,Mahidul Islam Ankon,Mahedi Hasan
2520,2,17,6,Khulna Tigers,Rangpur Riders,Mahidul Islam Ankon,Mohammad Nawaz,Mahedi Hasan
2520,2,18,1,Khulna Tigers,Rangpur Riders,Mahidul Islam Ankon,Mohammad Nawaz,Akif Javed
2520,2,18,2,Khulna Tigers,Rangpur Riders,Mahidul Islam Ankon,Mohammad Nawaz,Akif Javed
2520,2,18,3,Khulna Tigers,Rangpur Riders,Imrul Kayes,Mohammad Nawaz,Akif Javed
2520,2,18,4,Khulna Tigers,Rangpur Riders,Mohammad Nawaz,Imrul Kayes,Akif Javed
2520,2,18,5,Khulna Tigers,Rangpur Riders,Imrul Kayes,Mohammad Nawaz,Akif Javed
2520,2,18,6,Khulna Tigers,Rangpur Riders,Imrul Kayes,Mohammad Nawaz,Akif Javed
2520,2,19,1,Khulna Tigers,Rangpur Riders,Mohammad Nawaz,Abu Hider,Mohammad Saifuddin
2520,2,19,2,Khulna Tigers,Rangpur Riders,Mohammad Nawaz,Abu Hider,Mohammad Saifuddin
2520,2,19,3,Khulna Tigers,Rangpur Riders,Mohammad Nawaz,Abu Hider,Mohammad Saifuddin
2520,2,19,4,Khulna Tigers,Rangpur Riders,Mohammad Nawaz,Abu Hider,Mohammad Saifuddin
2520,2,19,5,Khulna Tigers,Rangpur Riders,Nasum Ahmed,Abu Hider,Mohammad Saifuddin
2520,2,19,6,Khulna Tigers,Rangpur Riders,Abu Hider,Hasan Mahmud,Mohammad Saifuddin
2520,2,19,7,Khulna Tigers,Rangpur Riders,Salman Irshad,Hasan Mahmud,Mohammad Saifuddin
