PLAYERID,PLAYERNAME
1,AD Hales
2,AD Russell
3,AI Ross
4,Aamer Jamal
5,Aaron Jones
6,Abu Hider
7,Abu Jayed
8,Afif Hossain
9,Aftab Alam
10,Ahsan Bhatti
11,Akbar Ali
12,Akif Javed
13,Al Islam
14,Al-Amin Hossain
15,Alauddin Babu
16,Amir Hamza
17,Anamul Haque
18,Arafat Sunny
19,Ariful Haque
20,Azizul Hakim
21,B Fernando
22,BKEL Milantha
23,DJ Malan
24,DP Sibley
25,Darwish Rasooli
26,Ebadat Hossain
27,Faheem Ashraf
28,Farmanullah
29,G Clark
30,HG Munsey
31,Habibur Rahman
32,Haider Ali
33,Hasan Mahmud
34,Hasan Murad
35,Hussain Talat
36,Ibrahim Zadran
37,Iftikhar Ahmed
38,Imrul Kayes
39,Iqbal Hossain Emon
40,Irfan Sukkur
41,JJ Roy
42,JK Fuller
43,JL Jaggesar
44,JM Vince
45,JO Holder
46,JP Kotze
47,Jahandad Khan
48,Jaker Ali
49,Jishan Alam
50,K Alleyne
51,KR Mayers
52,Kamrul Islam Rabbi
53,Khaled Ahmed
54,Khawaja Nafay
55,Khushdil Shah
56,Liton Das
57,M Deyal
58,ML Cummins
59,Mahedi Hasan
60,Mahfuzur Rahman Rabby
61,Mahidul Islam Ankon
62,Mahmudullah
63,Maruf Mridha
64,Mehedi Hasan Miraz
65,Mehedi Hasan Rana
66,Mizanur Rahman
67,Mohammad Ali
68,Mohammad Haris
69,Mohammad Imran
70,Mohammad Mithun
71,Mohammad Nabi
72,Mohammad Naim
73,Mohammad Nawaz
74,Mohammad Saifuddin
75,Mohammad Wasim
76,Mohor Sheikh
77,Mosaddek Hossain
78,Mrittunjoy Chowdhury
79,Mukidul Islam
80,Munim Shahriar
81,Musfik Hasan
82,Mushfiqur Rahim
83,Mustafizur Rahman
84,NLTC Perera
85,Nabil Samad
86,Naeem Islam
87,Nahid Rana
88,Nahidul Islam
89,Nasum Ahmed
90,Nazmul Hossain Shanto
91,Nazmul Islam
92,Nihaduzzaman
93,Nurul Hasan
94,O Thomas
95,PC de Silva
96,PR Stirling
97,Parvez Hossain Emon
98,Pritom Kumar
99,R Mondol
100,RJW Topley
101,RP Burl
102,RR Beaton
103,RRS Cornwall
104,Rahatul Ferdous
105,Rahmat Ali
106,Rakibul Hasan
107,Rejaur Rahman
108,Riaz Hassan
109,Rishad Hossain
110,Rony Talukdar
111,Rubel Hossain
112,Ruyel Miah
113,SM Meherob
114,SMLD Samarakoon
115,SO Hetmyer
116,SR Taylor
117,SS Eskinazi
118,Sabbir Hossain
119,Sabbir Rahman
120,Saif Hassan
121,Sajjadul Haque
122,Salman Irshad
123,Samiullah Shenwari
124,Shafiul Islam
125,Shahadat Hossain
126,Shaheen Shah Afridi
127,Shamim Hossain
128,Shoriful Islam
129,Shubham Ranjane
130,Sohag Gazi
131,Soumya Sarkar
132,Sumon Khan
133,Sunzamul Islam
134,TH David
135,TL O'Connell
136,Taijul Islam
137,Tamim Iqbal
138,Tanvir Islam
139,Tanzid Hasan
140,Tanzim Hasan Sakib
141,Taskin Ahmed
142,Tipu Sultan
143,Towfiq Khan
144,Towhid Hridoy
145,Usman Khan
146,WG Bosisto
147,Yasir Ali Chowdhury
148,Zakir Hasan
149,Zawad Abrar
150,Ziaur Rahman
151,Zubaid Akbari
