MATCHID,INNINGSNO,OVERNO,BALL_NO,PLAYEROUT,FIELDER,OUTTYPE
2501,1,1,4,Jishan Alam,,bowled
2501,1,3,1,Mohammad Haris,,caught and bowled
2501,1,17,4,Anamul Haque,Mushfiqur Rahim,caught
2501,2,0,1,Nazmul Hossain Shanto,,lbw
2501,2,1,3,Tamim Iqbal,,lbw
2501,2,3,4,KR Mayers,RP Burl,caught
2501,2,6,3,Mushfiqur Rahim,SMLD Samarakoon,caught
2501,2,8,1,Towhid Hridoy,SMLD Samarakoon,caught
2501,2,12,2,Shaheen Shah Afridi,Mohammad Haris,caught
2502,1,1,6,SR Taylor,,lbw
2502,1,2,2,AD Hales,,bowled
2502,1,13,1,Saif Hassan,Farmanullah,caught
2502,1,15,3,Iftikhar Ahmed,Tanzid Hasan,caught
2502,1,18,3,Nurul Hasan,SS Eskinazi,caught
2502,1,18,4,Mohammad Saifuddin,Alauddin Babu,caught
2502,2,7,4,Tanzid Hasan,Saif Hassan,caught
2502,2,7,6,Habibur Rahman,SR Taylor,caught
2502,2,9,1,Liton Das,AD Hales,caught
2502,2,9,5,Farmanullah,,bowled
2502,2,11,7,NLTC Perera,Saif Hassan,caught
2502,2,12,5,Alauddin Babu,,caught and bowled
2502,2,13,7,Amir Hamza,,stumped
2502,2,14,6,SS Eskinazi,,lbw
2502,2,18,1,Mukidul Islam,AD Hales,caught
2503,1,4,3,Mohammad Naim,Usman Khan,caught
2503,1,10,4,Mehedi Hasan Miraz,TL O'Connell,caught
2503,1,12,5,Ibrahim Zadran,Mohammad Mithun,caught
2503,1,14,2,Afif Hossain,Shoriful Islam,caught
2503,2,0,11,Naeem Islam,WG Bosisto,caught
2503,2,2,4,Parvez Hossain Emon,Mahidul Islam Ankon,caught
2503,2,4,5,Mohammad Mithun,,bowled
2503,2,5,6,Usman Khan,,bowled
2503,2,6,1,Haider Ali,,lbw
2503,2,6,2,TL O'Connell,Mehedi Hasan Miraz,caught
2503,2,9,1,Mohammad Wasim,Afif Hossain,caught
2503,2,10,3,Shoriful Islam,,lbw
2503,2,18,2,Shamim Hossain,Mohammad Nawaz,caught
2503,2,18,6,Khaled Ahmed,,caught and bowled
2504,1,3,2,AD Hales,Ariful Haque,caught
2504,1,4,4,Saif Hassan,Rony Talukdar,caught
2504,1,4,6,SR Taylor,Jaker Ali,caught
2504,1,11,2,Khushdil Shah,HG Munsey,caught
2504,1,18,1,Nurul Hasan,Ariful Haque,caught
2504,1,19,5,Mahedi Hasan,Ariful Haque,caught
2504,2,1,1,HG Munsey,,bowled
2504,2,4,1,Zakir Hasan,,bowled
2504,2,4,6,PR Stirling,AD Hales,caught
2504,2,14,1,Rony Talukdar,,bowled
2504,2,14,2,Ariful Haque,,stumped
2504,2,15,2,Jaker Ali,,caught and bowled
2504,2,16,3,Tanzim Hasan Sakib,AD Hales,caught
2504,2,16,6,Nihaduzzaman,Nahid Rana,caught
2504,2,17,6,Samiullah Shenwari,Saif Hassan,caught
2505,1,1,2,Liton Das,Yasir Ali Chowdhury,caught
2505,1,3,2,Tanzid Hasan,Akbar Ali,caught
2505,1,10,5,SS Eskinazi,,bowled
2505,1,14,3,NLTC Perera,Yasir Ali Chowdhury,caught
2505,1,16,1,Shahadat Hossain,RP Burl,caught
2505,1,16,5,PC de Silva,Akbar Ali,caught
2505,1,19,2,Alauddin Babu,RP Burl,caught
2505,1,19,3,Mukidul Islam,,bowled
2505,1,19,5,Shubham Ranjane,Mohammad Haris,caught
2505,2,0,6,Mohammad Haris,SS Eskinazi,caught
2505,2,3,5,Jishan Alam,NLTC Perera,caught
2505,2,9,1,Yasir Ali Chowdhury,Tanzid Hasan,caught
2506,1,3,2,Nazmul Hossain Shanto,Azizul Hakim,caught
2506,1,4,6,Towhid Hridoy,Nahid Rana,caught
2506,1,5,5,Tamim Iqbal,,bowled
2506,1,10,4,Mushfiqur Rahim,,lbw
2506,1,11,1,KR Mayers,Kamrul Islam Rabbi,caught
2506,1,11,5,Faheem Ashraf,,lbw
2506,1,13,3,Mahmudullah,,bowled
2506,1,14,7,Shaheen Shah Afridi,,bowled
2506,1,16,5,Tanvir Islam,Iftikhar Ahmed,caught
2506,1,18,3,Mohammad Nabi,Nurul Hasan,run out
2506,2,1,2,Azizul Hakim,Mohammad Nabi,caught
2506,2,1,5,Towfiq Khan,Tanvir Islam,caught
2507,1,0,3,Parvez Hossain Emon,Sabbir Hossain,caught
2507,1,10,5,G Clark,Hasan Murad,caught
2507,1,15,6,Mohammad Mithun,Mohammad Haris,caught
2507,1,17,1,Shamim Hossain,Hasan Murad,caught
2507,1,18,1,Usman Khan,Hasan Murad,caught
2507,2,0,6,Sabbir Hossain,Usman Khan,caught
2507,2,4,1,Anamul Haque,Parvez Hossain Emon,caught
2507,2,5,1,Mohammad Haris,Mohammad Mithun,caught
2507,2,8,3,Akbar Ali,Haider Ali,caught
2507,2,10,3,Yasir Ali Chowdhury,G Clark,caught
2507,2,11,1,RP Burl,Al Islam,caught
2507,2,12,6,Taskin Ahmed,TL O'Connell,caught
2507,2,14,5,Shafiul Islam,Arafat Sunny,caught
2507,2,16,1,Hasan Murad,,lbw
2507,2,17,1,Sohag Gazi,,lbw
2508,1,4,5,Mohammad Naim,Shahadat Hossain,caught
2508,1,5,1,Afif Hossain,,lbw
2508,1,6,3,Ibrahim Zadran,,stumped
2508,1,9,2,Mehedi Hasan Miraz,Alauddin Babu,caught
2508,1,11,2,Mohammad Nawaz,NLTC Perera,caught
2508,1,12,4,WG Bosisto,Shubham Ranjane,caught
2508,1,17,3,Ziaur Rahman,Tanzid Hasan,caught
2508,1,18,2,Mahidul Islam Ankon,Tanzid Hasan,caught
2508,2,2,1,Liton Das,Ibrahim Zadran,caught
2508,2,2,2,SS Eskinazi,WG Bosisto,caught
2508,2,3,6,Tanzid Hasan,Ibrahim Zadran,caught
2508,2,5,1,Shahadat Hossain,Nasum Ahmed,caught
2508,2,8,5,Shubham Ranjane,,lbw
2508,2,9,3,Alauddin Babu,Mahidul Islam Ankon,caught
2509,1,4,7,HG Munsey,Azizul Hakim,caught
2509,1,8,5,Rony Talukdar,,lbw
2509,1,13,6,PR Stirling,Mahedi Hasan,caught
2509,1,18,4,Zakir Hasan,Nahid Rana,caught
2509,2,0,7,Azizul Hakim,,caught and bowled
2509,2,17,5,Saif Hassan,Ariful Haque,caught
2510,1,3,5,Mohammad Haris,,bowled
2510,1,9,2,Jishan Alam,Pritom Kumar,caught
2510,1,15,1,Yasir Ali Chowdhury,,lbw
2510,1,18,2,Anamul Haque,,bowled
2510,2,3,1,Pritom Kumar,,bowled
2510,2,5,3,KR Mayers,,bowled
2510,2,9,6,Towhid Hridoy,SM Meherob,caught

