MATCHID,INNINGSNO,OVERNO,BALL_NO,PLAYEROUT,FIELDER,OUTTYPE
2511,1,3,1,Habibur Rahman,,bowled
2511,1,5,6,JJ Roy,,bowled
2511,1,6,5,Tanzid Hasan,,bowled
2511,1,8,5,Sabbir Rahman,Kamrul Islam Rabbi,caught
2511,1,8,6,NLTC Perera,Iftikhar Ahmed,caught
2511,1,9,6,Liton Das,Azizul Hakim,caught
2511,1,12,6,Mosaddek Hossain,Nurul Hasan,caught
2511,1,13,6,Amir Hamza,Akif Javed,caught
2511,1,15,3,Alauddin Babu,AD Hales,caught
2511,1,16,3,Mustafizur Rahman,Nurul Hasan,caught
2511,2,3,4,Azizul Hakim,JJ Roy,caught
2511,2,8,4,AD Hales,Sabbir Rahman,caught
2511,2,9,5,Saif Hassan,Habibur Rahman,caught
2512,1,0,3,Rony Talukdar,Tamim Iqbal,caught
2512,1,4,2,RRS Cornwall,Mahmudullah,caught
2512,1,8,1,HG Munsey,,caught
2512,1,8,3,Aaron Jones,,caught
2512,1,9,3,Zakir Hasan,Faheem Ashraf,caught
2512,1,10,2,Jaker Ali,,bowled
2512,1,11,5,Tanzim Hasan Sakib,Mahmudullah,caught
2512,1,13,5,Ruyel Miah,,bowled
2512,1,18,1,Ariful Haque,,caught and bowled
2512,1,18,2,Al-Amin Hossain,Rishad Hossain,caught
2512,2,0,1,Tamim Iqbal,Zakir Hasan,caught
2512,2,1,5,Nazmul Hossain Shanto,Zakir Hasan,caught
2512,2,10,3,Towhid Hridoy,,bowled
2513,1,10,1,Nazmul Hossain Shanto,Khushdil Shah,caught
2513,1,10,6,Tamim Iqbal,AD Hales,caught
2513,1,16,5,Towhid Hridoy,Mohammad Saifuddin,caught
2513,1,17,5,Mahmudullah,Saif Hassan,caught
2513,1,19,2,Faheem Ashraf,"Nurul Hasan, Mohammad Saifuddin",run out
2513,2,1,1,AD Hales,,stumped
2513,2,6,6,Saif Hassan,Rishad Hossain,caught
2513,2,8,6,Towfiq Khan,,caught and bowled
2513,2,17,5,Iftikhar Ahmed,Nazmul Hossain Shanto,caught
2513,2,18,3,Khushdil Shah,Mahmudullah,caught
2513,2,18,4,Mahedi Hasan,,obstructing the field
2513,2,18,6,Mohammad Saifuddin,Nayeem Hasan,caught
2514,1,1,1,JJ Roy,,stumped
2514,1,7,2,SS Eskinazi,,bowled
2514,1,10,4,Shahadat Hossain,Arafat Sunny,caught
2514,1,16,2,Tanzid Hasan,Shamim Hossain,caught
2514,1,17,2,NLTC Perera,Haider Ali,caught
2514,2,6,1,Parvez Hossain Emon,SS Eskinazi,caught
2514,2,11,1,Usman Khan,Nazmul Islam,caught
2514,2,16,4,G Clark,JJ Roy,caught
2515,1,5,3,Mohammad Haris,,bowled
2515,1,7,2,Anamul Haque,Imrul Kayes,caught
2515,1,8,5,SM Meherob,,bowled
2515,1,9,5,Jishan Alam,Mohammad Naim,caught
2515,1,18,2,Yasir Ali Chowdhury,,bowled
2515,2,0,5,WG Bosisto,Taskin Ahmed,caught
2515,2,3,4,Mehedi Hasan Miraz,Shafiul Islam,caught
2515,2,10,3,Mohammad Naim,Hasan Murad,caught
2515,2,12,6,Afif Hossain,Jishan Alam,caught
2515,2,13,4,Mahidul Islam Ankon,Mohammad Haris,caught
2515,2,14,6,Imrul Kayes,Mohammad Haris,caught
2515,2,15,1,Abu Hider,Mohammad Haris,caught
2515,2,16,7,Mohammad Nawaz,,caught and bowled
2515,2,18,4,Nasum Ahmed,Anamul Haque,caught
2515,2,19,4,Salman Irshad,Yasir Ali Chowdhury,caught
2516,1,0,5,Tanzid Hasan,Jaker Ali,caught
2516,1,15,3,Liton Das,,lbw
2516,1,15,5,Munim Shahriar,,stumped
2516,1,18,4,Sabbir Rahman,Nahidul Islam,caught
2516,1,19,1,NLTC Perera,Aaron Jones,caught
2516,1,19,5,Mosaddek Hossain,"Zakir Hasan, Al-Amin Hossain",run out
2516,2,0,1,RRS Cornwall,,lbw
2516,2,1,7,HG Munsey,Sabbir Rahman,caught
2516,2,4,1,Aaron Jones,Mustafizur Rahman,caught
2516,2,8,2,Nahidul Islam,Sabbir Rahman,caught
2516,2,9,3,Zakir Hasan,NLTC Perera,caught
2516,2,14,5,Rony Talukdar,,bowled
2516,2,15,1,Jaker Ali,Mosaddek Hossain,caught
2517,1,2,4,RRS Cornwall,,bowled
2517,1,4,2,HG Munsey,,bowled
2517,1,14,3,Rony Talukdar,Ziaur Rahman,caught
2517,1,16,3,Aaron Jones,Mahidul Islam Ankon,caught
2517,1,16,4,Jaker Ali,,bowled
2517,2,3,1,Mohammad Naim,,bowled
2517,2,4,1,Imrul Kayes,Rony Talukdar,caught
2517,2,5,7,Darwish Rasooli,,caught and bowled
2517,2,11,3,Mehedi Hasan Miraz,Ariful Haque,caught
2517,2,13,2,WG Bosisto,Aaron Jones,caught
2517,2,16,1,Mohammad Nawaz,Zakir Hasan,caught
2517,2,17,3,Ziaur Rahman,RJW Topley,run out
2517,2,19,4,Abu Hider,Tanzim Hasan Sakib,caught
2517,2,19,5,Mahidul Islam Ankon,Ruyel Miah,run out
2518,1,19,3,Tanzid Hasan,Sohag Gazi,caught
2518,2,0,6,Mohammad Haris,Liton Das,caught
2518,2,1,4,Anamul Haque,Liton Das,caught
2518,2,3,3,Sabbir Hossain,Sabbir Rahman,caught
2518,2,4,2,Akbar Ali,,bowled
2518,2,6,3,SM Meherob,,bowled
2518,2,9,4,Yasir Ali Chowdhury,Munim Shahriar,caught
2518,2,9,5,Sohag Gazi,,lbw
2518,2,13,2,Sunzamul Islam,,bowled
2518,2,14,5,Taskin Ahmed,Tanzid Hasan,caught
2518,2,15,2,Shafiul Islam,"Tanzid Hasan, Mukidul Islam",run out
2519,1,3,6,Parvez Hossain Emon,Nihaduzzaman,caught
2519,1,10,3,Usman Khan,Tanzim Hasan Sakib,caught
2519,1,15,3,G Clark,Ariful Haque,caught
2519,1,17,3,Mohammad Mithun,Rony Talukdar,caught
2519,1,18,4,Shamim Hossain,Ruyel Miah,caught
2519,1,19,2,Mohammad Wasim,Ruyel Miah,run out
2519,2,0,2,PR Stirling,Shamim Hossain,caught
2519,2,4,2,Zakir Hasan,Shoriful Islam,caught
2519,2,5,2,Rony Talukdar,Mohammad Mithun,caught
2519,2,10,4,Aaron Jones,,lbw
2519,2,14,7,HG Munsey,Usman Khan,caught
2519,2,16,5,Ariful Haque,Usman Khan,caught
2519,2,17,3,Tanzim Hasan Sakib,Mohammad Mithun,caught
2519,2,18,3,Nahidul Islam,Shamim Hossain,caught
2520,1,2,2,SR Taylor,,bowled
2520,1,5,3,Saif Hassan,,bowled
2520,1,10,3,Towfiq Khan,Mohammad Nawaz,caught
2520,1,19,6,Iftikhar Ahmed,,lbw
2520,1,19,7,Nurul Hasan,"Mahidul Islam Ankon, Abu Hider",run out
2520,2,3,6,Darwish Rasooli,,bowled
2520,2,11,1,Mehedi Hasan Miraz,Akif Javed,caught
2520,2,14,5,Mohammad Naim,,caught and bowled
2520,2,17,1,Afif Hossain,,lbw
2520,2,18,2,Mahidul Islam Ankon,,bowled
2520,2,18,6,Imrul Kayes,Iftikhar Ahmed,caught
2520,2,19,4,Mohammad Nawaz,Saif Hassan,run out
2520,2,19,5,Nasum Ahmed,"Nurul Hasan, Mohammad Saifuddin",run out
2520,2,19,6,Abu Hider,SR Taylor,caught
