MATCHID,INNINGSNO,OVERNO,BALL_NO,PLAYEROUT,FIELDER,OUTTYPE
2521,1,4,4,Liton Das,Mushfiqur Rahim,caught
2521,1,5,3,Munim Shahriar,Mahmudullah,caught
2521,1,7,5,JP Kotze,Faheem Ashraf,caught
2521,1,11,4,Sabbir Rahman,DJ Malan,caught
2521,1,11,6,NLTC Perera,Nazmul Hossain Shanto,caught
2521,1,15,3,Mosaddek Hossain,DJ Malan,caught
2521,1,16,5,Tanzid Hasan,Mushfiqur Rahim,caught
2521,1,16,6,PC de Silva,"Mushfiqur Rahim, R Mondol",run out
2521,1,18,5,Abu Jayed,"Mushfiqur Rahim, Mahmudullah",run out
2521,1,19,3,Farmanullah,Mahmudullah,caught
2521,2,1,4,Nazmul Hossain Shanto,Tanzid Hasan,caught
2521,2,14,6,Tamim Iqbal,,bowled
2522,1,2,2,Usman Khan,Mahidul Islam Ankon,caught
2522,1,12,4,Parvez Hossain Emon,Afif Hossain,caught
2522,1,15,6,G Clark,Mohammad Nawaz,caught
2522,1,16,2,Shamim Hossain,Mahmudul Hasan Joy,caught
2522,1,16,6,Haider Ali,Hasan Mahmud,caught
2522,1,18,3,Mohammad Wasim,Mohammad Naim,caught
2522,1,18,6,Shoriful Islam,Darwish Rasooli,caught
2522,2,1,4,DP Sibley,Mohammad Wasim,caught
2522,2,3,3,Mehedi Hasan Miraz,Mohammad Mithun,caught
2522,2,4,5,Mohammad Naim,Arafat Sunny,caught
2522,2,7,5,Afif Hossain,Khaled Ahmed,caught
2522,2,8,3,Mahfuzur Rahman Rabby,,bowled
2522,2,14,1,Darwish Rasooli,Mohammad Wasim,caught
2522,2,15,6,Mohammad Nawaz,Haider Ali,caught
2522,2,16,3,Abu Hider,,bowled
2522,2,18,3,Mahidul Islam Ankon,Haider Ali,caught
2523,1,3,1,Mohammad Haris,RJW Topley,caught
2523,1,7,1,Jishan Alam,Rony Talukdar,caught
2523,1,9,6,Anamul Haque,HG Munsey,caught
2523,1,13,6,Yasir Ali Chowdhury,Ariful Haque,caught
2523,1,15,7,RP Burl,Ariful Haque,caught
2523,1,17,3,M Deyal,,lbw
2523,1,19,7,Mrittunjoy Chowdhury,Nihaduzzaman,caught
2523,2,0,6,PR Stirling,Taskin Ahmed,caught
2523,2,2,3,Rony Talukdar,,bowled
2523,2,9,3,Zakir Hasan,Anamul Haque,caught
2523,2,10,2,HG Munsey,,caught and bowled
2523,2,11,4,Aaron Jones,,bowled
2523,2,12,3,Nahidul Islam,Akbar Ali,caught
2523,2,14,6,Ariful Haque,Anamul Haque,caught
2523,2,15,6,Nihaduzzaman,Yasir Ali Chowdhury,caught
2523,2,16,4,Jaker Ali,Anamul Haque,caught
2523,2,17,3,RJW Topley,,bowled
2524,1,2,4,Towfiq Khan,Mohammad Wasim,caught
2524,1,9,4,Saif Hassan,,lbw
2524,1,10,3,SR Taylor,,caught and bowled
2524,1,11,1,Iftikhar Ahmed,Mohammad Mithun,stumped
2524,1,15,6,Nurul Hasan,Khawaja Nafay,caught
2524,1,17,7,Khushdil Shah,,caught and bowled
2524,1,19,3,Mahedi Hasan,Arafat Sunny,caught
2524,2,0,1,Usman Khan,Akif Javed,caught
2524,2,4,6,Parvez Hossain Emon,Nurul Hasan,caught
2524,2,6,2,Mohammad Mithun,,bowled
2524,2,6,5,G Clark,Mahedi Hasan,caught
2524,2,14,4,Naeem Islam,,lbw
2524,2,16,3,Mohammad Wasim,,bowled
2524,2,17,2,Shamim Hossain,Rakibul Hasan,caught
2524,2,19,1,Al Islam,Nurul Hasan,caught
2525,1,2,2,Usman Khan,Faheem Ashraf,caught
2525,1,2,6,G Clark,Towhid Hridoy,caught
2525,1,3,2,Parvez Hossain Emon,Mushfiqur Rahim,caught
2525,1,3,6,Haider Ali,Mushfiqur Rahim,caught
2525,1,5,3,Shamim Hossain,Mushfiqur Rahim,caught
2525,1,8,4,Al Islam,,bowled
2525,1,14,5,Mohammad Mithun,Mahmudullah,caught
2525,1,18,1,Khaled Ahmed,,bowled
2525,2,3,2,Tamim Iqbal,Usman Khan,run out
2525,2,4,1,Towhid Hridoy,Parvez Hossain Emon,caught
2525,2,6,4,Mushfiqur Rahim,Shoriful Islam,caught
2525,2,9,3,Mahmudullah,G Clark,caught
2526,1,3,5,Mohammad Naim,,bowled
2526,1,4,4,Mehedi Hasan Miraz,Jishan Alam,caught
2526,1,5,6,AI Ross,Mohammad Haris,run out
2526,1,17,5,Afif Hossain,Mrittunjoy Chowdhury,caught
2526,2,4,1,Jishan Alam,Mohammad Nawaz,caught
2526,2,6,2,Mohammad Haris,Abu Hider,caught
2526,2,12,5,Yasir Ali Chowdhury,Mohammad Nawaz,caught
2526,2,18,6,RP Burl,Hasan Mahmud,caught
2527,1,3,5,Tanzid Hasan,Ariful Haque,caught
2527,1,6,3,JP Kotze,Jaker Ali,caught
2527,1,8,1,Mosaddek Hossain,Aaron Jones,caught
2527,1,14,3,Sabbir Rahman,,bowled
2527,1,18,8,Liton Das,Sumon Khan,caught
2527,1,19,2,NLTC Perera,Ariful Haque,caught
2527,2,1,5,HG Munsey,,bowled
2527,2,4,3,Zakir Hasan,Mosaddek Hossain,caught
2527,2,13,5,Aaron Jones,,caught and bowled
2527,2,15,3,Rony Talukdar,,bowled
2527,2,18,4,Jaker Ali,NLTC Perera,caught
2527,2,19,5,Ariful Haque,,caught and bowled
2527,2,19,6,Samiullah Shenwari,JP Kotze,run out
2528,1,1,3,Usman Khan,Akbar Ali,caught
2528,1,9,6,G Clark,Mohor Sheikh,run out
2528,1,13,6,Naeem Islam,,bowled
2528,1,15,5,Mohammad Mithun,RP Burl,caught
2528,1,16,3,Shamim Hossain,RP Burl,caught
2528,1,18,7,Rahatul Ferdous,,bowled
2528,1,19,5,Haider Ali,,bowled
2528,1,19,6,Shoriful Islam,Jishan Alam,run out
2528,2,0,6,Jishan Alam,Mohammad Mithun,caught
2528,2,1,3,Mohammad Haris,Usman Khan,caught
2528,2,2,5,Yasir Ali Chowdhury,,bowled
2528,2,6,4,Akbar Ali,,lbw
2528,2,8,4,Anamul Haque,Mohammad Mithun,caught
2528,2,9,2,M Deyal,,lbw
2528,2,10,3,Sunzamul Islam,Mohammad Mithun,stumped
2528,2,13,1,Taskin Ahmed,,lbw
2528,2,14,3,Mohor Sheikh,Naeem Islam,caught
2529,1,7,2,Zubaid Akbari,,bowled
2529,1,12,3,G Clark,Riaz Hassan,caught
2529,1,12,5,Hussain Talat,Liton Das,stumped
2529,1,13,5,Naeem Islam,Munim Shahriar,caught
2529,1,17,2,Shamim Hossain,Munim Shahriar,caught
2529,1,18,1,Haider Ali,Tanzid Hasan,caught
2529,2,8,6,Liton Das,Khaled Ahmed,caught
2529,2,14,4,Munim Shahriar,,bowled
2530,1,0,2,Tamim Iqbal,,lbw
2530,1,0,3,DJ Malan,,bowled
2530,1,2,3,Mushfiqur Rahim,Mahidul Islam Ankon,run out
2530,1,9,6,Towhid Hridoy,Nasum Ahmed,caught
2530,1,10,1,Mohammad Nabi,Mahidul Islam Ankon,caught
2530,1,12,6,Faheem Ashraf,Mahmudul Hasan Joy,caught
2530,1,17,4,Mahmudullah,Aamer Jamal,caught
2530,1,18,5,Jahandad Khan,AI Ross,caught
2530,1,19,5,Rishad Hossain,Afif Hossain,run out
2530,2,1,5,Imrul Kayes,Tamim Iqbal,caught
2530,2,10,2,Mehedi Hasan Miraz,Towhid Hridoy,caught
2530,2,13,1,AI Ross,Towhid Hridoy,caught
2530,2,17,2,Afif Hossain,Mushfiqur Rahim,caught
2530,2,17,5,Mahidul Islam Ankon,Mushfiqur Rahim,run out
2530,2,19,4,Mohammad Naim,DJ Malan,caught