MATCHID,INNINGSNO,OVERNO,BALL_NO,PLAYEROUT,FIELDER,OUTTYPE
2531,1,2,3,Mohammad Haris,Khushdil Shah,caught
2531,1,7,2,Sabbir Hossain,Mohammad Saifuddin,caught
2531,1,7,3,RP Burl,Akif Javed,caught
2531,1,15,5,Yasir Ali Chowdhury,Nurul Hasan,caught
2531,1,16,1,Anamul Haque,Khushdil Shah,run out
2531,1,16,6,Akbar Ali,,bowled
2531,1,18,1,Sunzamul Islam,Nurul Hasan,caught
2531,1,18,4,Taskin Ahmed,Khushdil Shah,caught
2531,1,19,1,SM Meherob,Rakibul Hasan,caught
2531,2,0,5,Irfan Sukkur,,bowled
2531,2,3,3,SR Taylor,,bowled
2531,2,3,4,Iftikhar Ahmed,Yasir Ali Chowdhury,caught
2531,2,8,3,Khushdil Shah,Yasir Ali Chowdhury,caught
2531,2,9,4,Saif Hassan,Yasir Ali Chowdhury,caught
2531,2,12,6,Mahedi Hasan,,caught and bowled
2531,2,16,6,Nurul Hasan,Mohor Sheikh,caught
2531,2,18,1,Akif Javed,Akbar Ali,stumped
2531,2,18,4,Mohammad Saifuddin,Anamul Haque,caught
2531,2,19,2,Nahid Rana,,bowled
2532,1,0,6,Rony Talukdar,Aamer Jamal,caught
2532,1,7,4,HG Munsey,,bowled
2532,1,9,4,K Alleyne,Mehedi Hasan Miraz,caught
2532,1,13,6,Jaker Ali,Mahmudul Hasan Joy,caught
2532,1,14,5,Zakir Hasan,,bowled
2532,1,15,5,Ariful Haque,,lbw
2532,1,18,3,Samiullah Shenwari,Mehedi Hasan Miraz,caught
2532,1,19,3,Nihaduzzaman,WG Bosisto,caught
2532,1,19,5,Sumon Khan,Mehedi Hasan Miraz,caught
2532,2,6,6,Mohammad Naim,K Alleyne,caught
2532,2,9,3,Afif Hossain,Jaker Ali,caught
2532,2,13,4,Mehedi Hasan Miraz,Sajjadul Haque,caught
2532,2,17,1,Mahidul Islam Ankon,,lbw
2533,1,1,4,HG Munsey,Taijul Islam,caught
2533,1,2,5,Zakir Hasan,Rishad Hossain,caught
2533,1,5,3,Rony Talukdar,Mohammad Nabi,caught
2533,1,5,5,K Alleyne,Mahmudullah,caught
2533,1,7,4,Nahidul Islam,,bowled
2533,1,11,6,Ahsan Bhatti,Mahmudullah,caught
2533,1,13,5,Jaker Ali,Mohammad Nabi,caught
2533,1,15,4,Tanzim Hasan Sakib,,lbw
2533,1,16,5,Ariful Haque,Towhid Hridoy,caught
2533,1,18,1,Sumon Khan,,bowled
2533,2,2,5,Towhid Hridoy,Ariful Haque,caught
2533,2,5,6,DJ Malan,Ahsan Bhatti,caught
2534,1,2,1,Jishan Alam,,bowled
2534,1,4,1,Sabbir Hossain,Nurul Hasan,stumped
2534,1,6,4,Mrittunjoy Chowdhury,Mahedi Hasan,caught
2534,1,7,4,Anamul Haque,Nurul Hasan,run out
2534,1,8,1,SM Meherob,Mohammad Saifuddin,caught
2534,1,9,5,Yasir Ali Chowdhury,Nurul Hasan,caught
2534,1,12,4,Mizanur Rahman,,lbw
2534,1,14,4,Akbar Ali,Iftikhar Ahmed,caught
2534,1,17,6,Taskin Ahmed,SR Taylor,caught
2534,2,0,4,SR Taylor,Akbar Ali,caught
2534,2,1,7,Saif Hassan,Akbar Ali,caught
2534,2,5,3,Soumya Sarkar,Akbar Ali,caught
2534,2,5,6,Mahedi Hasan,Akbar Ali,caught
2534,2,7,2,Nurul Hasan,Sabbir Hossain,caught
2534,2,8,3,Iftikhar Ahmed,Yasir Ali Chowdhury,caught
2534,2,12,4,Khushdil Shah,,bowled
2534,2,18,4,Rakibul Hasan,,lbw
2535,1,5,4,Mehedi Hasan Miraz,,bowled
2535,1,8,5,Mohammad Naim,Mushfiqur Rahim,caught
2535,1,11,6,AI Ross,,bowled
2535,1,15,3,Afif Hossain,Mushfiqur Rahim,caught
2535,1,17,3,Mohammad Nawaz,Towhid Hridoy,caught
2535,2,1,3,Towhid Hridoy,,lbw
2535,2,10,5,Tamim Iqbal,Afif Hossain,caught
2535,2,12,3,DJ Malan,Mohammad Naim,caught
2535,2,16,2,Mahmudullah,Mahmudul Hasan Joy,run out
2535,2,16,3,Mushfiqur Rahim,Mehedi Hasan Miraz,caught
2536,1,3,1,Ariful Haque,SM Meherob,caught
2536,1,3,4,Samiullah Shenwari,Akbar Ali,caught
2536,1,4,4,Sajjadul Haque,Taskin Ahmed,caught
2536,1,11,1,Jaker Ali,Sabbir Hossain,caught
2536,1,11,5,Zakir Hasan,RP Burl,caught
2536,1,13,2,K Alleyne,Akbar Ali,stumped
2536,1,15,3,Tanzim Hasan Sakib,,caught and bowled
2536,1,16,1,JL Jaggesar,,bowled
2536,1,19,5,Ahsan Bhatti,Sunzamul Islam,caught
2536,2,0,6,Sabbir Hossain,Ariful Haque,caught
2536,2,1,6,Jishan Alam,Ariful Haque,caught
2536,2,2,5,Anamul Haque,Zakir Hasan,caught
2536,2,3,6,Yasir Ali Chowdhury,K Alleyne,caught
2536,2,14,2,Akbar Ali,Ruyel Miah,caught
2537,1,1,4,SR Taylor,,bowled
2537,1,3,3,Saif Hassan,Mohammad Mithun,caught
2537,1,5,6,Soumya Sarkar,Mohammad Mithun,run out
2537,1,11,2,Nurul Hasan,Haider Ali,caught
2537,1,12,2,Irfan Sukkur,,lbw
2537,2,3,3,BKEL Milantha,Nurul Hasan,caught
2537,2,5,4,G Clark,,bowled
2537,2,9,7,Mohammad Mithun,,bowled
2537,2,15,4,Parvez Hossain Emon,,caught and bowled
2537,2,16,3,Shamim Hossain,Saif Hassan,run out
2538,1,2,1,Liton Das,,bowled
2538,1,2,5,Riaz Hassan,,lbw
2538,1,5,1,Tanzid Hasan,JK Fuller,caught
2538,1,7,2,Sabbir Rahman,Towhid Hridoy,caught
2538,1,8,6,Mosaddek Hossain,Mushfiqur Rahim,stumped
2538,1,10,1,JP Kotze,Mushfiqur Rahim,stumped
2538,1,10,3,Nazmul Islam,,lbw
2538,1,12,6,RR Beaton,,bowled
2538,1,14,2,Mustafizur Rahman,Mushfiqur Rahim,caught
2538,1,15,3,NLTC Perera,Mushfiqur Rahim,caught
2538,2,2,2,Towhid Hridoy,JP Kotze,caught
2539,1,3,5,Mehedi Hasan Miraz,Akif Javed,caught
2539,1,7,2,AI Ross,Mahedi Hasan,run out
2539,1,14,5,WG Bosisto,Mohammad Saifuddin,caught
2539,1,19,4,Mahidul Islam Ankon,Soumya Sarkar,caught
2539,2,1,5,Towfiq Khan,,lbw
2539,2,4,6,Saif Hassan,Mohammad Nawaz,run out
2539,2,8,4,Iftikhar Ahmed,Mohammad Naim,caught
2539,2,12,3,Mahedi Hasan,Mehedi Hasan Miraz,caught
2539,2,12,5,Nurul Hasan,Mohammad Naim,caught
2539,2,16,5,Mohammad Saifuddin,Mohammad Naim,caught
2539,2,16,6,Azizul Hakim,Abu Hider,caught
2539,2,18,3,Rakibul Hasan,Mahidul Islam Ankon,run out
2539,2,19,2,Soumya Sarkar,,bowled
2540,1,0,6,Parvez Hossain Emon,,lbw
2540,1,2,3,G Clark,Aaron Jones,caught
2540,1,10,4,Khawaja Nafay,Sajjadul Haque,caught
2540,1,12,6,Haider Ali,Zawad Abrar,caught
2540,1,13,6,Mohammad Mithun,Aaron Jones,caught
2540,1,14,5,Rahatul Ferdous,Aaron Jones,caught
2540,1,19,5,Shamim Hossain,Samiullah Shenwari,caught
2540,1,19,6,Shoriful Islam,Zawad Abrar,caught
2540,2,1,3,Zawad Abrar,,bowled
2540,2,4,6,Zakir Hasan,,caught and bowled
2540,2,5,1,Rony Talukdar,,bowled
2540,2,8,2,Aaron Jones,Shamim Hossain,caught
2540,2,10,6,Nahidul Islam,Shoriful Islam,caught
2540,2,12,2,Jaker Ali,Khawaja Nafay,caught
2540,2,12,4,Tanzim Hasan Sakib,Mohammad Mithun,caught
2540,2,14,2,Ariful Haque,Haider Ali,caught
2540,2,14,3,Ruyel Miah,Rahatul Ferdous,caught
2540,2,15,2,Sumon Khan,Shoriful Islam,run out
