MATCHID,INNINGSNO,OVERNO,BALL_NO,PLAYEROUT,FIELDER,OUTTYPE
2541,1,2,4,Liton Das,Musfik Hasan,caught
2541,1,5,2,Habibur Rahman,Mahidul Islam Ankon,caught
2541,1,12,1,Farmanullah,Ziaur Rahman,caught
2541,1,12,6,Tanzid Hasan,Ziaur Rahman,caught
2541,1,13,3,NLTC Perera,Mohammad Nawaz,caught
2541,1,15,6,Riaz Hassan,Mehedi Hasan Miraz,caught
2541,1,16,3,Rahmat Ali,Mahidul Islam Ankon,caught
2541,1,18,7,Sabbir Rahman,Nasum Ahmed,caught
2541,1,19,1,Mehedi Hasan Rana,,caught and bowled
2541,2,0,7,Mohammad Naim,Habibur Rahman,caught
2541,2,2,5,Afif Hossain,Rahmat Ali,caught
2541,2,9,5,AI Ross,Sabbir Rahman,caught
2541,2,15,6,WG Bosisto,Liton Das,caught
2542,1,6,5,Khawaja Nafay,Towhid Hridoy,caught
2542,1,12,6,Parvez Hossain Emon,JK Fuller,caught
2542,1,13,6,G Clark,,bowled
2542,1,16,5,Mohammad Mithun,Tamim Iqbal,caught
2542,2,0,6,Tamim Iqbal,Khawaja Nafay,caught
2542,2,4,3,Towhid Hridoy,Al Islam,caught
2542,2,9,4,Mushfiqur Rahim,,caught and bowled
2542,2,13,6,DJ Malan,G Clark,caught
2542,2,14,4,Mohammad Nabi,Shamim Hossain,caught
2542,2,17,4,Rishad Hossain,Shamim Hossain,run out
2542,2,19,4,JK Fuller,Shoriful Islam,caught
2543,1,0,2,Soumya Sarkar,Mehedi Hasan Miraz,run out
2543,1,1,6,JM Vince,,caught and bowled
2543,1,3,2,Mahedi Hasan,,bowled
2543,1,4,4,Saif Hassan,Mohammad Nawaz,caught
2543,1,5,2,Mohammad Saifuddin,,lbw
2543,1,8,2,TH David,SO Hetmyer,caught
2543,1,11,4,AD Russell,,bowled
2543,1,12,1,Rakibul Hasan,,lbw
2543,1,12,3,Nurul Hasan,,lbw
2543,1,16,5,Akif Javed,Hasan Mahmud,caught
2543,2,0,5,Mehedi Hasan Miraz,,bowled
2544,1,0,2,Khawaja Nafay,,bowled
2544,1,2,1,G Clark,DJ Malan,caught
2544,1,3,3,Mohammad Mithun,Towhid Hridoy,caught
2544,1,5,3,Haider Ali,,bowled
2544,1,13,5,Parvez Hossain Emon,,caught and bowled
2544,1,18,1,Khaled Ahmed,,bowled
2544,1,18,3,Shamim Hossain,Ebadat Hossain,caught
2544,1,18,5,Arafat Sunny,,caught and bowled
2544,1,18,6,Al Islam,,bowled
2544,2,8,4,Tamim Iqbal,Khawaja Nafay,caught
2545,1,2,2,Mehedi Hasan Miraz,,bowled
2545,1,3,2,AI Ross,,caught and bowled
2545,1,7,1,Mohammad Naim,,bowled
2545,1,8,5,Afif Hossain,Shamim Hossain,caught
2545,1,17,1,Mahidul Islam Ankon,Shamim Hossain,caught
2545,1,18,7,SO Hetmyer,Shoriful Islam,caught
2545,2,1,6,Parvez Hossain Emon,Mohammad Nawaz,caught
2545,2,4,1,G Clark,,bowled
2545,2,12,1,Hussain Talat,AI Ross,caught
2545,2,14,1,Shamim Hossain,Hasan Mahmud,caught
2545,2,15,1,Khawaja Nafay,,bowled
2545,2,15,3,Khaled Ahmed,Mehedi Hasan Miraz,caught
2545,2,16,7,Mohammad Mithun,Afif Hossain,caught
2545,2,19,5,Shoriful Islam,JO Holder,caught
2546,1,12,4,Khawaja Nafay,Mushfiqur Rahim,caught
2546,1,19,2,G Clark,Mushfiqur Rahim,run out
2546,1,19,4,Shamim Hossain,Towhid Hridoy,caught
2546,2,8,1,Tamim Iqbal,Khaled Ahmed,caught
2546,2,8,4,DJ Malan,,lbw
2546,2,10,2,Towhid Hridoy,Arafat Sunny,caught
2546,2,12,4,Mushfiqur Rahim,Khawaja Nafay,caught
2546,2,17,3,KR Mayers,Marshall Ayub,caught
2546,2,17,5,Mahmudullah,Mohammad Mithun,caught
2546,2,18,6,Mohammad Nabi,Khaled Ahmed,caught